signal_id,date_detection_utc,date_publication,territoire,zone,theme,titre,source,url,resume,requete,statut_qualification,est_nouveau
99672617394d3101b0c1,2026-08-31T11:46:15Z,2026-08-29,06,Nice,Nice,IMA Group : IMA NICE — nous constituons l'équipe d'ouverture IMA - L'Hôtellerie Restauration,L'Hôtellerie Restauration,https://news.google.com/rss/articles/CBMiqAFBVV95cUxNNUFTZzlLT2pvQk05NHYxM1dnRlRCcUptcE8xZF9QZmRvSlUzRTM3MC11VVpuMGx0YXdOZWNLVW9IRl85ZkU4TTBZRnk1eW1qT2FoYWYwSWtJZkdoVU5oWE1SMjlxU2FkcmtPSVRaSUtnazZ4c3lJeklDOFdQUk9HQlNzOFhVdFBJakd6aF9kcGE1ZW5WRnlFdmpUbEhhVFJXQ3l1dVpZN0c?oc=5,"<a href=""https://news.google.com/rss/articles/CBMiqAFBVV95cUxNNUFTZzlLT2pvQk05NHYxM1dnRlRCcUptcE8xZF9QZmRvSlUzRTM3MC11VVpuMGx0YXdOZWNLVW9IRl85ZkU4TTBZRnk1eW1qT2FoYWYwSWtJZkdoVU5oWE1SMjlxU2FkcmtPSVRaSUtnazZ4c3lJeklDOFdQUk9HQlNzOFhVdFBJakd6aF9kcGE1ZW5WRnlFdmpUbEhhVFJXQ3l1dVpZN0c?oc=5"" target=""_blank"">IMA Group : IMA NICE — nous constituons l'équipe d'ouverture IMA</a>&nbsp;&nbsp;<font color=""#6f6f6f"">L'Hôtellerie Restauration</font>","""ouverture"" restaurant OR bar OR rooftop Nice",À qualifier,True
a637207d33669888556f,2026-08-31T11:46:15Z,2026-08-28,83,Hyères,Hyères,Desserte des deux sites du lycée professionnel à Hyères : le Réseau Mistral adapte son offre de transport - Nice-Matin,Nice-Matin,https://news.google.com/rss/articles/CBMi7gFBVV95cUxOYWsxY0ZXVWJyQUdlM2VGdEd6c180RzlOOHc0TjhZeENCS0lRSllkWUJqUVRVSUcwa2NFNjROaDQ4SEVNWGFTNXZiVG1PYk1QcS1IZV9pMXRLZmM4eXJfUllVWEVtSW1QQS1SNENaRTJyV2NFaWZ6WlJzTThCSXE3VUd6MnZqTFJ0NnVucS1zZFN1NjNEOVVfeW83NHg5ZE5oYVVYeFpKd0dyN3pndlZ5QkZYRmNOdk1aZG1XOF95d0UtZ2F6QWlaWU5nVFRwYllxT2VRR1FSR0NBQVRYemtSYTBuQjFYdkxsMkhDNmx3?oc=5,"<a href=""https://news.google.com/rss/articles/CBMi7gFBVV95cUxOYWsxY0ZXVWJyQUdlM2VGdEd6c180RzlOOHc0TjhZeENCS0lRSllkWUJqUVRVSUcwa2NFNjROaDQ4SEVNWGFTNXZiVG1PYk1QcS1IZV9pMXRLZmM4eXJfUllVWEVtSW1QQS1SNENaRTJyV2NFaWZ6WlJzTThCSXE3VUd6MnZqTFJ0NnVucS1zZFN1NjNEOVVfeW83NHg5ZE5oYVVYeFpKd0dyN3pndlZ5QkZYRmNOdk1aZG1XOF95d0UtZ2F6QWlaWU5nVFRwYllxT2VRR1FSR0NBQVRYemtSYTBuQjFYdkxsMkhDNmx3?oc=5"" target=""_blank"">Desserte des deux sites du lycée professionnel à Hyères : le Réseau Mistral adapte son offre de transport</a>&nbsp;&nbsp;<font color=""#6f6f6f"">Nice-Matin</font>","""ouverture"" restaurant OR plage OR hôtel Hyères",À qualifier,True
5363100394d775306d39,2026-08-31T11:46:15Z,2026-08-27,83,Hyères,Hyères,"Double rentrée, nouvel établissement pas encore prêt : Christophe Garrione, nouveau proviseur du lycée professionnel du Golf Hôtel à Hyères fait le point avant le retour des élèves - Nice-Matin",Nice-Matin,https://news.google.com/rss/articles/CBMizgJBVV95cUxPd3pBdUJzcWdLaEVYNHNSLW1ramEtMHZNVTNGMnFmQk5tdUZPRHhEc25nYnFEdVdfNUprTjZfUTVfVWdDREdWX1BMYzNtU3owZmxhTGhLZGlYa0R6YlliRjVRRElQSnhFcl9wMGZHY3VfVzJoWTlHZER4aGd5SmRxSm1FM1c4SVZ0OFNLd3d0UUVrWG9rUTIybm13b0RGSjZwOUo0bmZHdjlkenV1dXhRNGQzS0xCRnBtNldpX1hQN1lQWVVtYS1IOGo0Z294dnZKM09xZXBLYTBoMURCREtnY0hkUzM2Tk9CT0JFMEdENTFtMTFITUlGbHZaRlNWanZOS3lGR1QyUVpFU3ppR1AwSHotNWctYXpMUGp0bUNuLVlJUWJYd1JtRkFCNTF3V09fVFYwWUt3dWFQXzNoN0o0SWFMckVOaVN1WFZJSUdn?oc=5,"<a href=""https://news.google.com/rss/articles/CBMizgJBVV95cUxPd3pBdUJzcWdLaEVYNHNSLW1ramEtMHZNVTNGMnFmQk5tdUZPRHhEc25nYnFEdVdfNUprTjZfUTVfVWdDREdWX1BMYzNtU3owZmxhTGhLZGlYa0R6YlliRjVRRElQSnhFcl9wMGZHY3VfVzJoWTlHZER4aGd5SmRxSm1FM1c4SVZ0OFNLd3d0UUVrWG9rUTIybm13b0RGSjZwOUo0bmZHdjlkenV1dXhRNGQzS0xCRnBtNldpX1hQN1lQWVVtYS1IOGo0Z294dnZKM09xZXBLYTBoMURCREtnY0hkUzM2Tk9CT0JFMEdENTFtMTFITUlGbHZaRlNWanZOS3lGR1QyUVpFU3ppR1AwSHotNWctYXpMUGp0bUNuLVlJUWJYd1JtRkFCNTF3V09fVFYwWUt3dWFQXzNoN0o0SWFMckVOaVN1WFZJSUdn?oc=5"" target=""_blank"">Double rentrée, nouvel établissement pas encore prêt : Christophe Garrione, nouveau proviseur du lycée professionnel du Golf Hôtel à Hyères fait le point avant le retour des élèves</a>&nbsp;&nbsp;<font color=""#6f6f6f"">Nice-Matin</font>","""ouverture"" restaurant OR plage OR hôtel Hyères",À qualifier,True
face4577b772f2a18ab0,2026-08-31T11:46:15Z,2026-08-22,06,Nice,Nice,"Fuzu Nice, ""notre restaurant japan fusion le plus ambitieux à ce jour"" - Tribuca.net",Tribuca.net,https://news.google.com/rss/articles/CBMikgFBVV95cUxNVWJ0TXhac2RFYThWNjA4V1pLYTItRmpBTEFHTjd0dl9IRXZyQTBieUhIcndRd1JCQXhpcnlSVHRLTWI5RTluS2NlSTBiSlIxUzk0NmJ1bWhtblE0RUo4V3dVUzdTVmJYMUdTcXBaRmMwbG9yWWt2aGtNQzVfV0praWNMdlRZMzRwLVhtLVFqdzFSZw?oc=5,"<a href=""https://news.google.com/rss/articles/CBMikgFBVV95cUxNVWJ0TXhac2RFYThWNjA4V1pLYTItRmpBTEFHTjd0dl9IRXZyQTBieUhIcndRd1JCQXhpcnlSVHRLTWI5RTluS2NlSTBiSlIxUzk0NmJ1bWhtblE0RUo4V3dVUzdTVmJYMUdTcXBaRmMwbG9yWWt2aGtNQzVfV0praWNMdlRZMzRwLVhtLVFqdzFSZw?oc=5"" target=""_blank"">Fuzu Nice, ""notre restaurant japan fusion le plus ambitieux à ce jour""</a>&nbsp;&nbsp;<font color=""#6f6f6f"">Tribuca.net</font>","""ouverture"" restaurant OR bar OR rooftop Nice",À qualifier,True
1bb4268763ed18975ba9,2026-08-31T11:46:15Z,2026-08-22,83,Saint-Tropez,Saint-Tropez,Quels sont les plages rouvertes et celles encore fermées ce weekend suite au orages dans la région PACA ? - frequence-sud.fr,frequence-sud.fr,https://news.google.com/rss/articles/CBMi8AFBVV95cUxORy1ocFYxVExKN2E2dEFIZ3MwT1ZRcFRLWTBLY3FjOFpHYzZUMUlYUlZIODVIWEFPNGF5VGVqRmJRN3VhaVZCUFpIazNxY0V1TTkxTGtPSEREbm5RczJ5ZG9KeVZ3cExZa0Nmc296bkphaldvQk9KdUd2eG1mT0dwVE1DWXltOFZkbzIySUs5N3dFRmRzdTNubk9RUndkR2dla0I2Qm9wUUp6WFdCWjhPUTBuZEtSOHlZVXdLMGtSYi1TeU4wYkxTSDBGd2ZuMU9aaDJOVDVVSExWT3kzS3A1cXQ2WDRldlNlTENJcTV3TDQ?oc=5,"<a href=""https://news.google.com/rss/articles/CBMi8AFBVV95cUxORy1ocFYxVExKN2E2dEFIZ3MwT1ZRcFRLWTBLY3FjOFpHYzZUMUlYUlZIODVIWEFPNGF5VGVqRmJRN3VhaVZCUFpIazNxY0V1TTkxTGtPSEREbm5RczJ5ZG9KeVZ3cExZa0Nmc296bkphaldvQk9KdUd2eG1mT0dwVE1DWXltOFZkbzIySUs5N3dFRmRzdTNubk9RUndkR2dla0I2Qm9wUUp6WFdCWjhPUTBuZEtSOHlZVXdLMGtSYi1TeU4wYkxTSDBGd2ZuMU9aaDJOVDVVSExWT3kzS3A1cXQ2WDRldlNlTENJcTV3TDQ?oc=5"" target=""_blank"">Quels sont les plages rouvertes et celles encore fermées ce weekend suite au orages dans la région PACA ?</a>&nbsp;&nbsp;<font color=""#6f6f6f"">frequence-sud.fr</font>","""ouverture"" restaurant OR plage OR hôtel Saint-Tropez",À qualifier,False
2f556db8a8c3bdcf54fb,2026-08-31T11:46:15Z,2026-08-21,06,Nice,Nice,"Homard, truffe, foie gras, fruits de mer… Un restaurant semi-gastronomique à volonté ouvre ses portes ce samedi à Nice - Nice-Matin",Nice-Matin,https://news.google.com/rss/articles/CBMi_gFBVV95cUxOTmpVQlFEMEJESDF3MFc2NWthckpmTTVaQ2RaWGhpdFNLNmY2cWZkLTZTUHItR0U2VGNYNkNmXy00VFRFSHR3dFFiSUt3NXFfWmJQTFNnMUp4VjRmS2hkNmhaUU1vcVpuYkFQSTdFUXdEbzBGMVcxLW1ZZUY0dTdwTFFVVUg0TzhyVHA0S25kZm5iMWV4OVREQ1VTSjV5Y0ViXy1SdGhsM2MwcWRaZHpqeDNpeksyalhfT2dYWDFwclotNno2TFBNakkzUlN3QVJYM2pOUVdBeXBLUmd1dGhuU3BxNFpaTDRjTloxaXlsUlpMdnhTWkZSSEJCekdSdw?oc=5,"<a href=""https://news.google.com/rss/articles/CBMi_gFBVV95cUxOTmpVQlFEMEJESDF3MFc2NWthckpmTTVaQ2RaWGhpdFNLNmY2cWZkLTZTUHItR0U2VGNYNkNmXy00VFRFSHR3dFFiSUt3NXFfWmJQTFNnMUp4VjRmS2hkNmhaUU1vcVpuYkFQSTdFUXdEbzBGMVcxLW1ZZUY0dTdwTFFVVUg0TzhyVHA0S25kZm5iMWV4OVREQ1VTSjV5Y0ViXy1SdGhsM2MwcWRaZHpqeDNpeksyalhfT2dYWDFwclotNno2TFBNakkzUlN3QVJYM2pOUVdBeXBLUmd1dGhuU3BxNFpaTDRjTloxaXlsUlpMdnhTWkZSSEJCekdSdw?oc=5"" target=""_blank"">Homard, truffe, foie gras, fruits de mer… Un restaurant semi-gastronomique à volonté ouvre ses portes ce samedi à Nice</a>&nbsp;&nbsp;<font color=""#6f6f6f"">Nice-Matin</font>","""ouverture"" restaurant OR bar OR rooftop Nice",À qualifier,False
5256129568e556d98bc1,2026-08-31T11:46:15Z,2026-08-21,83,Hyères,Hyères,Une rentrée en deux temps pour les élèves du futur lycée professionnel de Hyères - Nice-Matin,Nice-Matin,https://news.google.com/rss/articles/CBMizwFBVV95cUxOWGNhQW9PbmMzVzNtZXA3NUdzSTdqQmk1cEhWWU9iX3dkTVlKd1VMeE9ZQjhQTmYwbmxCbnBoZWtiY0IxWTZ3U1QyMWIzMnk2U19zOGloZUdreExlQXBVRmJ4dHBDeGY4NUY0N1JKcGd3b1BzV2FGcFdpaGVwMUEyb0ltMW0wZFNWVE1ZNW9DZS03OHB1MVhudFhCNmxDMlRXeUV2R1o3WEREYmNMMFdITzgzY2hKUkFnQ2xkNFlvOF9kTFRiOFdOYVl6WXU1RWc?oc=5,"<a href=""https://news.google.com/rss/articles/CBMizwFBVV95cUxOWGNhQW9PbmMzVzNtZXA3NUdzSTdqQmk1cEhWWU9iX3dkTVlKd1VMeE9ZQjhQTmYwbmxCbnBoZWtiY0IxWTZ3U1QyMWIzMnk2U19zOGloZUdreExlQXBVRmJ4dHBDeGY4NUY0N1JKcGd3b1BzV2FGcFdpaGVwMUEyb0ltMW0wZFNWVE1ZNW9DZS03OHB1MVhudFhCNmxDMlRXeUV2R1o3WEREYmNMMFdITzgzY2hKUkFnQ2xkNFlvOF9kTFRiOFdOYVl6WXU1RWc?oc=5"" target=""_blank"">Une rentrée en deux temps pour les élèves du futur lycée professionnel de Hyères</a>&nbsp;&nbsp;<font color=""#6f6f6f"">Nice-Matin</font>","""ouverture"" restaurant OR plage OR hôtel Hyères",À qualifier,True
a05bce7bbb3841f00575,2026-08-24T06:04:16Z,2026-08-21,83,Hyères,Hyères,Sites de baignade : réouverture - Ville d'Hyères les Palmiers,Ville d'Hyères les Palmiers,https://news.google.com/rss/articles/CBMiVkFVX3lxTE1fWjJFV1h4cElVUjJLVUlSM2dsYTZZOTVXcl80SlJBeDd0c1U4WGQ4RmxoZUg0bjJDSlZUa0tjdGtzNG13WG9namx4WDkwRUpESHZCV0hn?oc=5,"<a href=""https://news.google.com/rss/articles/CBMiVkFVX3lxTE1fWjJFV1h4cElVUjJLVUlSM2dsYTZZOTVXcl80SlJBeDd0c1U4WGQ4RmxoZUg0bjJDSlZUa0tjdGtzNG13WG9namx4WDkwRUpESHZCV0hn?oc=5"" target=""_blank"">Sites de baignade : réouverture</a>&nbsp;&nbsp;<font color=""#6f6f6f"">Ville d'Hyères les Palmiers</font>","""ouverture"" restaurant OR plage OR hôtel Hyères",À qualifier,False
bb9d7fbe8fd617d640bb,2026-08-31T11:46:15Z,2026-08-20,06,Nice,Nice,Dubble fête ses 20 ans avec une ouverture record à Nice - Presse Agence,Presse Agence,https://news.google.com/rss/articles/CBMiqAFBVV95cUxPN3RQcV9xZVpybHRyWWxnZDhNVUFOUW5MYXprM2RZVDVxdWFEd2o1cnVxdXduMHYzRVB1Ym8wTVpBMm9uZDlnNjJ5NVEta0NKVEVVMWlTeDRyRVJlUk8yalFKTURyRTdwalZ4YW9lSlQ2Z2Nmam1rQ2p3RWpwaEJmX0xycmh1T3Eybk9WZUw5d1NVMGxSY1RONXBzVXZyWFhUUnhnTWpLNEw?oc=5,"<a href=""https://news.google.com/rss/articles/CBMiqAFBVV95cUxPN3RQcV9xZVpybHRyWWxnZDhNVUFOUW5MYXprM2RZVDVxdWFEd2o1cnVxdXduMHYzRVB1Ym8wTVpBMm9uZDlnNjJ5NVEta0NKVEVVMWlTeDRyRVJlUk8yalFKTURyRTdwalZ4YW9lSlQ2Z2Nmam1rQ2p3RWpwaEJmX0xycmh1T3Eybk9WZUw5d1NVMGxSY1RONXBzVXZyWFhUUnhnTWpLNEw?oc=5"" target=""_blank"">Dubble fête ses 20 ans avec une ouverture record à Nice</a>&nbsp;&nbsp;<font color=""#6f6f6f"">Presse Agence</font>","""ouverture"" restaurant OR bar OR rooftop Nice",À qualifier,False
a299899367f18511e28f,2026-08-31T11:46:15Z,2026-08-16,06,Alpes-Maritimes,CHR général,Un restaurant japonais ouvre à Nice avec une formule à volonté très haut de gamme - Actu.fr,Actu.fr,https://news.google.com/rss/articles/CBMi4AFBVV95cUxQZ0NqT1dSS0JEdElaNVlrUHdUcEc3ekJXdEREN3liVjFKaDlySzhBVlNJb0RHeF8xUmNvWE44bi1zR2NrM2lXVXVic0h3RFd6VkNsdkIzSUduTVFWenhaM2xQYW56UDkzZU9xN210MGhPRHFia01tSVpISzJGMDJ6YnhvTmdhc2hrQ2x1cDJXSlp1ellaSEdxUGxyVmJ1TFp4QlA5Q1VSWXBkODI5ZDRKSFhyYjYxTnMtek9VUENJQlM3NEp2MFJ0ZDAxbk9LaWpESlBFV3hqbDc4THFwTVBLSA?oc=5,"<a href=""https://news.google.com/rss/articles/CBMi4AFBVV95cUxQZ0NqT1dSS0JEdElaNVlrUHdUcEc3ekJXdEREN3liVjFKaDlySzhBVlNJb0RHeF8xUmNvWE44bi1zR2NrM2lXVXVic0h3RFd6VkNsdkIzSUduTVFWenhaM2xQYW56UDkzZU9xN210MGhPRHFia01tSVpISzJGMDJ6YnhvTmdhc2hrQ2x1cDJXSlp1ellaSEdxUGxyVmJ1TFp4QlA5Q1VSWXBkODI5ZDRKSFhyYjYxTnMtek9VUENJQlM3NEp2MFJ0ZDAxbk9LaWpESlBFV3hqbDc4THFwTVBLSA?oc=5"" target=""_blank"">Un restaurant japonais ouvre à Nice avec une formule à volonté très haut de gamme</a>&nbsp;&nbsp;<font color=""#6f6f6f"">Actu.fr</font>","""ouverture"" restaurant OR hôtel OR bar Alpes-Maritimes",À qualifier,False
1693ef1a7c26e8b7db35,2026-08-17T06:00:55Z,2026-08-16,06,Nice,Nice,Un restaurant japonais ouvre à Nice avec une formule à volonté très haut de gamme - actu.fr,actu.fr,https://news.google.com/rss/articles/CBMi4AFBVV95cUxQZ0NqT1dSS0JEdElaNVlrUHdUcEc3ekJXdEREN3liVjFKaDlySzhBVlNJb0RHeF8xUmNvWE44bi1zR2NrM2lXVXVic0h3RFd6VkNsdkIzSUduTVFWenhaM2xQYW56UDkzZU9xN210MGhPRHFia01tSVpISzJGMDJ6YnhvTmdhc2hrQ2x1cDJXSlp1ellaSEdxUGxyVmJ1TFp4QlA5Q1VSWXBkODI5ZDRKSFhyYjYxTnMtek9VUENJQlM3NEp2MFJ0ZDAxbk9LaWpESlBFV3hqbDc4THFwTVBLSA?oc=5,"<a href=""https://news.google.com/rss/articles/CBMi4AFBVV95cUxQZ0NqT1dSS0JEdElaNVlrUHdUcEc3ekJXdEREN3liVjFKaDlySzhBVlNJb0RHeF8xUmNvWE44bi1zR2NrM2lXVXVic0h3RFd6VkNsdkIzSUduTVFWenhaM2xQYW56UDkzZU9xN210MGhPRHFia01tSVpISzJGMDJ6YnhvTmdhc2hrQ2x1cDJXSlp1ellaSEdxUGxyVmJ1TFp4QlA5Q1VSWXBkODI5ZDRKSFhyYjYxTnMtek9VUENJQlM3NEp2MFJ0ZDAxbk9LaWpESlBFV3hqbDc4THFwTVBLSA?oc=5"" target=""_blank"">Un restaurant japonais ouvre à Nice avec une formule à volonté très haut de gamme</a>&nbsp;&nbsp;<font color=""#6f6f6f"">actu.fr</font>","""ouverture"" restaurant OR bar OR rooftop Nice",À qualifier,False
a7e7ef1ef9003cb32032,2026-08-31T11:46:15Z,2026-08-11,06,Nice,Nice,Un restaurant Fuzu ouvre près de Jean-Médecin à Nice - Tribuca.net,Tribuca.net,https://news.google.com/rss/articles/CBMifkFVX3lxTE4xcGl1bzFiaW5FTWthWWM5ZEdTOEMzN2g0SmNQUXJPNFhmOGFJMWxrZnZsX21FaVh0LWY1NlNMSDI5ZE9URWdRajBWemFwRGFKUEJ4LTFGWVNJTVpWT0ZOMGhVZHVuSExRM3JZMzVlUHk2THZFUXVCb1NybUpPUQ?oc=5,"<a href=""https://news.google.com/rss/articles/CBMifkFVX3lxTE4xcGl1bzFiaW5FTWthWWM5ZEdTOEMzN2g0SmNQUXJPNFhmOGFJMWxrZnZsX21FaVh0LWY1NlNMSDI5ZE9URWdRajBWemFwRGFKUEJ4LTFGWVNJTVpWT0ZOMGhVZHVuSExRM3JZMzVlUHk2THZFUXVCb1NybUpPUQ?oc=5"" target=""_blank"">Un restaurant Fuzu ouvre près de Jean-Médecin à Nice</a>&nbsp;&nbsp;<font color=""#6f6f6f"">Tribuca.net</font>","""ouverture"" restaurant OR bar OR rooftop Nice",À qualifier,False
105993c61cfab34b53ea,2026-08-31T11:46:15Z,2026-08-11,06,Nice,Nice,Fuzu poursuit son expansion et ouvre à Nice son plus grand restaurant de France - Le Journal des Entreprises,Le Journal des Entreprises,https://news.google.com/rss/articles/CBMizgFBVV95cUxNSXNHSFRleHN4Y0hoMlpSaW9hdWU1dDR2SFd5T3JLUXVKdHdsY3pCMy1raUhEOHRCMVdxQXJYS1hNclJoRm5ZZDZwS1NYTE5QMzdSSlI0VGUxTGFhYzk1ZERZTUlSWVA5bjBPeHlqdW1uSmMtT05fc1ROZ01Ra0FUTkpQM2V6S1ZlV3lnMHJWS3B1eS1LSkQzSU10TmRvay1ybVNCemhJcG9vMXptREhoeWhNSUlpdWN6VW43R2pHWGlhbTJDZmVIWC16YnZ1Zw?oc=5,"<a href=""https://news.google.com/rss/articles/CBMizgFBVV95cUxNSXNHSFRleHN4Y0hoMlpSaW9hdWU1dDR2SFd5T3JLUXVKdHdsY3pCMy1raUhEOHRCMVdxQXJYS1hNclJoRm5ZZDZwS1NYTE5QMzdSSlI0VGUxTGFhYzk1ZERZTUlSWVA5bjBPeHlqdW1uSmMtT05fc1ROZ01Ra0FUTkpQM2V6S1ZlV3lnMHJWS3B1eS1LSkQzSU10TmRvay1ybVNCemhJcG9vMXptREhoeWhNSUlpdWN6VW43R2pHWGlhbTJDZmVIWC16YnZ1Zw?oc=5"" target=""_blank"">Fuzu poursuit son expansion et ouvre à Nice son plus grand restaurant de France</a>&nbsp;&nbsp;<font color=""#6f6f6f"">Le Journal des Entreprises</font>","""ouverture"" restaurant OR bar OR rooftop Nice",À qualifier,False
3c1017e920839a6f3d36,2026-08-31T11:46:15Z,2026-08-07,06,Alpes-Maritimes,CHR général,"Le restaurant star du poulet braisé halal, Master Poulet, ouvre un établissement à Nice - Actu.fr",Actu.fr,https://news.google.com/rss/articles/CBMi6AFBVV95cUxQVUJwUkY2amZKZHRzRHNQcHFOMXlvWU5RUWU1M29TRHRKeDlUZDY2V1FaR2hvSG5pWmpvdEZCT0kxTDgxUUdxUUt3d2xkWEZFbFptUkVLakh6bnpyZFBaN2x1RmoweDdHb1MzYjZmbzdla0Y1ZXJuS19Od2dCSnVYLWtSNjN6aDRETDFLMThKMlNhcVJTX21WWnU2M1NtQ250cURXU1lvc21aQlBKdlJvbmxUS0FCQXoyUDdnQ3RSMGllVXpxbTFuMnoxZ0VxN0pDTlVwcHV2RS0xaUZLYkdDVUViRko2UlFW?oc=5,"<a href=""https://news.google.com/rss/articles/CBMi6AFBVV95cUxQVUJwUkY2amZKZHRzRHNQcHFOMXlvWU5RUWU1M29TRHRKeDlUZDY2V1FaR2hvSG5pWmpvdEZCT0kxTDgxUUdxUUt3d2xkWEZFbFptUkVLakh6bnpyZFBaN2x1RmoweDdHb1MzYjZmbzdla0Y1ZXJuS19Od2dCSnVYLWtSNjN6aDRETDFLMThKMlNhcVJTX21WWnU2M1NtQ250cURXU1lvc21aQlBKdlJvbmxUS0FCQXoyUDdnQ3RSMGllVXpxbTFuMnoxZ0VxN0pDTlVwcHV2RS0xaUZLYkdDVUViRko2UlFW?oc=5"" target=""_blank"">Le restaurant star du poulet braisé halal, Master Poulet, ouvre un établissement à Nice</a>&nbsp;&nbsp;<font color=""#6f6f6f"">Actu.fr</font>","""ouverture"" restaurant OR hôtel OR bar Alpes-Maritimes",À qualifier,False
d4891e3ed62846e1ae49,2026-08-17T06:00:55Z,2026-08-07,06,Alpes-Maritimes,CHR général,"Le restaurant star du poulet braisé halal, Master Poulet, ouvre un établissement à Nice - actu.fr",actu.fr,https://news.google.com/rss/articles/CBMi6AFBVV95cUxQVUJwUkY2amZKZHRzRHNQcHFOMXlvWU5RUWU1M29TRHRKeDlUZDY2V1FaR2hvSG5pWmpvdEZCT0kxTDgxUUdxUUt3d2xkWEZFbFptUkVLakh6bnpyZFBaN2x1RmoweDdHb1MzYjZmbzdla0Y1ZXJuS19Od2dCSnVYLWtSNjN6aDRETDFLMThKMlNhcVJTX21WWnU2M1NtQ250cURXU1lvc21aQlBKdlJvbmxUS0FCQXoyUDdnQ3RSMGllVXpxbTFuMnoxZ0VxN0pDTlVwcHV2RS0xaUZLYkdDVUViRko2UlFW?oc=5,"<a href=""https://news.google.com/rss/articles/CBMi6AFBVV95cUxQVUJwUkY2amZKZHRzRHNQcHFOMXlvWU5RUWU1M29TRHRKeDlUZDY2V1FaR2hvSG5pWmpvdEZCT0kxTDgxUUdxUUt3d2xkWEZFbFptUkVLakh6bnpyZFBaN2x1RmoweDdHb1MzYjZmbzdla0Y1ZXJuS19Od2dCSnVYLWtSNjN6aDRETDFLMThKMlNhcVJTX21WWnU2M1NtQ250cURXU1lvc21aQlBKdlJvbmxUS0FCQXoyUDdnQ3RSMGllVXpxbTFuMnoxZ0VxN0pDTlVwcHV2RS0xaUZLYkdDVUViRko2UlFW?oc=5"" target=""_blank"">Le restaurant star du poulet braisé halal, Master Poulet, ouvre un établissement à Nice</a>&nbsp;&nbsp;<font color=""#6f6f6f"">actu.fr</font>","""ouverture"" restaurant OR hôtel OR bar Alpes-Maritimes",À qualifier,False
af1efd4e88e0feab7e4b,2026-08-31T11:46:15Z,2026-08-04,06,Menton,Menton,Menton par Mauro Colagreco : les adresses secrètes du chef du Mirazur - Michelin Guide,Michelin Guide,https://news.google.com/rss/articles/CBMipgFBVV95cUxOd0hQbUw2WWxweGxZeEJFcnVaMG1BT1U0c0FLTnJZODJPNkxiN2gwWHdLdWZRQ2xNMjU5M2FLa2hRS1liZ2xxVjBYVVRxdmNTeDVBTUk4Zl82Z3dSOTlFOUtmTnVDYnc3TVlRb3VNUml2QW1DcnRqQlZxVFFqSnZIVnZ0djZVQTFUYmE4YjBjdjl2cUZXNmRYaGxlTU9qNEs0TjJ4QVB3?oc=5,"<a href=""https://news.google.com/rss/articles/CBMipgFBVV95cUxOd0hQbUw2WWxweGxZeEJFcnVaMG1BT1U0c0FLTnJZODJPNkxiN2gwWHdLdWZRQ2xNMjU5M2FLa2hRS1liZ2xxVjBYVVRxdmNTeDVBTUk4Zl82Z3dSOTlFOUtmTnVDYnc3TVlRb3VNUml2QW1DcnRqQlZxVFFqSnZIVnZ0djZVQTFUYmE4YjBjdjl2cUZXNmRYaGxlTU9qNEs0TjJ4QVB3?oc=5"" target=""_blank"">Menton par Mauro Colagreco : les adresses secrètes du chef du Mirazur</a>&nbsp;&nbsp;<font color=""#6f6f6f"">Michelin Guide</font>","""ouverture"" restaurant OR hôtel OR bar Menton",À qualifier,True
616cf79cebb5e767f78c,2026-08-31T11:46:15Z,2026-08-01,06,Antibes,Antibes,"À Antibes, une enseigne de salades très tendance ouvre son premier restaurant en France - Actu.fr",Actu.fr,https://news.google.com/rss/articles/CBMi7gFBVV95cUxQQmJKY295RnRYdDFxbzJSRXViVERXSThQa1Z0YnVlbG1XUHRjSlZJZXU1MFJ0VHpIVF92SU9XMi12TURHd0t5RXpCOWctMHRBNUdxaFdxQ3ZmeUpyaml5MzdvR096dDA3V2FoNWJnR2hYSkFSMF9DbWdnNTV1LXpRZmdvd0VrdnJLZklqdEJaWTVxOXRzcW5rR0pBQXg1ajhPWDk3LWF4TmFHbW1XWTVOVGFpTU9icjItWmROcEtwVDVGVUg0NHlKQlYzRGNLYnVpSUNYU3FZV0JQb3lqa1dJZG9Uak1VSThSckFpLWln?oc=5,"<a href=""https://news.google.com/rss/articles/CBMi7gFBVV95cUxQQmJKY295RnRYdDFxbzJSRXViVERXSThQa1Z0YnVlbG1XUHRjSlZJZXU1MFJ0VHpIVF92SU9XMi12TURHd0t5RXpCOWctMHRBNUdxaFdxQ3ZmeUpyaml5MzdvR096dDA3V2FoNWJnR2hYSkFSMF9DbWdnNTV1LXpRZmdvd0VrdnJLZklqdEJaWTVxOXRzcW5rR0pBQXg1ajhPWDk3LWF4TmFHbW1XWTVOVGFpTU9icjItWmROcEtwVDVGVUg0NHlKQlYzRGNLYnVpSUNYU3FZV0JQb3lqa1dJZG9Uak1VSThSckFpLWln?oc=5"" target=""_blank"">À Antibes, une enseigne de salades très tendance ouvre son premier restaurant en France</a>&nbsp;&nbsp;<font color=""#6f6f6f"">Actu.fr</font>","""ouverture"" restaurant OR hôtel OR bar Antibes",À qualifier,False
56c30606a770f472ab29,2026-08-17T06:00:55Z,2026-08-01,06,Antibes,Antibes,"À Antibes, une enseigne de salades très tendance ouvre son premier restaurant en France - actu.fr",actu.fr,https://news.google.com/rss/articles/CBMi7gFBVV95cUxQQmJKY295RnRYdDFxbzJSRXViVERXSThQa1Z0YnVlbG1XUHRjSlZJZXU1MFJ0VHpIVF92SU9XMi12TURHd0t5RXpCOWctMHRBNUdxaFdxQ3ZmeUpyaml5MzdvR096dDA3V2FoNWJnR2hYSkFSMF9DbWdnNTV1LXpRZmdvd0VrdnJLZklqdEJaWTVxOXRzcW5rR0pBQXg1ajhPWDk3LWF4TmFHbW1XWTVOVGFpTU9icjItWmROcEtwVDVGVUg0NHlKQlYzRGNLYnVpSUNYU3FZV0JQb3lqa1dJZG9Uak1VSThSckFpLWln?oc=5,"<a href=""https://news.google.com/rss/articles/CBMi7gFBVV95cUxQQmJKY295RnRYdDFxbzJSRXViVERXSThQa1Z0YnVlbG1XUHRjSlZJZXU1MFJ0VHpIVF92SU9XMi12TURHd0t5RXpCOWctMHRBNUdxaFdxQ3ZmeUpyaml5MzdvR096dDA3V2FoNWJnR2hYSkFSMF9DbWdnNTV1LXpRZmdvd0VrdnJLZklqdEJaWTVxOXRzcW5rR0pBQXg1ajhPWDk3LWF4TmFHbW1XWTVOVGFpTU9icjItWmROcEtwVDVGVUg0NHlKQlYzRGNLYnVpSUNYU3FZV0JQb3lqa1dJZG9Uak1VSThSckFpLWln?oc=5"" target=""_blank"">À Antibes, une enseigne de salades très tendance ouvre son premier restaurant en France</a>&nbsp;&nbsp;<font color=""#6f6f6f"">actu.fr</font>","""ouverture"" restaurant OR hôtel OR bar Antibes",À qualifier,False
3b580b4c03587ccea6e4,2026-08-31T11:46:15Z,2026-07-27,06-83-MC,Région,Urbanisme,"Palissades, engins de chantier, permis de construire… Ce mythique restaurant de Nice va-t-il renaître de ses cendres après le terrible incendie de 2017 ? - Nice-Matin",Nice-Matin,https://news.google.com/rss/articles/CBMiqgJBVV95cUxOaUVaUWU2ZGJMRXBFSDVYaUlISVJUYk4waE9YaGZwWDJ2YUlVXzJ6cTJZWkZPblJYUWZKNTRMR21ES1lUS3gzRTR3dGR1dUtMdEJzaWZDaXBDQnQ0NS1VaEQwQXdaWnVLdVhCc0d0Y2MwRTNIVm1Dd1FENkJjR2duYzM3Z3owX1lVdWxhaXF5TnVuQXFnUkdBU0k5Sk0tb2xiRVZFcm1TelF1aTU5MDFKNTZ2cS1wNmFrWEhsYk9VM3RsWkJMOEdvWnVCdlNlaGxaSVdDRXctV3RDXzJXb016bEpVLWVQai1VNllVM1Nuc3pCM05paFVKRnFHTHlES1J3YUVKcVprem4zWXRjVGltaUl5QVJCa3VJN05zYkttSHJkdlFlMEpiREZR?oc=5,"<a href=""https://news.google.com/rss/articles/CBMiqgJBVV95cUxOaUVaUWU2ZGJMRXBFSDVYaUlISVJUYk4waE9YaGZwWDJ2YUlVXzJ6cTJZWkZPblJYUWZKNTRMR21ES1lUS3gzRTR3dGR1dUtMdEJzaWZDaXBDQnQ0NS1VaEQwQXdaWnVLdVhCc0d0Y2MwRTNIVm1Dd1FENkJjR2duYzM3Z3owX1lVdWxhaXF5TnVuQXFnUkdBU0k5Sk0tb2xiRVZFcm1TelF1aTU5MDFKNTZ2cS1wNmFrWEhsYk9VM3RsWkJMOEdvWnVCdlNlaGxaSVdDRXctV3RDXzJXb016bEpVLWVQai1VNllVM1Nuc3pCM05paFVKRnFHTHlES1J3YUVKcVprem4zWXRjVGltaUl5QVJCa3VJN05zYkttSHJkdlFlMEpiREZR?oc=5"" target=""_blank"">Palissades, engins de chantier, permis de construire… Ce mythique restaurant de Nice va-t-il renaître de ses cendres après le terrible incendie de 2017 ?</a>&nbsp;&nbsp;<font color=""#6f6f6f"">Nice-Matin</font>","""permis de construire"" hôtel OR restaurant Côte d’Azur",À qualifier,False
dcc3c05a04b2104f0e11,2026-08-31T11:46:15Z,2026-07-24,06,Cannes,Cannes,Exclusif. Baie de Cannes : l’hôtel Casarose des frères Larose investit « La Plage » - - Lyon people,Lyon people,https://news.google.com/rss/articles/CBMi5AFBVV95cUxObzc0dWZtNHdDWEdsNk9Tcml3OW1GbGJHLUdhT0RmdmVsbE01WFctOVdZRU5LNkQ5M0czVzRhLXRsS3AwYlJQWUVRWklWcWVISGdKTnVURFNHLWZ5cjRsTHpwNHV3RFlqQlNMZFRCNVJQcHR1UjZZUmZQc0JHLWs5WlF2SHhLLTQ1WkQ2Y0xPYmFYeXNxTVoyRzJJV1lfb3Z1bDF3endmUWItXzQ2bldzeDV0STg0UDROQkFidC14T3hJMC1IUndnVXRPR04tV1BjWVVCd2ZncDVaZVktcmhwS1pZc1g?oc=5,"<a href=""https://news.google.com/rss/articles/CBMi5AFBVV95cUxObzc0dWZtNHdDWEdsNk9Tcml3OW1GbGJHLUdhT0RmdmVsbE01WFctOVdZRU5LNkQ5M0czVzRhLXRsS3AwYlJQWUVRWklWcWVISGdKTnVURFNHLWZ5cjRsTHpwNHV3RFlqQlNMZFRCNVJQcHR1UjZZUmZQc0JHLWs5WlF2SHhLLTQ1WkQ2Y0xPYmFYeXNxTVoyRzJJV1lfb3Z1bDF3endmUWItXzQ2bldzeDV0STg0UDROQkFidC14T3hJMC1IUndnVXRPR04tV1BjWVVCd2ZncDVaZVktcmhwS1pZc1g?oc=5"" target=""_blank"">Exclusif. Baie de Cannes : l’hôtel Casarose des frères Larose investit « La Plage » -</a>&nbsp;&nbsp;<font color=""#6f6f6f"">Lyon people</font>","""ouverture"" restaurant OR hôtel OR plage Cannes",À qualifier,False
2654b17f89dcef5e535e,2026-08-31T11:46:15Z,2026-07-21,06,Nice,Nice,« Une lumière allumée chasse la mauvaise activité » : l’ouverture d’un snack fait revivre ce patrimoine d’Antibes - Nice-Matin,Nice-Matin,https://news.google.com/rss/articles/CBMiiwJBVV95cUxPX3V1eVJuZzJTdFFYMllpTDRMNnZKTzlzNFp1aDNKUEpNaTVLNUJMWGtYdS1ieUxMT3gwbDlXQ2hoZzY5MVRjb18wQ2VJVjB4SVpvOUY1SERjcTFZMjlGY0FGTkt5dFVSZTlpS2dGdHJRczdtVV8yVVR4VEVzUU5ZV2p3a3lWUXRyU3ZzUzNYZ2w1emtwN2JMZ1BRcWc0eUlNb1NiZXZrQkZPeTRMaFlSejYtVk9qa21zR0tQSEJ0TTNQemkzd0FEQ3pIaDlzdFVKV3ltOGQtYVo0X2lpSEMwMXhyek9HTEwyYm55ODd4Rlk5YjFEY2VuVThWTk5Qb1FTN3ZtaUY0SDRBMzg?oc=5,"<a href=""https://news.google.com/rss/articles/CBMiiwJBVV95cUxPX3V1eVJuZzJTdFFYMllpTDRMNnZKTzlzNFp1aDNKUEpNaTVLNUJMWGtYdS1ieUxMT3gwbDlXQ2hoZzY5MVRjb18wQ2VJVjB4SVpvOUY1SERjcTFZMjlGY0FGTkt5dFVSZTlpS2dGdHJRczdtVV8yVVR4VEVzUU5ZV2p3a3lWUXRyU3ZzUzNYZ2w1emtwN2JMZ1BRcWc0eUlNb1NiZXZrQkZPeTRMaFlSejYtVk9qa21zR0tQSEJ0TTNQemkzd0FEQ3pIaDlzdFVKV3ltOGQtYVo0X2lpSEMwMXhyek9HTEwyYm55ODd4Rlk5YjFEY2VuVThWTk5Qb1FTN3ZtaUY0SDRBMzg?oc=5"" target=""_blank"">« Une lumière allumée chasse la mauvaise activité » : l’ouverture d’un snack fait revivre ce patrimoine d’Antibes</a>&nbsp;&nbsp;<font color=""#6f6f6f"">Nice-Matin</font>","""ouverture"" restaurant OR bar OR rooftop Nice",À qualifier,False
bb3507e0d96a82b5876f,2026-08-31T11:46:15Z,2026-07-19,06,Alpes-Maritimes,CHR général,"""C'est une verrue dans le paysage"" : l'histoire sans fin d'un hôtel 5* laissé à l'abandon sur la Côte d'Azur - France 3 Régions",France 3 Régions,https://news.google.com/rss/articles/CBMipAJBVV95cUxNQXc5NHlGcU9lRThvMldIdDBWSjFKLWROM0dSSVJPYnV4aFlNNE9EdEJRWl9Ld3NmWmQwRVJJVnZ5WVZWX25YU195dFk1RzdNMExOQXFjVzZJaWY4Nl9uWW40eGY0YUhLM1lOOVNfdVpxM2NuTlFUeDBGZTcxWUhwWE9XbU8zbXUwNTA5dUNuem9YYnNTZTJfTGJiSnVUY1NpSHRyVVZzcGhKZW5ObGF3ZGFsOTdPM0c2VlBtZ1BlOWVvWm1LSDAxa2ZNcjdHWF82bE14aDVhQlJ3TUZKdndxSVdTNmlLM2dyUHl4R0RHZDRsRDE3d1MxQWpOVXNGWkNMcmpkZW9KalI3S1Z5aFVTRGZlLXdwNHhxcDdMS2VjVHFza2Nm?oc=5,"<a href=""https://news.google.com/rss/articles/CBMipAJBVV95cUxNQXc5NHlGcU9lRThvMldIdDBWSjFKLWROM0dSSVJPYnV4aFlNNE9EdEJRWl9Ld3NmWmQwRVJJVnZ5WVZWX25YU195dFk1RzdNMExOQXFjVzZJaWY4Nl9uWW40eGY0YUhLM1lOOVNfdVpxM2NuTlFUeDBGZTcxWUhwWE9XbU8zbXUwNTA5dUNuem9YYnNTZTJfTGJiSnVUY1NpSHRyVVZzcGhKZW5ObGF3ZGFsOTdPM0c2VlBtZ1BlOWVvWm1LSDAxa2ZNcjdHWF82bE14aDVhQlJ3TUZKdndxSVdTNmlLM2dyUHl4R0RHZDRsRDE3d1MxQWpOVXNGWkNMcmpkZW9KalI3S1Z5aFVTRGZlLXdwNHhxcDdMS2VjVHFza2Nm?oc=5"" target=""_blank"">""C'est une verrue dans le paysage"" : l'histoire sans fin d'un hôtel 5* laissé à l'abandon sur la Côte d'Azur</a>&nbsp;&nbsp;<font color=""#6f6f6f"">France 3 Régions</font>","""ouverture"" restaurant OR hôtel OR bar Alpes-Maritimes",À qualifier,False
b6db35b02ec41c22e903,2026-08-31T11:46:15Z,2026-07-17,83,Hyères,Hyères,Ouverture du Centre de Loisirs Jeunes de la Police Nationale (CLJ) - Ville d'Hyères les Palmiers,Ville d'Hyères les Palmiers,https://news.google.com/rss/articles/CBMiigFBVV95cUxQT01QbjVpWWdXUUtiYUhHOElpYk12c0hPRm43MlVCaEhPWlM1RGh2SW5YTXh3MjlDRFlTLUF5QzhFSDhESHVzbGlZRTVBRGhsMXlzdkl3VUJyNlZwbjJrcmlzOWd0eUgzUkNvN3lUMkw2ZTFRZHkzN2FZWGZMcm1qZUg0b21PbUpvU2c?oc=5,"<a href=""https://news.google.com/rss/articles/CBMiigFBVV95cUxQT01QbjVpWWdXUUtiYUhHOElpYk12c0hPRm43MlVCaEhPWlM1RGh2SW5YTXh3MjlDRFlTLUF5QzhFSDhESHVzbGlZRTVBRGhsMXlzdkl3VUJyNlZwbjJrcmlzOWd0eUgzUkNvN3lUMkw2ZTFRZHkzN2FZWGZMcm1qZUg0b21PbUpvU2c?oc=5"" target=""_blank"">Ouverture du Centre de Loisirs Jeunes de la Police Nationale (CLJ)</a>&nbsp;&nbsp;<font color=""#6f6f6f"">Ville d'Hyères les Palmiers</font>","""ouverture"" restaurant OR plage OR hôtel Hyères",À qualifier,False
7b22ba79d214dc38d799,2026-08-31T11:46:15Z,2026-07-17,83,Hyères,Hyères,"À Hyères, le Centre de loisirs jeunes de la Police nationale ouvre sa saison estivale - Var Actu",Var Actu,https://news.google.com/rss/articles/CBMirAFBVV95cUxNVUhEajZnMDdLWnV5VjhlZ3RTVVEybklsdm1CZ0ZDWGp1VHNNZGYxVGF5WkFPOFVScXRkekdqS0pmdTJhTGF6SlNST0dlakdjQVoxUGFKUW95bV9JN3NaTnpBMUstSlp4OFdINUhmeE42Qk5scWgyYUUwS2cwSDlPX1hCajlqaDJvWlRmWWQ1amU5cE5kNThsNDIwYnVscUR6N0xhZVBSMXlVZVh1?oc=5,"<a href=""https://news.google.com/rss/articles/CBMirAFBVV95cUxNVUhEajZnMDdLWnV5VjhlZ3RTVVEybklsdm1CZ0ZDWGp1VHNNZGYxVGF5WkFPOFVScXRkekdqS0pmdTJhTGF6SlNST0dlakdjQVoxUGFKUW95bV9JN3NaTnpBMUstSlp4OFdINUhmeE42Qk5scWgyYUUwS2cwSDlPX1hCajlqaDJvWlRmWWQ1amU5cE5kNThsNDIwYnVscUR6N0xhZVBSMXlVZVh1?oc=5"" target=""_blank"">À Hyères, le Centre de loisirs jeunes de la Police nationale ouvre sa saison estivale</a>&nbsp;&nbsp;<font color=""#6f6f6f"">Var Actu</font>","""ouverture"" restaurant OR plage OR hôtel Hyères",À qualifier,False
b8f619de9a9aeb904333,2026-08-31T11:46:15Z,2026-07-16,83,Hyères,Hyères,Hyères aménage un nouvel espace de beach-volley et beach-tennis aux Salins - Var Actu,Var Actu,https://news.google.com/rss/articles/CBMinwFBVV95cUxQUG54V25ZRGNKaEFESWJILXl2Y1I2OWNRYVN0U2Q4TXVqQl9rUWdFaEQ0MTFnTkhhSlVLcnh1eDVyZHNIODFydmItYTMwVzAzeWRLU2hiTlFTMnhGXzA4OWpHNldXTWVDci1xQ2ljd1l2ZDF0MUNNZnhydkpsdndackMwb1Z4TFhJNzFQQVh5MnlNaGNCQVA1VGpwY0dUMlU?oc=5,"<a href=""https://news.google.com/rss/articles/CBMinwFBVV95cUxQUG54V25ZRGNKaEFESWJILXl2Y1I2OWNRYVN0U2Q4TXVqQl9rUWdFaEQ0MTFnTkhhSlVLcnh1eDVyZHNIODFydmItYTMwVzAzeWRLU2hiTlFTMnhGXzA4OWpHNldXTWVDci1xQ2ljd1l2ZDF0MUNNZnhydkpsdndackMwb1Z4TFhJNzFQQVh5MnlNaGNCQVA1VGpwY0dUMlU?oc=5"" target=""_blank"">Hyères aménage un nouvel espace de beach-volley et beach-tennis aux Salins</a>&nbsp;&nbsp;<font color=""#6f6f6f"">Var Actu</font>","""ouverture"" restaurant OR plage OR hôtel Hyères",À qualifier,False
1da7be29f93b0798ffc0,2026-08-17T06:00:55Z,2026-07-16,83,Hyères,Hyères,PizzaCosy a ouvert ses portes au cœur de Hyères - L’Express Franchise,L’Express Franchise,https://news.google.com/rss/articles/CBMipwFBVV95cUxQMy1FTkZiWGcyMWgtNElMcTF0SGhpTmVoQ290ZXNkSTZhTDVlVEhRTWN6VEV4aEZ6cV92dDVxUHJsNU5KOFgwcG5CSm4zRnlUXzBFb1MwQzN4OUZCRlpJOE4za2dnS2tIa2Z6em9WMU1sbG9IU0l0ZURFT3pZNXMtVE41RTVONFFfQWVla2tIX3Vnc2RMdmlhdEVfZWE5NTZqeGNmZ0RxVQ?oc=5,"<a href=""https://news.google.com/rss/articles/CBMipwFBVV95cUxQMy1FTkZiWGcyMWgtNElMcTF0SGhpTmVoQ290ZXNkSTZhTDVlVEhRTWN6VEV4aEZ6cV92dDVxUHJsNU5KOFgwcG5CSm4zRnlUXzBFb1MwQzN4OUZCRlpJOE4za2dnS2tIa2Z6em9WMU1sbG9IU0l0ZURFT3pZNXMtVE41RTVONFFfQWVla2tIX3Vnc2RMdmlhdEVfZWE5NTZqeGNmZ0RxVQ?oc=5"" target=""_blank"">PizzaCosy a ouvert ses portes au cœur de Hyères</a>&nbsp;&nbsp;<font color=""#6f6f6f"">L’Express Franchise</font>","""ouverture"" restaurant OR plage OR hôtel Hyères",À qualifier,False
a53f2e95f2205cd98ece,2026-08-31T11:46:15Z,2026-07-13,06,Cannes,Cannes,Assas Hotels inaugure l'Hôtel Lepoussin au cœur de Cannes - tourmag.com,tourmag.com,https://news.google.com/rss/articles/CBMimwFBVV95cUxNeEw0VnpFZmZTN3dZd3FIOGhrNjVpR0ppTDBrZDdSeWYtMUVfR0hnTndhSmdkLWo5eW1ja2JnTFY5YWt6ZjlJSGlHeDJsVk5EbUxjZjczS0FmTHpoX3lpMWIzN0xNUE9iN08tbW5oSGZ4c3dta1BZM2xQZHBEcGhQb2hCS0xJUFdkMlh5V2xzS3dGQ2dUeFNjZHp1dw?oc=5,"<a href=""https://news.google.com/rss/articles/CBMimwFBVV95cUxNeEw0VnpFZmZTN3dZd3FIOGhrNjVpR0ppTDBrZDdSeWYtMUVfR0hnTndhSmdkLWo5eW1ja2JnTFY5YWt6ZjlJSGlHeDJsVk5EbUxjZjczS0FmTHpoX3lpMWIzN0xNUE9iN08tbW5oSGZ4c3dta1BZM2xQZHBEcGhQb2hCS0xJUFdkMlh5V2xzS3dGQ2dUeFNjZHp1dw?oc=5"" target=""_blank"">Assas Hotels inaugure l'Hôtel Lepoussin au cœur de Cannes</a>&nbsp;&nbsp;<font color=""#6f6f6f"">tourmag.com</font>","""ouverture"" restaurant OR hôtel OR plage Cannes",À qualifier,False
02dbe871ce2237941d95,2026-08-31T11:46:15Z,2026-07-13,83,Fréjus Saint-Raphaël,Est Var,Demi-finale de la Coupe du monde de foot France-Espagne : où voir le match sur écran géant dans le Var ce mardi soir ? - Nice-Matin,Nice-Matin,https://news.google.com/rss/articles/CBMi-AFBVV95cUxQaGlpMmRvTUhZSlN6ZEt2eEZaY2VZYmstbC1UWElWQ3o3UFZhZ2otVGNOa2stOXIxU3BEVzlVZGxoQmxETmEwbzRtbUtHd0R2Tm1ldFNmR3ZGNXMtQmdEZkR5bUZDdnFlUDNUdmZMXzBvVkNtejY3RFZ6YmY4b0JKc3d4aWpScFl4eFFWV25WWXJWa1VsN29oc2RqRFVLbV9DU2NxakJ0d2lkQ1R6SHQ2TWgxdmdaQm93dDlWTFFnT1BvUHdvTnJ0enBYVWRNNVZaWVFDZmgxMi1KeWZuaXo5d2ZoWV9qVmljV0hzWGk1MVVpQUhXR0xJXw?oc=5,"<a href=""https://news.google.com/rss/articles/CBMi-AFBVV95cUxQaGlpMmRvTUhZSlN6ZEt2eEZaY2VZYmstbC1UWElWQ3o3UFZhZ2otVGNOa2stOXIxU3BEVzlVZGxoQmxETmEwbzRtbUtHd0R2Tm1ldFNmR3ZGNXMtQmdEZkR5bUZDdnFlUDNUdmZMXzBvVkNtejY3RFZ6YmY4b0JKc3d4aWpScFl4eFFWV25WWXJWa1VsN29oc2RqRFVLbV9DU2NxakJ0d2lkQ1R6SHQ2TWgxdmdaQm93dDlWTFFnT1BvUHdvTnJ0enBYVWRNNVZaWVFDZmgxMi1KeWZuaXo5d2ZoWV9qVmljV0hzWGk1MVVpQUhXR0xJXw?oc=5"" target=""_blank"">Demi-finale de la Coupe du monde de foot France-Espagne : où voir le match sur écran géant dans le Var ce mardi soir ?</a>&nbsp;&nbsp;<font color=""#6f6f6f"">Nice-Matin</font>","""ouverture"" restaurant OR hôtel Fréjus Saint-Raphaël",À qualifier,False
a113600a8d1725a3190f,2026-08-31T11:46:15Z,2026-07-12,83,Saint-Tropez,Saint-Tropez,De la BD aux mangas en passant par les romans… Cette nouvelle librairie de plage près de Saint-Tropez veut renforcer l’offre littéraire pendant les vacances d’été - Nice-Matin,Nice-Matin,https://news.google.com/rss/articles/CBMivAJBVV95cUxPY28yaEtFeVZyQ1lTVkl6eFVpN2h1OGIxaVdWcDB0ZVV0bGhxcjd2a0pZWllFV1lGRkRCZ0pvSHFrbmtiY19fN1hjRl9Jd0Uya2hqRkZKaDRCVkhuODBNdng4U3ljQWs3Yng5TGZCWTdpb1MxSzZRZi15eDJWZDJ4UkFpZnlfSy1hR0hjUTFsN1ktdjRSZi12VEx3NkN0YTNkQ3lHNWExUXVNV2Uza0lPYjRIMmI3bU9PSE8wbTFtOTV2T3c2dGRLb3UzS2lvZTJjNHY1QVlyUTVTejNGcmZBLUZzbWpwNXlCQXF5WGI1UjM1ZDlVTXdubGh4Qkd0MFFyV1hVdF9WYTlxZ2U0Nno0Y3lzdF85QmttaEo2N0VLd1FtZEVuRHlUQVlMb3lMQ1I0YjF4NENyNjhZY2hi?oc=5,"<a href=""https://news.google.com/rss/articles/CBMivAJBVV95cUxPY28yaEtFeVZyQ1lTVkl6eFVpN2h1OGIxaVdWcDB0ZVV0bGhxcjd2a0pZWllFV1lGRkRCZ0pvSHFrbmtiY19fN1hjRl9Jd0Uya2hqRkZKaDRCVkhuODBNdng4U3ljQWs3Yng5TGZCWTdpb1MxSzZRZi15eDJWZDJ4UkFpZnlfSy1hR0hjUTFsN1ktdjRSZi12VEx3NkN0YTNkQ3lHNWExUXVNV2Uza0lPYjRIMmI3bU9PSE8wbTFtOTV2T3c2dGRLb3UzS2lvZTJjNHY1QVlyUTVTejNGcmZBLUZzbWpwNXlCQXF5WGI1UjM1ZDlVTXdubGh4Qkd0MFFyV1hVdF9WYTlxZ2U0Nno0Y3lzdF85QmttaEo2N0VLd1FtZEVuRHlUQVlMb3lMQ1I0YjF4NENyNjhZY2hi?oc=5"" target=""_blank"">De la BD aux mangas en passant par les romans… Cette nouvelle librairie de plage près de Saint-Tropez veut renforcer l’offre littéraire pendant les vacances d’été</a>&nbsp;&nbsp;<font color=""#6f6f6f"">Nice-Matin</font>","""ouverture"" restaurant OR plage OR hôtel Saint-Tropez",À qualifier,False
3b3736ac445ee57d7e4c,2026-08-17T06:00:55Z,2026-07-12,06,Alpes-Maritimes,CHR général,NICE : Hôtellerie - Le groupe Solestia inaugure un hôtel et un restaurant bistronomique - Presse Agence,Presse Agence,https://news.google.com/rss/articles/CBMirAFBVV95cUxQWkp4N1NQeVhXdU5RSkZrZjFyOWt3QXd6UXZ6TFVGS0xacWNYYllSR0VhbnlmMXRJQlhEMUp2a3hQa2xEY3ZyVTJBWWlsZGpDeVJnRU9qaEk5RHByRjR3RlczZEFXZ1pWRER0YTNWRGk4SWtqejNVZnNfU2dZZVl5Z3p6V1hxSFV0MzlaejZlWW5pcUJIRVdxMXNnOEJOUnNEVDczYV9yY2dKaTB1?oc=5,"<a href=""https://news.google.com/rss/articles/CBMirAFBVV95cUxQWkp4N1NQeVhXdU5RSkZrZjFyOWt3QXd6UXZ6TFVGS0xacWNYYllSR0VhbnlmMXRJQlhEMUp2a3hQa2xEY3ZyVTJBWWlsZGpDeVJnRU9qaEk5RHByRjR3RlczZEFXZ1pWRER0YTNWRGk4SWtqejNVZnNfU2dZZVl5Z3p6V1hxSFV0MzlaejZlWW5pcUJIRVdxMXNnOEJOUnNEVDczYV9yY2dKaTB1?oc=5"" target=""_blank"">NICE : Hôtellerie - Le groupe Solestia inaugure un hôtel et un restaurant bistronomique</a>&nbsp;&nbsp;<font color=""#6f6f6f"">Presse Agence</font>","""ouverture"" restaurant OR hôtel OR bar Alpes-Maritimes",À qualifier,False
ca6b6927da3f39523060,2026-08-31T11:46:15Z,2026-07-10,06,Nice,Nice,Economie - Nice : le restaurant bistronomique Sacha ouvre ses portes en centre-ville - Petites Affiches,Petites Affiches,https://news.google.com/rss/articles/CBMipAFBVV95cUxPNjk2amVrQUlKODY5T05rQ2hxcWNNUXlGaUk3ZGZXMGZfWS05cmE4Y2dkaHJSLWVjdVJSdUppemh0bmNScllqY2NMVE1DVDl0d0MtdElhcHFtOEVuNC1jcy04WEpJSXlrNkE0alZQZkNzUF9PeDZpa3hUek1tb1RhLUlTRkVCQW5jY3hqcmZNM1VtRDdjV2ppZF9QTmdFQjFOa2JaNw?oc=5,"<a href=""https://news.google.com/rss/articles/CBMipAFBVV95cUxPNjk2amVrQUlKODY5T05rQ2hxcWNNUXlGaUk3ZGZXMGZfWS05cmE4Y2dkaHJSLWVjdVJSdUppemh0bmNScllqY2NMVE1DVDl0d0MtdElhcHFtOEVuNC1jcy04WEpJSXlrNkE0alZQZkNzUF9PeDZpa3hUek1tb1RhLUlTRkVCQW5jY3hqcmZNM1VtRDdjV2ppZF9QTmdFQjFOa2JaNw?oc=5"" target=""_blank"">Economie - Nice : le restaurant bistronomique Sacha ouvre ses portes en centre-ville</a>&nbsp;&nbsp;<font color=""#6f6f6f"">Petites Affiches</font>","""ouverture"" restaurant OR bar OR rooftop Nice",À qualifier,False
ecb216c98e44672ee6e1,2026-08-31T11:46:15Z,2026-07-10,06,Nice,Nice,NICE : Hôtellerie - Le groupe Solestia annonce l'ouverture imminente de l'Hôtel Posidonia et du restaurant Sacha - Presse Agence,Presse Agence,https://news.google.com/rss/articles/CBMiywFBVV95cUxOOWV2cVNDS0dwYVo5QXUyVFFTemNRaHZYc1JQcGpPNnIzMWFIOExNXzFsZWZ2YXJkVWpqaU5SVXZjVU9XWEFobmdqcXF6STFYTnpILUtnbExHU2NvdTVEdkxoSEItb0g1T3FYcDFESzlORVZtWV93SVRUOWFpRWF0YXNsVW5XM3JOWnhkOU80WWE5ZmhqS19MbnJzcGxBbzJqT1F6WTNuRFBWX0xWSXM0cUszNThpS3FsMzVudGQyQThvRHptSWltb0Nhdw?oc=5,"<a href=""https://news.google.com/rss/articles/CBMiywFBVV95cUxOOWV2cVNDS0dwYVo5QXUyVFFTemNRaHZYc1JQcGpPNnIzMWFIOExNXzFsZWZ2YXJkVWpqaU5SVXZjVU9XWEFobmdqcXF6STFYTnpILUtnbExHU2NvdTVEdkxoSEItb0g1T3FYcDFESzlORVZtWV93SVRUOWFpRWF0YXNsVW5XM3JOWnhkOU80WWE5ZmhqS19MbnJzcGxBbzJqT1F6WTNuRFBWX0xWSXM0cUszNThpS3FsMzVudGQyQThvRHptSWltb0Nhdw?oc=5"" target=""_blank"">NICE : Hôtellerie - Le groupe Solestia annonce l'ouverture imminente de l'Hôtel Posidonia et du restaurant Sacha</a>&nbsp;&nbsp;<font color=""#6f6f6f"">Presse Agence</font>","""ouverture"" restaurant OR bar OR rooftop Nice",À qualifier,False
1ef32146090e5cd43241,2026-08-31T11:46:15Z,2026-07-10,83,Saint-Tropez,Saint-Tropez,"Propriété de la famille Chevanne, l'hôtel Byblos à Saint-Tropez quitte un cercle que seuls quelques élus obtiennent - Ode (Purepeople)",Ode (Purepeople),https://news.google.com/rss/articles/CBMi7wFBVV95cUxNLUN3NXNzVlVQd2dIM2wxRzBhYnN4WHhUSk9OWjU2WG96WjZIbGZ2N2hpZ1VKVmhsNlBnUzYyZEFNeDBvRUROWGtfS0FoeXF3dGdDcHhqeHZtZHkxUFNIaWRFNW1mQ1hPZi1DTjQ4LXRUTlA4YUJLcVlXczdfLTEyTHpnY1VYVmZuVkVzeUFKWGRMaHU4cl9Hb2dUQW9VaDlWYVo3WGZTVjZ0eklGM29ZN00tM3l1SGVTeGIwNXVsWW96TVp2OExEaVpzeDJWOHU3Rnp0UVJFdTBOYzFkNUY4NzVURFJ1X05fVDZtOEhPaw?oc=5,"<a href=""https://news.google.com/rss/articles/CBMi7wFBVV95cUxNLUN3NXNzVlVQd2dIM2wxRzBhYnN4WHhUSk9OWjU2WG96WjZIbGZ2N2hpZ1VKVmhsNlBnUzYyZEFNeDBvRUROWGtfS0FoeXF3dGdDcHhqeHZtZHkxUFNIaWRFNW1mQ1hPZi1DTjQ4LXRUTlA4YUJLcVlXczdfLTEyTHpnY1VYVmZuVkVzeUFKWGRMaHU4cl9Hb2dUQW9VaDlWYVo3WGZTVjZ0eklGM29ZN00tM3l1SGVTeGIwNXVsWW96TVp2OExEaVpzeDJWOHU3Rnp0UVJFdTBOYzFkNUY4NzVURFJ1X05fVDZtOEhPaw?oc=5"" target=""_blank"">Propriété de la famille Chevanne, l'hôtel Byblos à Saint-Tropez quitte un cercle que seuls quelques élus obtiennent</a>&nbsp;&nbsp;<font color=""#6f6f6f"">Ode (Purepeople)</font>","""ouverture"" restaurant OR plage OR hôtel Saint-Tropez",À qualifier,False
2866fb4e8a0ea5f497e4,2026-08-31T11:46:15Z,2026-07-09,06,Nice,Nice,Solestia ouvre le restaurant Sacha et Hôtel Posidonia à Nice - Les Nouvelles Gastronomiques,Les Nouvelles Gastronomiques,https://news.google.com/rss/articles/CBMingFBVV95cUxQN2dtaDFyS21iVXh0TkU0MWJ2VmtIMThLOFBxbTh0MVlHZW1JX0gyQ2FTd0hYWVRlZEJ1cHJXU2RIVnhzUVlHY1pQb0Nmb1JGcFFQck1OeHgxZHZhX2hCWEg4N1paT1BJaU83WEhjSkROWTYtY1lnNnJyRFY3Rm9BbjVzcFcyXzNfcnJyRDVvRk9nYWJ2ZkVKOVI5T09hdw?oc=5,"<a href=""https://news.google.com/rss/articles/CBMingFBVV95cUxQN2dtaDFyS21iVXh0TkU0MWJ2VmtIMThLOFBxbTh0MVlHZW1JX0gyQ2FTd0hYWVRlZEJ1cHJXU2RIVnhzUVlHY1pQb0Nmb1JGcFFQck1OeHgxZHZhX2hCWEg4N1paT1BJaU83WEhjSkROWTYtY1lnNnJyRFY3Rm9BbjVzcFcyXzNfcnJyRDVvRk9nYWJ2ZkVKOVI5T09hdw?oc=5"" target=""_blank"">Solestia ouvre le restaurant Sacha et Hôtel Posidonia à Nice</a>&nbsp;&nbsp;<font color=""#6f6f6f"">Les Nouvelles Gastronomiques</font>","""ouverture"" restaurant OR bar OR rooftop Nice",À qualifier,False
772c8f9ca0b0d0c25b85,2026-08-17T06:00:55Z,2026-07-08,83,Saint-Tropez,Saint-Tropez,Cyril Lignac agrandit encore son empire : sa nouvelle adresse à Saint-Tropez est ouverte - Ode (Purepeople),Ode (Purepeople),https://news.google.com/rss/articles/CBMiywFBVV95cUxQQ1NfUmtpUUgzT2lYODBhRDgtcmNzQ3lTaWdFWkZqUEJwWFh4QU5QOTJibWdpVUJQeW9UYjhnQ1RwVGwzSTZwaWhqdGNZNWxac0lYVW42bU1MandqTjhiUEdvVU5GUzhFay1zRGtDYUNPNERRdEhWNDd4cHJHS3FkRzJmQWpwM0s5Y0pIZ1lMdEx4ZDJBbGRuRDlMRjBSOTNKMGR4SHpjSFQ5b0t3SEpTZ0syWHBGMF84bU9ZXzZ4T2lkZXFXZHZWZEU1MA?oc=5,"<a href=""https://news.google.com/rss/articles/CBMiywFBVV95cUxQQ1NfUmtpUUgzT2lYODBhRDgtcmNzQ3lTaWdFWkZqUEJwWFh4QU5QOTJibWdpVUJQeW9UYjhnQ1RwVGwzSTZwaWhqdGNZNWxac0lYVW42bU1MandqTjhiUEdvVU5GUzhFay1zRGtDYUNPNERRdEhWNDd4cHJHS3FkRzJmQWpwM0s5Y0pIZ1lMdEx4ZDJBbGRuRDlMRjBSOTNKMGR4SHpjSFQ5b0t3SEpTZ0syWHBGMF84bU9ZXzZ4T2lkZXFXZHZWZEU1MA?oc=5"" target=""_blank"">Cyril Lignac agrandit encore son empire : sa nouvelle adresse à Saint-Tropez est ouverte</a>&nbsp;&nbsp;<font color=""#6f6f6f"">Ode (Purepeople)</font>","""ouverture"" restaurant OR plage OR hôtel Saint-Tropez",À qualifier,False
d17dbe314049d073ed85,2026-08-31T11:46:15Z,2026-07-07,83,Var,CHR général,PizzaCosy ouvre dans le Var ce mardi 7 juillet 2026 : voici le lieu et tout ce qu’on sait sur le nouveau restaurant - L’Express Franchise,L’Express Franchise,https://news.google.com/rss/articles/CBMipgFBVV95cUxPWTZvaUY3ZFZHWFJqdkpPNWhsUmxzRkRFTm1nSXVYZU9vWFZEd1daakYxS2Q0THNqR1dyNGxvMG0wY1I3QzFkamd6NGNzSVRYYXZweS1EdlFIUHVQT2dGbE5PWFgyd2RudGluM0VfZlNWOTd1NWRJM3pQREVzaktUcjBBNTJNRlR4UkRDblE3NTg2ZnQ0VS0yQ3lKTXpDSWxfSm1mYnFB?oc=5,"<a href=""https://news.google.com/rss/articles/CBMipgFBVV95cUxPWTZvaUY3ZFZHWFJqdkpPNWhsUmxzRkRFTm1nSXVYZU9vWFZEd1daakYxS2Q0THNqR1dyNGxvMG0wY1I3QzFkamd6NGNzSVRYYXZweS1EdlFIUHVQT2dGbE5PWFgyd2RudGluM0VfZlNWOTd1NWRJM3pQREVzaktUcjBBNTJNRlR4UkRDblE3NTg2ZnQ0VS0yQ3lKTXpDSWxfSm1mYnFB?oc=5"" target=""_blank"">PizzaCosy ouvre dans le Var ce mardi 7 juillet 2026 : voici le lieu et tout ce qu’on sait sur le nouveau restaurant</a>&nbsp;&nbsp;<font color=""#6f6f6f"">L’Express Franchise</font>","""ouverture"" restaurant OR hôtel OR bar Var",À qualifier,False
de384bdba42e1784a65c,2026-08-31T11:46:15Z,2026-07-06,06,Menton,Menton,"Travaux sans fin du futur hôtel 5 étoiles à Garavan : pour accélérer l’ouverture, la maire RN de Menton rend le permis de construire caduc - Nice-Matin",Nice-Matin,https://news.google.com/rss/articles/CBMijgJBVV95cUxNZy0teEp2c05SN0trNXJqSDJ4LWJmRzIxbjU0RmhTUlVqUHRESFhyRFRyVWVtVzBRN3hYSll0ajdOMlQwSlFReWpHZGo2TEx1dThKb0pGXzZqVVlGaUVRTGNuTVgxUHUtY2lPQ0gxYzk4YW1XZThDUXQ1TWhJbFFDQkt2V1B4QjJocG85a2JzTlVmYUJ4ZXdIVUZ0YlpGTTl6NWROX1BZcFZhS0VIRGVjVmdvaVdPT09Fbk5zcl9pZElhSFJraGVwV3dRR2dwUnloamU5X1lxU2NZQVVmQ2Q5Tkh4NmJHeURtSUJld0o1MlRRbjlSaTBXQUhIZDZEYUppZEc0enNWWGhMbk9fSUE?oc=5,"<a href=""https://news.google.com/rss/articles/CBMijgJBVV95cUxNZy0teEp2c05SN0trNXJqSDJ4LWJmRzIxbjU0RmhTUlVqUHRESFhyRFRyVWVtVzBRN3hYSll0ajdOMlQwSlFReWpHZGo2TEx1dThKb0pGXzZqVVlGaUVRTGNuTVgxUHUtY2lPQ0gxYzk4YW1XZThDUXQ1TWhJbFFDQkt2V1B4QjJocG85a2JzTlVmYUJ4ZXdIVUZ0YlpGTTl6NWROX1BZcFZhS0VIRGVjVmdvaVdPT09Fbk5zcl9pZElhSFJraGVwV3dRR2dwUnloamU5X1lxU2NZQVVmQ2Q5Tkh4NmJHeURtSUJld0o1MlRRbjlSaTBXQUhIZDZEYUppZEc0enNWWGhMbk9fSUE?oc=5"" target=""_blank"">Travaux sans fin du futur hôtel 5 étoiles à Garavan : pour accélérer l’ouverture, la maire RN de Menton rend le permis de construire caduc</a>&nbsp;&nbsp;<font color=""#6f6f6f"">Nice-Matin</font>","""ouverture"" restaurant OR hôtel OR bar Menton",À qualifier,False
e90a58c719fa8a3a0799,2026-08-31T11:46:15Z,2026-07-05,06-83-MC,Région,Urbanisme,"Christian Estrosi attaqué par les propriétaires d'un hôtel de Nice, le tribunal donne raison à l'ancien maire - Actu.fr",Actu.fr,https://news.google.com/rss/articles/CBMihwJBVV95cUxOUm5taGdET1VzT0tUdkZGTEVuUTNzV2JYaXJ5RHcwcHZwbXlrUkVFT3R1eHFIVlBkV0FpLVVoSmFIRUwtWllFMDMzUUlnMy1DbDIxV1h5eVJCRXdrUnpYZjZDNFdwOHNsT0QwdEVmVldBX0hfaFREUmNGckZiNHA5VGthVm9uMGhzaTREZlMtbFk0aXJJYVB2Q3BpcFN6UXVhZXFNa29mYTVDeVJ2RTdkakdvejg2Uzh5azhuN2hrbFRGZGFORnFDZExhdk5tTlI4ZnFUVVpNdGJtczVKQW85YzNiVzdSNks3YmRMVmtVaFRtZDB3cHQ1bmZtLWRYMmNGN0NuVVc5OA?oc=5,"<a href=""https://news.google.com/rss/articles/CBMihwJBVV95cUxOUm5taGdET1VzT0tUdkZGTEVuUTNzV2JYaXJ5RHcwcHZwbXlrUkVFT3R1eHFIVlBkV0FpLVVoSmFIRUwtWllFMDMzUUlnMy1DbDIxV1h5eVJCRXdrUnpYZjZDNFdwOHNsT0QwdEVmVldBX0hfaFREUmNGckZiNHA5VGthVm9uMGhzaTREZlMtbFk0aXJJYVB2Q3BpcFN6UXVhZXFNa29mYTVDeVJ2RTdkakdvejg2Uzh5azhuN2hrbFRGZGFORnFDZExhdk5tTlI4ZnFUVVpNdGJtczVKQW85YzNiVzdSNks3YmRMVmtVaFRtZDB3cHQ1bmZtLWRYMmNGN0NuVVc5OA?oc=5"" target=""_blank"">Christian Estrosi attaqué par les propriétaires d'un hôtel de Nice, le tribunal donne raison à l'ancien maire</a>&nbsp;&nbsp;<font color=""#6f6f6f"">Actu.fr</font>","""permis de construire"" hôtel OR restaurant Côte d’Azur",À qualifier,False
ae53338571e664044bb8,2026-08-17T06:00:55Z,2026-07-05,06-83-MC,Région,Urbanisme,"Christian Estrosi attaqué par les propriétaires d'un hôtel de Nice, le tribunal donne raison à l'ancien maire - actu.fr",actu.fr,https://news.google.com/rss/articles/CBMihwJBVV95cUxOUm5taGdET1VzT0tUdkZGTEVuUTNzV2JYaXJ5RHcwcHZwbXlrUkVFT3R1eHFIVlBkV0FpLVVoSmFIRUwtWllFMDMzUUlnMy1DbDIxV1h5eVJCRXdrUnpYZjZDNFdwOHNsT0QwdEVmVldBX0hfaFREUmNGckZiNHA5VGthVm9uMGhzaTREZlMtbFk0aXJJYVB2Q3BpcFN6UXVhZXFNa29mYTVDeVJ2RTdkakdvejg2Uzh5azhuN2hrbFRGZGFORnFDZExhdk5tTlI4ZnFUVVpNdGJtczVKQW85YzNiVzdSNks3YmRMVmtVaFRtZDB3cHQ1bmZtLWRYMmNGN0NuVVc5OA?oc=5,"<a href=""https://news.google.com/rss/articles/CBMihwJBVV95cUxOUm5taGdET1VzT0tUdkZGTEVuUTNzV2JYaXJ5RHcwcHZwbXlrUkVFT3R1eHFIVlBkV0FpLVVoSmFIRUwtWllFMDMzUUlnMy1DbDIxV1h5eVJCRXdrUnpYZjZDNFdwOHNsT0QwdEVmVldBX0hfaFREUmNGckZiNHA5VGthVm9uMGhzaTREZlMtbFk0aXJJYVB2Q3BpcFN6UXVhZXFNa29mYTVDeVJ2RTdkakdvejg2Uzh5azhuN2hrbFRGZGFORnFDZExhdk5tTlI4ZnFUVVpNdGJtczVKQW85YzNiVzdSNks3YmRMVmtVaFRtZDB3cHQ1bmZtLWRYMmNGN0NuVVc5OA?oc=5"" target=""_blank"">Christian Estrosi attaqué par les propriétaires d'un hôtel de Nice, le tribunal donne raison à l'ancien maire</a>&nbsp;&nbsp;<font color=""#6f6f6f"">actu.fr</font>","""permis de construire"" hôtel OR restaurant Côte d’Azur",À qualifier,False
72f35459e73bbd0000ee,2026-08-24T06:04:16Z,2026-07-04,83,Hyères,Hyères,Huit courses hippiques pour lancer la saison estivale dimanche à l’hippodrome de Hyères - Nice-Matin,Nice-Matin,https://news.google.com/rss/articles/CBMiygFBVV95cUxQbm5PS1BIU2I1ZFozaElJR1l3MHdCTVBuWVpqUjF5alhqanpBaFNtbHlsU3drcFVjWDV6YjVjLW5SVE4yZ0lpamtGQkd1djBCUk8yVVZya0Nya3F6X3EtRmgyYTZHcXlNMGZPX19uRW5XRV9tSUNZem5UZ0hqbHpIeGhEaVhpZXVBY1cwUWVTeUxjRnVGZDFXNTZpRGxOSEZmYzhXaWlFZVVqOUVwb3ZPN2t5a0N5MHhNWnFQTWJDRlhCM0xyYmtCNG93?oc=5,"<a href=""https://news.google.com/rss/articles/CBMiygFBVV95cUxQbm5PS1BIU2I1ZFozaElJR1l3MHdCTVBuWVpqUjF5alhqanpBaFNtbHlsU3drcFVjWDV6YjVjLW5SVE4yZ0lpamtGQkd1djBCUk8yVVZya0Nya3F6X3EtRmgyYTZHcXlNMGZPX19uRW5XRV9tSUNZem5UZ0hqbHpIeGhEaVhpZXVBY1cwUWVTeUxjRnVGZDFXNTZpRGxOSEZmYzhXaWlFZVVqOUVwb3ZPN2t5a0N5MHhNWnFQTWJDRlhCM0xyYmtCNG93?oc=5"" target=""_blank"">Huit courses hippiques pour lancer la saison estivale dimanche à l’hippodrome de Hyères</a>&nbsp;&nbsp;<font color=""#6f6f6f"">Nice-Matin</font>","""ouverture"" restaurant OR plage OR hôtel Hyères",À qualifier,False
c02e5ff573ef5e6340ef,2026-08-31T11:46:15Z,2026-07-03,83,Hyères,Hyères,PizzaCosy s'implante à Hyères : une nouvelle pizzeria ouvre - Presse Agence,Presse Agence,https://news.google.com/rss/articles/CBMirwFBVV95cUxNWjFzLVdMdUlIb1FSSGt3cVJwb0g3RkdPbmFhMjVOdGUzci1zYS1NUEdETERVeVdxQ3lHNzY2R3VHdFQydks5Z2dKaU9KdDJxWXB0QjdoeXlFVHBwQjljLVZiQ2VwZ0JQYUVzbDdDcjFCVk5xQVBHSFdaTmdKT0hjeHQyWmVyU3MzakVBWktLdkFTZlp3Ukt2MnpoYUxMLVZzN3A5a0ZMTWdUY19qMm1V?oc=5,"<a href=""https://news.google.com/rss/articles/CBMirwFBVV95cUxNWjFzLVdMdUlIb1FSSGt3cVJwb0g3RkdPbmFhMjVOdGUzci1zYS1NUEdETERVeVdxQ3lHNzY2R3VHdFQydks5Z2dKaU9KdDJxWXB0QjdoeXlFVHBwQjljLVZiQ2VwZ0JQYUVzbDdDcjFCVk5xQVBHSFdaTmdKT0hjeHQyWmVyU3MzakVBWktLdkFTZlp3Ukt2MnpoYUxMLVZzN3A5a0ZMTWdUY19qMm1V?oc=5"" target=""_blank"">PizzaCosy s'implante à Hyères : une nouvelle pizzeria ouvre</a>&nbsp;&nbsp;<font color=""#6f6f6f"">Presse Agence</font>","""ouverture"" restaurant OR plage OR hôtel Hyères",À qualifier,False
49a62cbac6a5c26cc926,2026-08-31T11:46:15Z,2026-06-29,06,Nice,Nice,"Après le retard d’ouverture du restaurant du centre municipal Pierre Philippot à Saint-Tropez, la Ville dédommage l’exploitant à hauteur de 65 000 euros - Nice-Matin",Nice-Matin,https://news.google.com/rss/articles/CBMilAFBVV95cUxQLXZTMDRLRlUybTFwanZtcHZmU2dkZV9tR1poZGJwSlhzQVFsekR2dW5KRWZMeVp6VFFlOWVydDJCWXVMTGgyeW1JVkxYc0RLaU1PdlU1ZkQ2enlpZG5ETjBWb1B1OU54UFQwRTJDMGJzSGJ1YUxMLW1RdXFaZ0RwTkhjREFsbHZTcXExbmQxeW1OSmlC?oc=5,"<a href=""https://news.google.com/rss/articles/CBMilAFBVV95cUxQLXZTMDRLRlUybTFwanZtcHZmU2dkZV9tR1poZGJwSlhzQVFsekR2dW5KRWZMeVp6VFFlOWVydDJCWXVMTGgyeW1JVkxYc0RLaU1PdlU1ZkQ2enlpZG5ETjBWb1B1OU54UFQwRTJDMGJzSGJ1YUxMLW1RdXFaZ0RwTkhjREFsbHZTcXExbmQxeW1OSmlC?oc=5"" target=""_blank"">Après le retard d’ouverture du restaurant du centre municipal Pierre Philippot à Saint-Tropez, la Ville dédommage l’exploitant à hauteur de 65 000 euros</a>&nbsp;&nbsp;<font color=""#6f6f6f"">Nice-Matin</font>","""ouverture"" restaurant OR bar OR rooftop Nice",À qualifier,False
7e284a46dfdc16331c5b,2026-08-31T11:46:15Z,2026-06-22,83,Var,CHR général,"Une première depuis 25 ans : un restaurant de Toulon a reçu son étoile Michelin, l’aboutissement d’une vie de passion pour son chef - Nice-Matin",Nice-Matin,https://news.google.com/rss/articles/CBMikAJBVV95cUxQNzBpSXlPVlJZb2JaQ0pPQnM1ZWk4RUhaN3RWQ0tSWXJTRFNGVUk4QU0xdklFVTVFRUx6cWR0NWx6VndDbkRSR2pwRWZYbWlPMzlhOVhKMlVGRTdsbXItbEFqSnRkdW55RVh5dlBzUXhSbWQxTmV6dWlaMkJRYWdIakxRUEQ4LU95R3ZXOTlYZXp4SXNoRkVwdk12QllFOWNJbXlLZlVDRURyeE1MZS0xLThkTW5UN0RGeVFDMHcxVVJqWkhlUy1kRzhrLXlGVEVoRE9hZE53d002OFJZd1ZjZ010T2NCTkhLdDAyT1N1Z3RoaHpYemg5eTdwUjI0SkJ5OEFnWmtFVUQ4RXlDYWJ1Tg?oc=5,"<a href=""https://news.google.com/rss/articles/CBMikAJBVV95cUxQNzBpSXlPVlJZb2JaQ0pPQnM1ZWk4RUhaN3RWQ0tSWXJTRFNGVUk4QU0xdklFVTVFRUx6cWR0NWx6VndDbkRSR2pwRWZYbWlPMzlhOVhKMlVGRTdsbXItbEFqSnRkdW55RVh5dlBzUXhSbWQxTmV6dWlaMkJRYWdIakxRUEQ4LU95R3ZXOTlYZXp4SXNoRkVwdk12QllFOWNJbXlLZlVDRURyeE1MZS0xLThkTW5UN0RGeVFDMHcxVVJqWkhlUy1kRzhrLXlGVEVoRE9hZE53d002OFJZd1ZjZ010T2NCTkhLdDAyT1N1Z3RoaHpYemg5eTdwUjI0SkJ5OEFnWmtFVUQ4RXlDYWJ1Tg?oc=5"" target=""_blank"">Une première depuis 25 ans : un restaurant de Toulon a reçu son étoile Michelin, l’aboutissement d’une vie de passion pour son chef</a>&nbsp;&nbsp;<font color=""#6f6f6f"">Nice-Matin</font>","""ouverture"" restaurant OR hôtel OR bar Var",À qualifier,False
4562287142f8f470c38f,2026-08-17T06:00:55Z,2026-06-20,83,Fréjus Saint-Raphaël,Est Var,Rugby (Fédérale 3) : le RC Vichy à 80 minutes de la finale du championnat de France - La Montagne,La Montagne,https://news.google.com/rss/articles/CBMitwFBVV95cUxNOHdXWjJmWWJoZEJ5Y1Vrbm9EMElPSzhlQnFzTWpIVmY5cFgwWFc1cGMzTjlIOFJNS280M1RBazlfZXlTNklMQjRtVUxSTFE4NjJDSnpSbG9RWFBaQk1nYmhzT2Y4V0NxcUw0ZU0zdVpRcC1JaldVcE9mRzNoOE05U0RTazByVU40UFRnblhZTkFXZ3Bob2V6RHE4N3Z2UVFJQXNIMWVPUVB1bUJMX24tTzVISk82V1U?oc=5,"<a href=""https://news.google.com/rss/articles/CBMitwFBVV95cUxNOHdXWjJmWWJoZEJ5Y1Vrbm9EMElPSzhlQnFzTWpIVmY5cFgwWFc1cGMzTjlIOFJNS280M1RBazlfZXlTNklMQjRtVUxSTFE4NjJDSnpSbG9RWFBaQk1nYmhzT2Y4V0NxcUw0ZU0zdVpRcC1JaldVcE9mRzNoOE05U0RTazByVU40UFRnblhZTkFXZ3Bob2V6RHE4N3Z2UVFJQXNIMWVPUVB1bUJMX24tTzVISk82V1U?oc=5"" target=""_blank"">Rugby (Fédérale 3) : le RC Vichy à 80 minutes de la finale du championnat de France</a>&nbsp;&nbsp;<font color=""#6f6f6f"">La Montagne</font>","""ouverture"" restaurant OR hôtel Fréjus Saint-Raphaël",À qualifier,False
a7b51572bde89ec50904,2026-08-31T11:46:15Z,2026-06-19,83,Fréjus Saint-Raphaël,Est Var,"« On est dans une opération séduction, c’est à nous de convaincre les candidats aujourd’hui » : à Fréjus et Saint-Raphaël, les saisonniers peinent parfois à se montrer - Nice-Matin",Nice-Matin,https://news.google.com/rss/articles/CBMitwJBVV95cUxNdFZrT1lUWG42dDZxcVJoWUVfa212Vjg3STUwMVp5bk5qTVJuajNvdk1rTEFzSE9TVkREQTAwby0tNm1rUTJYaTBwTjl2Y0ZvQVNmdkZrNlphU28tdkN4SHVoMlpmbkdMRjZPWUJnbF90S3UyUVV6RU82RnNYZXllVFBpRDFNRUNZalloS2RoLS00TDlESlZaRkk4RlcybGNfYkhIQXFiYVFyVGVIeDVIWXQ4VjJkWTg0Qlp6LVQwOXVmbkVSSzRzR3RMYzVyb3daelhIOXF0ZjRpLURhTEp3Q1BjbFQzbFhpRkRfYkxsN2ZZMGNMTUFMM1c5VVFoY0lvS0VSY19YRU9Pazd5QUs1VFJFek0yYjhJSXdhVUpJY2lOSVR1LUFCRWE5aTBtS3FxVUpveVhoYw?oc=5,"<a href=""https://news.google.com/rss/articles/CBMitwJBVV95cUxNdFZrT1lUWG42dDZxcVJoWUVfa212Vjg3STUwMVp5bk5qTVJuajNvdk1rTEFzSE9TVkREQTAwby0tNm1rUTJYaTBwTjl2Y0ZvQVNmdkZrNlphU28tdkN4SHVoMlpmbkdMRjZPWUJnbF90S3UyUVV6RU82RnNYZXllVFBpRDFNRUNZalloS2RoLS00TDlESlZaRkk4RlcybGNfYkhIQXFiYVFyVGVIeDVIWXQ4VjJkWTg0Qlp6LVQwOXVmbkVSSzRzR3RMYzVyb3daelhIOXF0ZjRpLURhTEp3Q1BjbFQzbFhpRkRfYkxsN2ZZMGNMTUFMM1c5VVFoY0lvS0VSY19YRU9Pazd5QUs1VFJFek0yYjhJSXdhVUpJY2lOSVR1LUFCRWE5aTBtS3FxVUpveVhoYw?oc=5"" target=""_blank"">« On est dans une opération séduction, c’est à nous de convaincre les candidats aujourd’hui » : à Fréjus et Saint-Raphaël, les saisonniers peinent parfois à se montrer</a>&nbsp;&nbsp;<font color=""#6f6f6f"">Nice-Matin</font>","""ouverture"" restaurant OR hôtel Fréjus Saint-Raphaël",À qualifier,False
f5844a7e362989d2366e,2026-08-31T11:46:15Z,2026-06-16,83,Toulon,Toulon,"Dans le centre ancien de Toulon, Le Borsavino rouvre juste à la porte d’à côté - Nice-Matin",Nice-Matin,https://news.google.com/rss/articles/CBMi1gFBVV95cUxPeTN1aE1qVUhiS0IyM1c4T1kyV3F3Z0RpS3RCUFBBU3hNY0RHenlOekF2ZzFHVFNYOXNJQUdOMGVrQ2ZsUFBMTDBxMjFodlhlbnU2NHpIUzNuOUxsREhhVjM3eUlrU0Znb0daUmdyV3pHc3ZaeFlBYm1JWmhLbFVFOGdwX25jcTdzYlFsY1FkVmtIaHVtSVhQNDJnVjZJTU5GYXF5clFlZWdnZjlva0FHemVKU09DYW1DSUxvNXNvZU4zcVRkSkstbGJ5bnNzZ3MtNWJJZXV3?oc=5,"<a href=""https://news.google.com/rss/articles/CBMi1gFBVV95cUxPeTN1aE1qVUhiS0IyM1c4T1kyV3F3Z0RpS3RCUFBBU3hNY0RHenlOekF2ZzFHVFNYOXNJQUdOMGVrQ2ZsUFBMTDBxMjFodlhlbnU2NHpIUzNuOUxsREhhVjM3eUlrU0Znb0daUmdyV3pHc3ZaeFlBYm1JWmhLbFVFOGdwX25jcTdzYlFsY1FkVmtIaHVtSVhQNDJnVjZJTU5GYXF5clFlZWdnZjlva0FHemVKU09DYW1DSUxvNXNvZU4zcVRkSkstbGJ5bnNzZ3MtNWJJZXV3?oc=5"" target=""_blank"">Dans le centre ancien de Toulon, Le Borsavino rouvre juste à la porte d’à côté</a>&nbsp;&nbsp;<font color=""#6f6f6f"">Nice-Matin</font>","""ouverture"" restaurant OR bar OR hôtel Toulon",À qualifier,False
25cc6678f420e690c79e,2026-08-31T11:46:15Z,2026-06-14,MC,Monaco,Monaco,"À Monaco, le mythique Stars’N’Bars fait son come-back… ou presque - Nice-Matin",Nice-Matin,https://news.google.com/rss/articles/CBMiqgFBVV95cUxNdEVKMlotU1BaUGg3dnpOV3VVY3VPYXRWa2NpOENLZkFGc1NOVFd2dGxWLXpsOWVtZmxCOS1WWXU0NUJPWHZJRmh6ZnVXcHR3N1FYYnpiOWFYTEJieC1OdUdVQXJzTDdRQ24xZmdYbEZOdENUdlJCa3ZYRTN4R2hXUzdRSE1UNjRCc0dhYkp5cTFrUWVONktFUEhpemFYZDFKRU9SU3V6bUttQQ?oc=5,"<a href=""https://news.google.com/rss/articles/CBMiqgFBVV95cUxNdEVKMlotU1BaUGg3dnpOV3VVY3VPYXRWa2NpOENLZkFGc1NOVFd2dGxWLXpsOWVtZmxCOS1WWXU0NUJPWHZJRmh6ZnVXcHR3N1FYYnpiOWFYTEJieC1OdUdVQXJzTDdRQ24xZmdYbEZOdENUdlJCa3ZYRTN4R2hXUzdRSE1UNjRCc0dhYkp5cTFrUWVONktFUEhpemFYZDFKRU9SU3V6bUttQQ?oc=5"" target=""_blank"">À Monaco, le mythique Stars’N’Bars fait son come-back… ou presque</a>&nbsp;&nbsp;<font color=""#6f6f6f"">Nice-Matin</font>","""ouverture"" restaurant OR hôtel OR bar Monaco",À qualifier,False
92b2bf8665608d29f9c1,2026-08-24T06:04:16Z,2026-06-14,06,Nice,Nice,"Un an après son ouverture, ce restaurant associatif s’est imposé comme un lieu incontournable de ce village de la Roya - Nice-Matin",Nice-Matin,https://news.google.com/rss/articles/CBMihwJBVV95cUxQSnItdlQ3T0thVHh1eVFJc2k1TlFTU09fdFgxN3N4Yms2WkdBcl9TcFJJTldna2c2S21TbmVkM2NJRDdGTXYxOTFvNU1PR3gwVElyc0FndkN4UWpZdUtDX3hZUVFfXzg5Zk5nNWlqSlgyY3JiWDNxekUzdW50Z1E2cTN5b0p2bFNJaExJQmZlOVcwUkMxelprMTFoNU1ibFlodGhjU3h3YVJXVTF2RmFVU1Y2Q3p0WDM3WWpKU2wtSG5XQzNWWG13Z201djVDWVd4R3lNc3hHamlOOXN0VTg1dlk1WFRCR29fYVFuZlMweFF6WGY5U05rMGRiNnVpOFVCUnBpd3N1QQ?oc=5,"<a href=""https://news.google.com/rss/articles/CBMihwJBVV95cUxQSnItdlQ3T0thVHh1eVFJc2k1TlFTU09fdFgxN3N4Yms2WkdBcl9TcFJJTldna2c2S21TbmVkM2NJRDdGTXYxOTFvNU1PR3gwVElyc0FndkN4UWpZdUtDX3hZUVFfXzg5Zk5nNWlqSlgyY3JiWDNxekUzdW50Z1E2cTN5b0p2bFNJaExJQmZlOVcwUkMxelprMTFoNU1ibFlodGhjU3h3YVJXVTF2RmFVU1Y2Q3p0WDM3WWpKU2wtSG5XQzNWWG13Z201djVDWVd4R3lNc3hHamlOOXN0VTg1dlk1WFRCR29fYVFuZlMweFF6WGY5U05rMGRiNnVpOFVCUnBpd3N1QQ?oc=5"" target=""_blank"">Un an après son ouverture, ce restaurant associatif s’est imposé comme un lieu incontournable de ce village de la Roya</a>&nbsp;&nbsp;<font color=""#6f6f6f"">Nice-Matin</font>","""ouverture"" restaurant OR bar OR rooftop Nice",À qualifier,False
517bcc53a7701c8af3c3,2026-08-10T06:52:26Z,2026-06-14,06,Alpes-Maritimes,CHR général,Bon plan : cet hôtel Hilton près de Nice ouvre sa piscine au public à un prix raisonnable - Actu.fr,Actu.fr,https://news.google.com/rss/articles/CBMi_AFBVV95cUxPSmNkUzVvaE50elZLYThjM2dLaXBhd3Z0ZVVJdDdsQUUwVHRBUWt2dDZuOXZ3ZzM5UEM5ejlsSHpNY3N0VWEyUlNlZ1g1UHYzMTNpSDBpX0xtck9Ebi1Yd2xsaWkzbnA0M1EzbjhIQUw3ZHZxMG9KMVRBWEJpelNJQkVnQmhSclA2eVdpWUp1eTRhZkJwQ2l6bTNRNFBpM1JYNWVqeXNzcmRMTEdMT0xwSHJOTlVhbkVpT293c1lSTG1nUVdrN3F5dHpPeVZ5ZkRDalNRYzdQenViVG9hTVp5THV0V0ItU3JXTmltbXFKZGlBam9sb00xOWtVQWo?oc=5,"<a href=""https://news.google.com/rss/articles/CBMi_AFBVV95cUxPSmNkUzVvaE50elZLYThjM2dLaXBhd3Z0ZVVJdDdsQUUwVHRBUWt2dDZuOXZ3ZzM5UEM5ejlsSHpNY3N0VWEyUlNlZ1g1UHYzMTNpSDBpX0xtck9Ebi1Yd2xsaWkzbnA0M1EzbjhIQUw3ZHZxMG9KMVRBWEJpelNJQkVnQmhSclA2eVdpWUp1eTRhZkJwQ2l6bTNRNFBpM1JYNWVqeXNzcmRMTEdMT0xwSHJOTlVhbkVpT293c1lSTG1nUVdrN3F5dHpPeVZ5ZkRDalNRYzdQenViVG9hTVp5THV0V0ItU3JXTmltbXFKZGlBam9sb00xOWtVQWo?oc=5"" target=""_blank"">Bon plan : cet hôtel Hilton près de Nice ouvre sa piscine au public à un prix raisonnable</a>&nbsp;&nbsp;<font color=""#6f6f6f"">Actu.fr</font>","""ouverture"" restaurant OR hôtel OR bar Alpes-Maritimes",À qualifier,False
fee817d1309ee8f14a6d,2026-08-10T06:52:26Z,2026-06-13,83,Saint-Tropez,Saint-Tropez,Les boutiques et beach clubs qui marquent l’été 2026 - Numéro Magazine,Numéro Magazine,https://news.google.com/rss/articles/CBMibEFVX3lxTE9GTE0yMGt6RlBpbE5EWm40dDd1aHBZM2JxSWl2Szk3WERZMW5sOE5xaTJKUGFyZVpQdU1udXZvYktUOEV5SlNLX1hRSjlINm9xTmQxeVZLbnl4dEkzTV82cFBkbnE2VDc5TjdoZQ?oc=5,"<a href=""https://news.google.com/rss/articles/CBMibEFVX3lxTE9GTE0yMGt6RlBpbE5EWm40dDd1aHBZM2JxSWl2Szk3WERZMW5sOE5xaTJKUGFyZVpQdU1udXZvYktUOEV5SlNLX1hRSjlINm9xTmQxeVZLbnl4dEkzTV82cFBkbnE2VDc5TjdoZQ?oc=5"" target=""_blank"">Les boutiques et beach clubs qui marquent l’été 2026</a>&nbsp;&nbsp;<font color=""#6f6f6f"">Numéro Magazine</font>","""ouverture"" restaurant OR plage OR hôtel Saint-Tropez",À qualifier,False
feea994dd8a64fb8206b,2026-08-17T06:00:55Z,2026-06-12,06,Nice,Nice,"« Luxe discret qui respecte le territoire » : pari réussi pour ce bistro-gastro au cœur des Paillons, un an après son ouverture - Nice-Matin",Nice-Matin,https://news.google.com/rss/articles/CBMihAJBVV95cUxNaWlCeGRYbzdJM1phcjlyX0lNX3pKMGRBOUJ5RzZadUllUlNRYjh4NmthMDVvT202T0YyVkgxcEx2dktMZzJjTXBROW43QUw0QUJSa0xjQU1uTy1kTnVmaGRWakREaXNBMWZiYXVKV3lpSXB2ZmpXQm00THlITndNYXNhYVJydVhlLS1ITkZNa2wtc0FDS3ZTMFlnTEtDeWp2UDlXSEFZS3RnMnJsUGNObUp5R2J5V3g0amZQbFpEY1lZeWNRS2w3QUtIRXNBN1dCVzR2X1NpaDRIeDV6eE5Xcm00ekZKZFhYQzdpMDBfdFZOWFlOS3F6cXhnZzRicGh4b3ptUQ?oc=5,"<a href=""https://news.google.com/rss/articles/CBMihAJBVV95cUxNaWlCeGRYbzdJM1phcjlyX0lNX3pKMGRBOUJ5RzZadUllUlNRYjh4NmthMDVvT202T0YyVkgxcEx2dktMZzJjTXBROW43QUw0QUJSa0xjQU1uTy1kTnVmaGRWakREaXNBMWZiYXVKV3lpSXB2ZmpXQm00THlITndNYXNhYVJydVhlLS1ITkZNa2wtc0FDS3ZTMFlnTEtDeWp2UDlXSEFZS3RnMnJsUGNObUp5R2J5V3g0amZQbFpEY1lZeWNRS2w3QUtIRXNBN1dCVzR2X1NpaDRIeDV6eE5Xcm00ekZKZFhYQzdpMDBfdFZOWFlOS3F6cXhnZzRicGh4b3ptUQ?oc=5"" target=""_blank"">« Luxe discret qui respecte le territoire » : pari réussi pour ce bistro-gastro au cœur des Paillons, un an après son ouverture</a>&nbsp;&nbsp;<font color=""#6f6f6f"">Nice-Matin</font>","""ouverture"" restaurant OR bar OR rooftop Nice",À qualifier,False
1f07f1af317ea5fa9b59,2026-08-31T11:46:15Z,2026-06-11,06,Menton,Menton,"Carte méditerranéenne et esprit jardin : le seul hôtel cinq étoiles de Menton inaugure le « Rogina », un restaurant ouvert à tous - Nice-Matin",Nice-Matin,https://news.google.com/rss/articles/CBMiiAJBVV95cUxOLVBvWGNhdllxeElhdjg1eUxRZUtYal9qa3dheGpYdDVwZWRoNWpFZnd1Y0VSNnlaMURrRnhUS05WanpsaTN0X1Y2c2syZzlDcTUyZnN4MGpTdFJQMk1uRVBfc3VidWNzYkV6TjV0TTNqWHdoQTJpOHlMU1dsMWhSMDdLa09DdEVFWVdrTVZlcE5abW5UR1FqOTZfWXhSZWdUTnVWakJfQllvckQtbUplWGlJeFAwQUxxYnNJOEwxd2w5dkoxcWRxV2NmVVZhOGl1d3NxN3ZVX3NUNllFREVheUJPSTBQR2JjcFNNb0VPUlVSQVVSUTF6WEhqcjlCc2pCbG1WRkZUeHA?oc=5,"<a href=""https://news.google.com/rss/articles/CBMiiAJBVV95cUxOLVBvWGNhdllxeElhdjg1eUxRZUtYal9qa3dheGpYdDVwZWRoNWpFZnd1Y0VSNnlaMURrRnhUS05WanpsaTN0X1Y2c2syZzlDcTUyZnN4MGpTdFJQMk1uRVBfc3VidWNzYkV6TjV0TTNqWHdoQTJpOHlMU1dsMWhSMDdLa09DdEVFWVdrTVZlcE5abW5UR1FqOTZfWXhSZWdUTnVWakJfQllvckQtbUplWGlJeFAwQUxxYnNJOEwxd2w5dkoxcWRxV2NmVVZhOGl1d3NxN3ZVX3NUNllFREVheUJPSTBQR2JjcFNNb0VPUlVSQVVSUTF6WEhqcjlCc2pCbG1WRkZUeHA?oc=5"" target=""_blank"">Carte méditerranéenne et esprit jardin : le seul hôtel cinq étoiles de Menton inaugure le « Rogina », un restaurant ouvert à tous</a>&nbsp;&nbsp;<font color=""#6f6f6f"">Nice-Matin</font>","""ouverture"" restaurant OR hôtel OR bar Menton",À qualifier,False
ce8bcb4318fc80157090,2026-08-31T11:46:15Z,2026-06-08,83,Toulon,Toulon,"Sur les plages du Mourillon à Toulon, Irfan Lesmana nous dévoile sa recette du carpaccio de thon rouge - ici.fr",ici.fr,https://news.google.com/rss/articles/CBMigAJBVV95cUxQWF9MVjRmZktHNUpYUHJsa084OF9wM0lhdF95RjhiZzFGY19EeDlmNDhab2FrTGZMektWTTI5OUhuZTh1d0pYNzYyM0pQMmNmeVNHcGhUXzJrLXRERElScG5LNkRGZi10emVna2tJbUlYTXpSZ0x0c1dWOTBPRDlqRlJDYnRQOFVtLWd0Q0JlcXhpYVVnaElmWER3UUVUeTE5MEdSMXIteFhXaFYtTUFQZ1BlREpsaWhtZHZ0Qnd2OEJpbmdvbVRTeWVFeHhQTE4zVF8yczhOVUkyWVRiNzlvS080RmFIQTBGT05IblV5SWc3c1BUUGQzMXRTTkhPRDQz?oc=5,"<a href=""https://news.google.com/rss/articles/CBMigAJBVV95cUxQWF9MVjRmZktHNUpYUHJsa084OF9wM0lhdF95RjhiZzFGY19EeDlmNDhab2FrTGZMektWTTI5OUhuZTh1d0pYNzYyM0pQMmNmeVNHcGhUXzJrLXRERElScG5LNkRGZi10emVna2tJbUlYTXpSZ0x0c1dWOTBPRDlqRlJDYnRQOFVtLWd0Q0JlcXhpYVVnaElmWER3UUVUeTE5MEdSMXIteFhXaFYtTUFQZ1BlREpsaWhtZHZ0Qnd2OEJpbmdvbVRTeWVFeHhQTE4zVF8yczhOVUkyWVRiNzlvS080RmFIQTBGT05IblV5SWc3c1BUUGQzMXRTTkhPRDQz?oc=5"" target=""_blank"">Sur les plages du Mourillon à Toulon, Irfan Lesmana nous dévoile sa recette du carpaccio de thon rouge</a>&nbsp;&nbsp;<font color=""#6f6f6f"">ici.fr</font>","""ouverture"" restaurant OR bar OR hôtel Toulon",À qualifier,False
d1bcff7d2be473374921,2026-08-31T11:46:15Z,2026-06-07,83,Saint-Tropez,Saint-Tropez,Dior installe un second restaurant Monsieur Dior en France - Journal du Luxe,Journal du Luxe,https://news.google.com/rss/articles/CBMiogFBVV95cUxPTjhWUVRIclAwZHg1VndOYmdYS294RXFoaG1PWmt5bVZpdXlYZlYxTFRyVnBlY3F4YWVzUEFDcF96Rk9MRzdjelBDMkJ4XzVyYmE0SXUwLXVkQjI5eEZWeGNuaTBGWFZ2Y2pIR01rWklTNG1zRU01NEctaDNmVERuODRISmU1TmxnZkpGYXhFd2xadHRWUkVKNmpuN3ZNUTd3c0HSAacBQVVfeXFMUFhjRDg3dHQtc3BRUjJRSjFtY1Rnc2V5dVdZNGVORG95dDR3Yzc5NFVQaFltRUQ5a1dUWV84WEJDTVo1VFVBYjRTZHBVQjBjaUEtRmhTUWVMNGU0U3Y1UjJiODY5SU5fSWh3dFJBTG5MbHNRaVdyMGpXOC1uSEZnUW5TV0lZLV81UTlvYVhkZDkxMnJjOVFlSmQ0U0lZa3ZUVmxZR1ljNDA?oc=5,"<a href=""https://news.google.com/rss/articles/CBMiogFBVV95cUxPTjhWUVRIclAwZHg1VndOYmdYS294RXFoaG1PWmt5bVZpdXlYZlYxTFRyVnBlY3F4YWVzUEFDcF96Rk9MRzdjelBDMkJ4XzVyYmE0SXUwLXVkQjI5eEZWeGNuaTBGWFZ2Y2pIR01rWklTNG1zRU01NEctaDNmVERuODRISmU1TmxnZkpGYXhFd2xadHRWUkVKNmpuN3ZNUTd3c0HSAacBQVVfeXFMUFhjRDg3dHQtc3BRUjJRSjFtY1Rnc2V5dVdZNGVORG95dDR3Yzc5NFVQaFltRUQ5a1dUWV84WEJDTVo1VFVBYjRTZHBVQjBjaUEtRmhTUWVMNGU0U3Y1UjJiODY5SU5fSWh3dFJBTG5MbHNRaVdyMGpXOC1uSEZnUW5TV0lZLV81UTlvYVhkZDkxMnJjOVFlSmQ0U0lZa3ZUVmxZR1ljNDA?oc=5"" target=""_blank"">Dior installe un second restaurant Monsieur Dior en France</a>&nbsp;&nbsp;<font color=""#6f6f6f"">Journal du Luxe</font>","""ouverture"" restaurant OR plage OR hôtel Saint-Tropez",À qualifier,False
6543955b4d09b5e1470c,2026-08-10T06:52:26Z,2026-06-07,06,Alpes-Maritimes,CHR général,"À Nice, le Palais de la Méditerranée à la folle histoire rouvre après 50 millions d’euros de travaux - Le Parisien",Le Parisien,https://news.google.com/rss/articles/CBMikwJBVV95cUxQOEJ6aXVNWG05MW15X18xNU5selZqRjk0QXdzbVN3Vm80NWFad0dzUGdHNFpyb3hTTWhvTV9wT0lYSFlOemszUlkwUFE3YVlnZnoxYzZHWkVaUkhDVmN6VTZqNk42WUFoVW52MW9lbWdqWFJqbFJwNVRBWVhpYmJzSi1HNTFkZkZDQ19Qam9vMThEYWdVYndpVVluNHdJVWZUVnFtbFZMLTJ4M0VONGdrazJzZWJwWEJFdENZWmFDTUd0R3RRVklqNnlBWlNMU185QlByWWxwOWxKbHpUVWljZ1V0WURKZThfQjdydjQ1YmZicFg0bXlkWFdscGJ1RzJMQ2NJenZCMmJXUG5IeVZ0eEtQOA?oc=5,"<a href=""https://news.google.com/rss/articles/CBMikwJBVV95cUxQOEJ6aXVNWG05MW15X18xNU5selZqRjk0QXdzbVN3Vm80NWFad0dzUGdHNFpyb3hTTWhvTV9wT0lYSFlOemszUlkwUFE3YVlnZnoxYzZHWkVaUkhDVmN6VTZqNk42WUFoVW52MW9lbWdqWFJqbFJwNVRBWVhpYmJzSi1HNTFkZkZDQ19Qam9vMThEYWdVYndpVVluNHdJVWZUVnFtbFZMLTJ4M0VONGdrazJzZWJwWEJFdENZWmFDTUd0R3RRVklqNnlBWlNMU185QlByWWxwOWxKbHpUVWljZ1V0WURKZThfQjdydjQ1YmZicFg0bXlkWFdscGJ1RzJMQ2NJenZCMmJXUG5IeVZ0eEtQOA?oc=5"" target=""_blank"">À Nice, le Palais de la Méditerranée à la folle histoire rouvre après 50 millions d’euros de travaux</a>&nbsp;&nbsp;<font color=""#6f6f6f"">Le Parisien</font>","""ouverture"" restaurant OR hôtel OR bar Alpes-Maritimes",À qualifier,False
9371b82595203cd6c933,2026-08-31T11:46:15Z,2026-06-06,MC,Monaco,Monaco,MONACO : Hôtellerie de luxe - La Sivolière annonce l'ouverture d'un second établissement à Courchevel - Presse Agence,Presse Agence,https://news.google.com/rss/articles/CBMivAFBVV95cUxNSWthS21nUlU5QVVndE5ZTFk0bUxjMVdnMGFtazVmUjNRYmJuOTd5SXVFNENQX3Y0ZXp5WFUyX3JFUzRYNlRUSkxwMW9YM2pPVWhPYlhHUi1NMWlJRTFRNGZ5MmloQmdfSTNKSWtabzR6NWo5eW9iWFFVWkpEdE00SlFDaGdMMU9MbkRPc3h0TEVCc1IxdVhoS0EwSnRFRVpBZ3hxMlgyYnFIcEhpd0k1dkxzajB4YVdjSkRjcg?oc=5,"<a href=""https://news.google.com/rss/articles/CBMivAFBVV95cUxNSWthS21nUlU5QVVndE5ZTFk0bUxjMVdnMGFtazVmUjNRYmJuOTd5SXVFNENQX3Y0ZXp5WFUyX3JFUzRYNlRUSkxwMW9YM2pPVWhPYlhHUi1NMWlJRTFRNGZ5MmloQmdfSTNKSWtabzR6NWo5eW9iWFFVWkpEdE00SlFDaGdMMU9MbkRPc3h0TEVCc1IxdVhoS0EwSnRFRVpBZ3hxMlgyYnFIcEhpd0k1dkxzajB4YVdjSkRjcg?oc=5"" target=""_blank"">MONACO : Hôtellerie de luxe - La Sivolière annonce l'ouverture d'un second établissement à Courchevel</a>&nbsp;&nbsp;<font color=""#6f6f6f"">Presse Agence</font>","""ouverture"" restaurant OR hôtel OR bar Monaco",À qualifier,False
e81311aac28bc8aa0bef,2026-08-31T11:46:15Z,2026-06-03,06,Antibes,Antibes,L’été au Cap d’Antibes Beach Hôtel - InfoTravel.fr,InfoTravel.fr,https://news.google.com/rss/articles/CBMiekFVX3lxTE53QUhPVHBvaXJSM3ZwZV9TSkxQTHlfYnFnWkltTlBFNlVYZjd6QWpRT21NdEJ6bnpUZS05d0diZkNYRi1iTjFaOVZwTFdvVFJET19EOThvM1BmNm9FQ2JybUxJUkhaM2gtQk5OR01HZjg0U2I4bENYdm5R?oc=5,"<a href=""https://news.google.com/rss/articles/CBMiekFVX3lxTE53QUhPVHBvaXJSM3ZwZV9TSkxQTHlfYnFnWkltTlBFNlVYZjd6QWpRT21NdEJ6bnpUZS05d0diZkNYRi1iTjFaOVZwTFdvVFJET19EOThvM1BmNm9FQ2JybUxJUkhaM2gtQk5OR01HZjg0U2I4bENYdm5R?oc=5"" target=""_blank"">L’été au Cap d’Antibes Beach Hôtel</a>&nbsp;&nbsp;<font color=""#6f6f6f"">InfoTravel.fr</font>","""ouverture"" restaurant OR hôtel OR bar Antibes",À qualifier,False
8a70537b49c29344c522,2026-08-31T11:46:15Z,2026-06-03,83,Saint-Tropez,Saint-Tropez,"Après Paris et Venise, Nolinski s’installe aux portes de Saint-Tropez - L'Hôtellerie Restauration",L'Hôtellerie Restauration,https://news.google.com/rss/articles/CBMiugFBVV95cUxNNjZ6RVJjS3lYVVhfd1ZSX25CdUYyZ1FfYVQwTE01bWU1RldqZmVoejNxa0FySjA5LWFGREM1Qy1Tc05GSjlHN0RCeWhOaVZqdWxtdzdIaXY5WEFLNFpVVndTNkxRWXoxT204WDM1NGpqNnRaN0FxNHZmV2o5U1hDbUF2VGZZd2FWTksxRGY0QzNPdHIxRXBhb0hpN3dLWmVUTEVjZ05QQ1NyX3FmMS1ycWRsQWdTRVNJS1E?oc=5,"<a href=""https://news.google.com/rss/articles/CBMiugFBVV95cUxNNjZ6RVJjS3lYVVhfd1ZSX25CdUYyZ1FfYVQwTE01bWU1RldqZmVoejNxa0FySjA5LWFGREM1Qy1Tc05GSjlHN0RCeWhOaVZqdWxtdzdIaXY5WEFLNFpVVndTNkxRWXoxT204WDM1NGpqNnRaN0FxNHZmV2o5U1hDbUF2VGZZd2FWTksxRGY0QzNPdHIxRXBhb0hpN3dLWmVUTEVjZ05QQ1NyX3FmMS1ycWRsQWdTRVNJS1E?oc=5"" target=""_blank"">Après Paris et Venise, Nolinski s’installe aux portes de Saint-Tropez</a>&nbsp;&nbsp;<font color=""#6f6f6f"">L'Hôtellerie Restauration</font>","""ouverture"" restaurant OR plage OR hôtel Saint-Tropez",À qualifier,True
66ec654b520e20634ab1,2026-08-31T11:46:15Z,2026-06-01,06,Nice,Nice,Ricardo Pérez signe l’ouverture de Zenirō à Nice - Les Nouvelles Gastronomiques,Les Nouvelles Gastronomiques,https://news.google.com/rss/articles/CBMitgFBVV95cUxQR2VOM21xRE1pa2VOWElZeWdaX2FvQmI3azBsQXR0TkNTQjZ2V1lmZnFlajQ3Qjl3VzJkYnZ6VWotcm1laGxmOFVJV0c2bWkxQVZWUldhWjF6cXNqSHdNUktjd2RHZ1VHUjloaFFyQW93WTJSSWNDZUdRQjN2Sm5GemhKcXp3TzN5WjF5Y2ctSDNPUGhySU5ZeTZNYWYzVXlyeHdmRVFWeGdZVmw5ZjBkSUhBd0VJUQ?oc=5,"<a href=""https://news.google.com/rss/articles/CBMitgFBVV95cUxQR2VOM21xRE1pa2VOWElZeWdaX2FvQmI3azBsQXR0TkNTQjZ2V1lmZnFlajQ3Qjl3VzJkYnZ6VWotcm1laGxmOFVJV0c2bWkxQVZWUldhWjF6cXNqSHdNUktjd2RHZ1VHUjloaFFyQW93WTJSSWNDZUdRQjN2Sm5GemhKcXp3TzN5WjF5Y2ctSDNPUGhySU5ZeTZNYWYzVXlyeHdmRVFWeGdZVmw5ZjBkSUhBd0VJUQ?oc=5"" target=""_blank"">Ricardo Pérez signe l’ouverture de Zenirō à Nice</a>&nbsp;&nbsp;<font color=""#6f6f6f"">Les Nouvelles Gastronomiques</font>","""ouverture"" restaurant OR bar OR rooftop Nice",À qualifier,False
44aa2387ebb6c89e18a4,2026-08-17T06:00:55Z,2026-06-01,06,Cannes,Cannes,SOHOMA lance Anchor Living Apartments à Cannes en 2026 - La Tribune de l'Hôtellerie,La Tribune de l'Hôtellerie,https://news.google.com/rss/articles/CBMikwFBVV95cUxPSThLNGxYdlM3T1I1VWdzUkpZMFlnVHVLRWloalpQZm9GS2c4U05sS01PSjVlcnVESFBLcVJadFJGM3U2VF9BRVJJNEE5ZUpvUk9hSU9Td3lRSVFiVWRXTm1mMDVTOGFaNUdKSW84ZnktQ0hCWjUzRGVZbFFkbW5ScG9IdkRobFg0RjZfdUxwdTREUUU?oc=5,"<a href=""https://news.google.com/rss/articles/CBMikwFBVV95cUxPSThLNGxYdlM3T1I1VWdzUkpZMFlnVHVLRWloalpQZm9GS2c4U05sS01PSjVlcnVESFBLcVJadFJGM3U2VF9BRVJJNEE5ZUpvUk9hSU9Td3lRSVFiVWRXTm1mMDVTOGFaNUdKSW84ZnktQ0hCWjUzRGVZbFFkbW5ScG9IdkRobFg0RjZfdUxwdTREUUU?oc=5"" target=""_blank"">SOHOMA lance Anchor Living Apartments à Cannes en 2026</a>&nbsp;&nbsp;<font color=""#6f6f6f"">La Tribune de l'Hôtellerie</font>","""ouverture"" restaurant OR hôtel OR plage Cannes",À qualifier,False
046be2751f97e6bc03fc,2026-08-10T06:52:26Z,2026-06-01,06,Alpes-Maritimes,CHR général,Tous au restaurant : les belles tables des Alpes-Maritimes ouvrent leurs portes à prix réduit ! - Radio France,Radio France,https://news.google.com/rss/articles/CBMikwJBVV95cUxQZkNuU0NuVE1JMHd6YmkxbExMaXFWUWJiQk5nNDdLWFZ2R0lBOTh1b2VvYi0tUjM3M3RFRG1ZeGpuSGdaZFNhXzFoZDVCNi1vWGpsUllFeURGZ2FuWjlTc3JoUjVqMEJLN3VCM1o5elB3OWk5X0dOeEM3cHpGcktaMXJPRU5Fdkt3Ymp6R25sbENtVFVrUk84ZVJraXlSYzNCSGxnbjNBb1hZdUoyUkMxcFFNT3pEUlk0dHNpaG5HM25YNVNybTBvS1ZXVjgyaW1hY3R5NlcwV0RjOEVIZzhJblQ0N053MWNaQkZ5Z25FVXZOeVRDM0VadGVtMmczWUo3WjNMZ3RSWXlvVWRqUjdDN1FrZw?oc=5,"<a href=""https://news.google.com/rss/articles/CBMikwJBVV95cUxQZkNuU0NuVE1JMHd6YmkxbExMaXFWUWJiQk5nNDdLWFZ2R0lBOTh1b2VvYi0tUjM3M3RFRG1ZeGpuSGdaZFNhXzFoZDVCNi1vWGpsUllFeURGZ2FuWjlTc3JoUjVqMEJLN3VCM1o5elB3OWk5X0dOeEM3cHpGcktaMXJPRU5Fdkt3Ymp6R25sbENtVFVrUk84ZVJraXlSYzNCSGxnbjNBb1hZdUoyUkMxcFFNT3pEUlk0dHNpaG5HM25YNVNybTBvS1ZXVjgyaW1hY3R5NlcwV0RjOEVIZzhJblQ0N053MWNaQkZ5Z25FVXZOeVRDM0VadGVtMmczWUo3WjNMZ3RSWXlvVWRqUjdDN1FrZw?oc=5"" target=""_blank"">Tous au restaurant : les belles tables des Alpes-Maritimes ouvrent leurs portes à prix réduit !</a>&nbsp;&nbsp;<font color=""#6f6f6f"">Radio France</font>","""ouverture"" restaurant OR hôtel OR bar Alpes-Maritimes",À qualifier,False
271ce5dbeb79e7a8ddc4,2026-08-31T11:46:15Z,2026-05-27,06,Antibes,Antibes,Economie - Hilton renforce sa présence sur la Côte d’Azur avec une ouverture à Villeneuve-Loubet - Petites Affiches,Petites Affiches,https://news.google.com/rss/articles/CBMipwFBVV95cUxPdldUVmcxTjNOLWx5STRmYVJRNXNuZUE0TmNxbUdIUVV2SDhhZnJIT2NGS3JDZlIxSWgzckwxSWVWUGNiQ1lORWwtaXZiNFlhd0k3MUljS3YtanVZdncwdU5BdlY0NnExc2ZzYWJlQm51cDhXUkE0VVBLU2pFTzhGUmw2akNQZHA3N3RGTHdUejRnNzNLaTJqcGtRT2s4MGIzbDhJcTZTaw?oc=5,"<a href=""https://news.google.com/rss/articles/CBMipwFBVV95cUxPdldUVmcxTjNOLWx5STRmYVJRNXNuZUE0TmNxbUdIUVV2SDhhZnJIT2NGS3JDZlIxSWgzckwxSWVWUGNiQ1lORWwtaXZiNFlhd0k3MUljS3YtanVZdncwdU5BdlY0NnExc2ZzYWJlQm51cDhXUkE0VVBLU2pFTzhGUmw2akNQZHA3N3RGTHdUejRnNzNLaTJqcGtRT2s4MGIzbDhJcTZTaw?oc=5"" target=""_blank"">Economie - Hilton renforce sa présence sur la Côte d’Azur avec une ouverture à Villeneuve-Loubet</a>&nbsp;&nbsp;<font color=""#6f6f6f"">Petites Affiches</font>","""ouverture"" restaurant OR hôtel OR bar Antibes",À qualifier,False
5a64dda01e7f73905772,2026-08-31T11:46:15Z,2026-05-27,83,Toulon,Toulon,"« On vise 2 millions d’euros à Toulon » : Après Nice et Marseille, le concept de restaurants « Le Yen » ouvre sur les plages du Mourillon - Nice-Matin",Nice-Matin,https://news.google.com/rss/articles/CBMi_wFBVV95cUxQVUQxWlR2QVdDUVJsS3UyRmRYaGhCNmhKSmNxU3lUQzktWWx3RE5ZdVEwRHdkQlBnVFNCc1BvT0d4eGVsTlNQOEYzZmhQeEpBbnJ4UkZ0bHpORUVEV0hsMkRwc29GVFBiZEpXTFRtTHhldGVORVN0a21wMVdYTzhDaTdaV0JMQ3dwZExob19oUk5MV2VfSDlFQUhrOWp5a05RTFpRWVpUNnZUU1dpejNzcVZoSzA0V2p6MlVZQUdCYkstT1VNZU0xcVdrZ01mNHRtWllTMDhkQlBNemhIWUtjNkVyX0dTZUxEcjVOUXNWZXBId09JQl9UX1V5UkFZWjQ?oc=5,"<a href=""https://news.google.com/rss/articles/CBMi_wFBVV95cUxQVUQxWlR2QVdDUVJsS3UyRmRYaGhCNmhKSmNxU3lUQzktWWx3RE5ZdVEwRHdkQlBnVFNCc1BvT0d4eGVsTlNQOEYzZmhQeEpBbnJ4UkZ0bHpORUVEV0hsMkRwc29GVFBiZEpXTFRtTHhldGVORVN0a21wMVdYTzhDaTdaV0JMQ3dwZExob19oUk5MV2VfSDlFQUhrOWp5a05RTFpRWVpUNnZUU1dpejNzcVZoSzA0V2p6MlVZQUdCYkstT1VNZU0xcVdrZ01mNHRtWllTMDhkQlBNemhIWUtjNkVyX0dTZUxEcjVOUXNWZXBId09JQl9UX1V5UkFZWjQ?oc=5"" target=""_blank"">« On vise 2 millions d’euros à Toulon » : Après Nice et Marseille, le concept de restaurants « Le Yen » ouvre sur les plages du Mourillon</a>&nbsp;&nbsp;<font color=""#6f6f6f"">Nice-Matin</font>","""ouverture"" restaurant OR bar OR hôtel Toulon",À qualifier,False
3f7281834132c863ce43,2026-08-17T06:00:55Z,2026-05-27,06,Antibes,Antibes,Hilton renforce sa présence sur la Côte d’Azur avec une ouverture à Villeneuve-Loubet - Petites Affiches,Petites Affiches,https://news.google.com/rss/articles/CBMipwFBVV95cUxPdldUVmcxTjNOLWx5STRmYVJRNXNuZUE0TmNxbUdIUVV2SDhhZnJIT2NGS3JDZlIxSWgzckwxSWVWUGNiQ1lORWwtaXZiNFlhd0k3MUljS3YtanVZdncwdU5BdlY0NnExc2ZzYWJlQm51cDhXUkE0VVBLU2pFTzhGUmw2akNQZHA3N3RGTHdUejRnNzNLaTJqcGtRT2s4MGIzbDhJcTZTaw?oc=5,"<a href=""https://news.google.com/rss/articles/CBMipwFBVV95cUxPdldUVmcxTjNOLWx5STRmYVJRNXNuZUE0TmNxbUdIUVV2SDhhZnJIT2NGS3JDZlIxSWgzckwxSWVWUGNiQ1lORWwtaXZiNFlhd0k3MUljS3YtanVZdncwdU5BdlY0NnExc2ZzYWJlQm51cDhXUkE0VVBLU2pFTzhGUmw2akNQZHA3N3RGTHdUejRnNzNLaTJqcGtRT2s4MGIzbDhJcTZTaw?oc=5"" target=""_blank"">Hilton renforce sa présence sur la Côte d’Azur avec une ouverture à Villeneuve-Loubet</a>&nbsp;&nbsp;<font color=""#6f6f6f"">Petites Affiches</font>","""ouverture"" restaurant OR hôtel OR bar Antibes",À qualifier,False
b2f5b999e4cfa7e6566f,2026-08-10T06:52:26Z,2026-05-27,06,Antibes,Antibes,Economie - Hilton renforce sa présence sur la Côte d’Azur avec une ouverture à Villeneuve-Loubet - petitesaffiches.fr,petitesaffiches.fr,https://news.google.com/rss/articles/CBMipwFBVV95cUxPdldUVmcxTjNOLWx5STRmYVJRNXNuZUE0TmNxbUdIUVV2SDhhZnJIT2NGS3JDZlIxSWgzckwxSWVWUGNiQ1lORWwtaXZiNFlhd0k3MUljS3YtanVZdncwdU5BdlY0NnExc2ZzYWJlQm51cDhXUkE0VVBLU2pFTzhGUmw2akNQZHA3N3RGTHdUejRnNzNLaTJqcGtRT2s4MGIzbDhJcTZTaw?oc=5,"<a href=""https://news.google.com/rss/articles/CBMipwFBVV95cUxPdldUVmcxTjNOLWx5STRmYVJRNXNuZUE0TmNxbUdIUVV2SDhhZnJIT2NGS3JDZlIxSWgzckwxSWVWUGNiQ1lORWwtaXZiNFlhd0k3MUljS3YtanVZdncwdU5BdlY0NnExc2ZzYWJlQm51cDhXUkE0VVBLU2pFTzhGUmw2akNQZHA3N3RGTHdUejRnNzNLaTJqcGtRT2s4MGIzbDhJcTZTaw?oc=5"" target=""_blank"">Economie - Hilton renforce sa présence sur la Côte d’Azur avec une ouverture à Villeneuve-Loubet</a>&nbsp;&nbsp;<font color=""#6f6f6f"">petitesaffiches.fr</font>","""ouverture"" restaurant OR hôtel OR bar Antibes",À qualifier,False
b671f0c765d5e58257db,2026-08-31T11:46:15Z,2026-05-25,06,Cannes,Cannes,L’hôtel Lepoussin ouvre ses portes à Cannes - Business Immo,Business Immo,https://news.google.com/rss/articles/CBMiogFBVV95cUxQNjVCR1JrZ1RaTjRJdXVYWWdHWllBeXdTeWw3UmRSa3FHa2NqcjJyRFZHd3p2YlB4RktqeUlGMHY1dDMtamlOSEJqeGdFNnVQenZvZm5ZTlBhTUZJRlJxcWRGUEIyLWhONXpvLTV3WnRnSzNmUnhuSnRpY1dXdHQ4eG5BNEJEQ29icTVUSXZMM1NUN2RNd2dEeTF4QTluU3pTY3c?oc=5,"<a href=""https://news.google.com/rss/articles/CBMiogFBVV95cUxQNjVCR1JrZ1RaTjRJdXVYWWdHWllBeXdTeWw3UmRSa3FHa2NqcjJyRFZHd3p2YlB4RktqeUlGMHY1dDMtamlOSEJqeGdFNnVQenZvZm5ZTlBhTUZJRlJxcWRGUEIyLWhONXpvLTV3WnRnSzNmUnhuSnRpY1dXdHQ4eG5BNEJEQ29icTVUSXZMM1NUN2RNd2dEeTF4QTluU3pTY3c?oc=5"" target=""_blank"">L’hôtel Lepoussin ouvre ses portes à Cannes</a>&nbsp;&nbsp;<font color=""#6f6f6f"">Business Immo</font>","""ouverture"" restaurant OR hôtel OR plage Cannes",À qualifier,False
08a9f3e6a7f3a5e99c84,2026-08-31T11:46:15Z,2026-05-25,83,Saint-Tropez,Saint-Tropez,Evok Collection révèle l’hôtel Nolinski Golfe de Saint-Tropez pour 2027 - La Revue Des Hotels,La Revue Des Hotels,https://news.google.com/rss/articles/CBMi4wFBVV95cUxPdU9yWmY0N2prSXhfYVExZGpUaGZudDlKbkttVGgybldVSkZpR0s3M3J3UFVCcUgxM0VEeUhDSzJtZFZqNXJTSUhRV2dZbmlpSG5LX21CS3RrWU9VZnZCb3VneHV1Z1B6c2pEUkVva0RfSmlJVEh0N1hOM0RaSHZob3pyOVN6aGx5Zm1YQWZFYjYya0tWaktFNGdRUDdieUl1b2JxdjJmWkZQNlhTUU5yN1pmM2hVWGMwQVh6QWhkYWhBcklObUZuMlNCMTNKRG5NMVQxR3BEWVA3czY2clBiM1JtQQ?oc=5,"<a href=""https://news.google.com/rss/articles/CBMi4wFBVV95cUxPdU9yWmY0N2prSXhfYVExZGpUaGZudDlKbkttVGgybldVSkZpR0s3M3J3UFVCcUgxM0VEeUhDSzJtZFZqNXJTSUhRV2dZbmlpSG5LX21CS3RrWU9VZnZCb3VneHV1Z1B6c2pEUkVva0RfSmlJVEh0N1hOM0RaSHZob3pyOVN6aGx5Zm1YQWZFYjYya0tWaktFNGdRUDdieUl1b2JxdjJmWkZQNlhTUU5yN1pmM2hVWGMwQVh6QWhkYWhBcklObUZuMlNCMTNKRG5NMVQxR3BEWVA3czY2clBiM1JtQQ?oc=5"" target=""_blank"">Evok Collection révèle l’hôtel Nolinski Golfe de Saint-Tropez pour 2027</a>&nbsp;&nbsp;<font color=""#6f6f6f"">La Revue Des Hotels</font>","""ouverture"" restaurant OR plage OR hôtel Saint-Tropez",À qualifier,True
85c42725878042ed65c2,2026-08-31T11:46:15Z,2026-05-23,06,Cannes,Cannes,"Hôtel Martinez, yacht privé : l’arrivée rocambolesque d’ALO Yoga à Cannes - parismatch.com",parismatch.com,https://news.google.com/rss/articles/CBMivgFBVV95cUxNS1RvcmRCN21zOGdhM09ody1UbS1rLWJDS3FWR3E5NlFIcUh0OG1qRV9MR29QaW9La2dZaW9vV1dKaDF4RTJmMk1KSDFCV3EybjItcmNLalRZMVp1RGNVd1AyMlpabVlLcVI0WnBjWGNMVU9rZFh1bGkyV2JOaHgzcUkwQVVqZUg5UGE4cEY5UWJXTFlzQlF1T3JGLUQxdHZVTTVpdUs0MGdHU3RQVGNEei1fcVJVZGVaNWxjbFhn?oc=5,"<a href=""https://news.google.com/rss/articles/CBMivgFBVV95cUxNS1RvcmRCN21zOGdhM09ody1UbS1rLWJDS3FWR3E5NlFIcUh0OG1qRV9MR29QaW9La2dZaW9vV1dKaDF4RTJmMk1KSDFCV3EybjItcmNLalRZMVp1RGNVd1AyMlpabVlLcVI0WnBjWGNMVU9rZFh1bGkyV2JOaHgzcUkwQVVqZUg5UGE4cEY5UWJXTFlzQlF1T3JGLUQxdHZVTTVpdUs0MGdHU3RQVGNEei1fcVJVZGVaNWxjbFhn?oc=5"" target=""_blank"">Hôtel Martinez, yacht privé : l’arrivée rocambolesque d’ALO Yoga à Cannes</a>&nbsp;&nbsp;<font color=""#6f6f6f"">parismatch.com</font>","""ouverture"" restaurant OR hôtel OR plage Cannes",À qualifier,False
a1f2c6c2c3b6d05c1153,2026-08-31T11:46:15Z,2026-05-22,83,Toulon,Toulon,« Une cuisine fusion qui met en valeur les produits de la Méditerranée » : une brasserie japonaise ouvre sur les plages du Mourillon à Toulon - Nice-Matin,Nice-Matin,https://news.google.com/rss/articles/CBMiowJBVV95cUxNSDg0X2sybDFrakp0TGgxaXZuVlBOMldjTVR6THpKbGNwYmhyWWs5Si1TR2FBRU50QWdtb2lINWhTR3otWXd2RXF6MnJmR3c4c1h2dEdmdkFuM1l3VVFKR1J2b2RiUWV2UzVpTVZJT2pfd0hXbWVpVDA2NjJreE8wRDVWZkdZZDMzSHhsVWlaOFpjZTlHWjhqMU5hc3JtZF9jUUVIRXUzNHA3NmRmWXNNV2ZIWEFsaV82bk5LSjJGMVlxVVpEaXBoRDRldHRwc3NQMXRHdzY4SDY5QVAxbHl1VUNqYWRQejZuMXV1Y3VRcXpCVGRZUFdHQlI5YmY2ODYtelYzUmtCUWU3ZGxaNXVxbEw1Uzd2Q3p6MldzMmJrT1F0T2s?oc=5,"<a href=""https://news.google.com/rss/articles/CBMiowJBVV95cUxNSDg0X2sybDFrakp0TGgxaXZuVlBOMldjTVR6THpKbGNwYmhyWWs5Si1TR2FBRU50QWdtb2lINWhTR3otWXd2RXF6MnJmR3c4c1h2dEdmdkFuM1l3VVFKR1J2b2RiUWV2UzVpTVZJT2pfd0hXbWVpVDA2NjJreE8wRDVWZkdZZDMzSHhsVWlaOFpjZTlHWjhqMU5hc3JtZF9jUUVIRXUzNHA3NmRmWXNNV2ZIWEFsaV82bk5LSjJGMVlxVVpEaXBoRDRldHRwc3NQMXRHdzY4SDY5QVAxbHl1VUNqYWRQejZuMXV1Y3VRcXpCVGRZUFdHQlI5YmY2ODYtelYzUmtCUWU3ZGxaNXVxbEw1Uzd2Q3p6MldzMmJrT1F0T2s?oc=5"" target=""_blank"">« Une cuisine fusion qui met en valeur les produits de la Méditerranée » : une brasserie japonaise ouvre sur les plages du Mourillon à Toulon</a>&nbsp;&nbsp;<font color=""#6f6f6f"">Nice-Matin</font>","""ouverture"" restaurant OR bar OR hôtel Toulon",À qualifier,False
fc22b8e35254fcfd0b15,2026-08-31T11:46:15Z,2026-05-21,06,Cannes,Cannes,De Golfe-Juan à Cannes : l'emblématique restaurant Tetou rouvre ses portes grâce à des Libanais - L'Orient-Le Jour,L'Orient-Le Jour,https://news.google.com/rss/articles/CBMi2wFBVV95cUxOYnMzSllXZW1jaGVHUFNNWUNraDBpYjZrNW9VbkJETGxrRk5DU3BDd3hoSDZ5RUhSWWgxRWtFTXBvOHhlM293azlSb29ISE5FN3BfLTlJZHFKSnE2YjlLQjdVc2J1RVFhUXJiZU0zTkI5bHVGT3pOaWJYQ0FPR09mbHJOLWlhdUNHbHJ4eV96SXR4QUN3QW1hel9Da2NQMl81bG1BaG9wMjFmdU9sc0RWcFRIT01xLXNjRTZBcHFQOFdhTE1JVkd2RkZSTExKcnM4NlZZOGhtcHFHZ00?oc=5,"<a href=""https://news.google.com/rss/articles/CBMi2wFBVV95cUxOYnMzSllXZW1jaGVHUFNNWUNraDBpYjZrNW9VbkJETGxrRk5DU3BDd3hoSDZ5RUhSWWgxRWtFTXBvOHhlM293azlSb29ISE5FN3BfLTlJZHFKSnE2YjlLQjdVc2J1RVFhUXJiZU0zTkI5bHVGT3pOaWJYQ0FPR09mbHJOLWlhdUNHbHJ4eV96SXR4QUN3QW1hel9Da2NQMl81bG1BaG9wMjFmdU9sc0RWcFRIT01xLXNjRTZBcHFQOFdhTE1JVkd2RkZSTExKcnM4NlZZOGhtcHFHZ00?oc=5"" target=""_blank"">De Golfe-Juan à Cannes : l'emblématique restaurant Tetou rouvre ses portes grâce à des Libanais</a>&nbsp;&nbsp;<font color=""#6f6f6f"">L'Orient-Le Jour</font>","""ouverture"" restaurant OR hôtel OR plage Cannes",À qualifier,False
5e175dfa8014a00c6c01,2026-08-31T11:46:15Z,2026-05-21,06,Antibes,Antibes,"3 juin 2026, Villeneuve-Loubet | Avant son ouverture, Marina Baie des Anges Hôtel rejoint Curio Collection by Hilton - La Tribune de l'Hôtellerie",La Tribune de l'Hôtellerie,https://news.google.com/rss/articles/CBMikAFBVV95cUxQd2ZILWRyeFFjM3UtbnFlSlVlb2wwdW5lNzNzLWJDaHpJa25talNscEQ0dlVQem9xbklfU3MzQkZCUjYzVGJYc25hQ0wxUk5iU2dzbFp4WGhKZjZjakJtNGlnRjI3SzB1c1NRQ0VfYng4LTRYWE5pUEs4d0YzV1VYX0NBTGx4Q2w2UFZFNkwtMjU?oc=5,"<a href=""https://news.google.com/rss/articles/CBMikAFBVV95cUxQd2ZILWRyeFFjM3UtbnFlSlVlb2wwdW5lNzNzLWJDaHpJa25talNscEQ0dlVQem9xbklfU3MzQkZCUjYzVGJYc25hQ0wxUk5iU2dzbFp4WGhKZjZjakJtNGlnRjI3SzB1c1NRQ0VfYng4LTRYWE5pUEs4d0YzV1VYX0NBTGx4Q2w2UFZFNkwtMjU?oc=5"" target=""_blank"">3 juin 2026, Villeneuve-Loubet | Avant son ouverture, Marina Baie des Anges Hôtel rejoint Curio Collection by Hilton</a>&nbsp;&nbsp;<font color=""#6f6f6f"">La Tribune de l'Hôtellerie</font>","""ouverture"" restaurant OR hôtel OR bar Antibes",À qualifier,False
8d7438eaec0eaa70d17d,2026-08-31T11:46:15Z,2026-05-21,06,Antibes,Antibes,On vous explique pourquoi cette célèbre plage privée n’ouvrira pas cet été au cap d’Antibes - Nice-Matin,Nice-Matin,https://news.google.com/rss/articles/CBMi3gFBVV95cUxNcjAwQW5JMVlaYks5Q21rNzd2aFoxMlBEczIwa1ZnYVNTeVBjTGRPeHZ2S29RX3VsUWJqMmUybm5YZ0hsdDBlWTJTc21zZVBudi12cGV1V3dPMTcyWGFVZlFFdkRsNU1mN0ZFTWRnY0hXejMydFF6XzVwTW43MDV1QW02Nm1jSlRncy1GYnE2ZTRxTmdwZGQ2RlFhbzZMTUFRZl9SWEdlbHEyck12OUVYVEVRV2NycW1Ld0Q3d01FX1RoU0xjVW1FbFp5eDVkWTBaUWs1eW9LQ09USTJNYWc?oc=5,"<a href=""https://news.google.com/rss/articles/CBMi3gFBVV95cUxNcjAwQW5JMVlaYks5Q21rNzd2aFoxMlBEczIwa1ZnYVNTeVBjTGRPeHZ2S29RX3VsUWJqMmUybm5YZ0hsdDBlWTJTc21zZVBudi12cGV1V3dPMTcyWGFVZlFFdkRsNU1mN0ZFTWRnY0hXejMydFF6XzVwTW43MDV1QW02Nm1jSlRncy1GYnE2ZTRxTmdwZGQ2RlFhbzZMTUFRZl9SWEdlbHEyck12OUVYVEVRV2NycW1Ld0Q3d01FX1RoU0xjVW1FbFp5eDVkWTBaUWs1eW9LQ09USTJNYWc?oc=5"" target=""_blank"">On vous explique pourquoi cette célèbre plage privée n’ouvrira pas cet été au cap d’Antibes</a>&nbsp;&nbsp;<font color=""#6f6f6f"">Nice-Matin</font>","""ouverture"" restaurant OR hôtel OR bar Antibes",À qualifier,True
ef5786a4605641e43956,2026-08-31T11:46:15Z,2026-05-19,83,Toulon,Toulon,"« C’est comme la pâtisserie, tout est dans la finesse des ingrédients et la précision des dosages » : un nouveau bar à cocktails débarque à Toulon - Nice-Matin",Nice-Matin,https://news.google.com/rss/articles/CBMiqAJBVV95cUxOUG54aENac0gya2ZsRkptRUNqdnE2TmViQWllM0YxQ3ZXRjVMS2dEN0RCTnpKSGlrb1RjVHo4UGVMU2V2TnRHaHFjU0hrOFlSWmxINE9rVmVYTExkckc4emR0OEZ6alpKZEhjdjlFT1M2QjFkbnlBbVVqdkRVUnl6b3NDU1V3NkhEUWVnMktkTDBGeTJFTHB1eC1GVkExLXVHV1VrSnQ5NFIwdlVFSllXSlRwMmRLM2tQYldlV1BnRWtjRl9HdHVhOElfdjZaT0VldWFXem5yWlJOa3c1emR1YXd5Wkl0aEloT1VzU3NNWWdOVHkzQzZLWmtwMVIycnoxdDVSRlFMWW94X2hzTnFfcVpudlpmeW8tMEVtZ2sweVhpb0habXpCbQ?oc=5,"<a href=""https://news.google.com/rss/articles/CBMiqAJBVV95cUxOUG54aENac0gya2ZsRkptRUNqdnE2TmViQWllM0YxQ3ZXRjVMS2dEN0RCTnpKSGlrb1RjVHo4UGVMU2V2TnRHaHFjU0hrOFlSWmxINE9rVmVYTExkckc4emR0OEZ6alpKZEhjdjlFT1M2QjFkbnlBbVVqdkRVUnl6b3NDU1V3NkhEUWVnMktkTDBGeTJFTHB1eC1GVkExLXVHV1VrSnQ5NFIwdlVFSllXSlRwMmRLM2tQYldlV1BnRWtjRl9HdHVhOElfdjZaT0VldWFXem5yWlJOa3c1emR1YXd5Wkl0aEloT1VzU3NNWWdOVHkzQzZLWmtwMVIycnoxdDVSRlFMWW94X2hzTnFfcVpudlpmeW8tMEVtZ2sweVhpb0habXpCbQ?oc=5"" target=""_blank"">« C’est comme la pâtisserie, tout est dans la finesse des ingrédients et la précision des dosages » : un nouveau bar à cocktails débarque à Toulon</a>&nbsp;&nbsp;<font color=""#6f6f6f"">Nice-Matin</font>","""ouverture"" restaurant OR bar OR hôtel Toulon",À qualifier,False
349f4450eae9dcf9d66b,2026-08-31T11:46:15Z,2026-05-15,06,Cannes,Cannes,"Hôtel Lepoussin à Cannes et Soléo Prado à Marseille, deux nouvelles adresses pour Assas Hotels - L'Hôtellerie Restauration",L'Hôtellerie Restauration,https://news.google.com/rss/articles/CBMi2wFBVV95cUxOaURNRklmQ2otUUNxYXQ5enhCbTZlMmZzbGZJb0ZQQVNGTkhyR3dOSkt3dUJwLU9aR1g3WGkyQTV3VWNDbkthSlpHbklsZk13Y0V3SHRVTDJ5TG9NQXF0MFZYTkgtcWRROTAwMlp2aTh2X1Nfa19Bbk51QUhpWWdRM0I2eF94Y1hZa2dhLXRnNFM3ZldPTW82Yy1ld2VhZ0w4Zzc3ckJhV1lFTW5HSl8xNjllUDVmNjZSWDVfUjI3dVJ4eElmZjlEa1k3T2hJU2p5eEtQRFVidDRycEU?oc=5,"<a href=""https://news.google.com/rss/articles/CBMi2wFBVV95cUxOaURNRklmQ2otUUNxYXQ5enhCbTZlMmZzbGZJb0ZQQVNGTkhyR3dOSkt3dUJwLU9aR1g3WGkyQTV3VWNDbkthSlpHbklsZk13Y0V3SHRVTDJ5TG9NQXF0MFZYTkgtcWRROTAwMlp2aTh2X1Nfa19Bbk51QUhpWWdRM0I2eF94Y1hZa2dhLXRnNFM3ZldPTW82Yy1ld2VhZ0w4Zzc3ckJhV1lFTW5HSl8xNjllUDVmNjZSWDVfUjI3dVJ4eElmZjlEa1k3T2hJU2p5eEtQRFVidDRycEU?oc=5"" target=""_blank"">Hôtel Lepoussin à Cannes et Soléo Prado à Marseille, deux nouvelles adresses pour Assas Hotels</a>&nbsp;&nbsp;<font color=""#6f6f6f"">L'Hôtellerie Restauration</font>","""ouverture"" restaurant OR hôtel OR plage Cannes",À qualifier,False
1e4944bc67d1393e7428,2026-08-31T11:46:15Z,2026-05-14,06,Menton,Menton,"À Menton, on a poussé les portes de cette demeure de légende devenue le seul hôtel cinq étoiles de toute la ville - Nice-Presse",Nice-Presse,https://news.google.com/rss/articles/CBMiYEFVX3lxTE1hbWlMYS10bHpzaXlBZENWdENLWXdKTGM0OVJSZ0hiNkF5QXl3VjV5VzNBOW4yeWNVc2tBNkd6aDE0a2RDQXVoQzVkS05lNmNSX21pWC1tQ0hxSF9GM1FjVw?oc=5,"<a href=""https://news.google.com/rss/articles/CBMiYEFVX3lxTE1hbWlMYS10bHpzaXlBZENWdENLWXdKTGM0OVJSZ0hiNkF5QXl3VjV5VzNBOW4yeWNVc2tBNkd6aDE0a2RDQXVoQzVkS05lNmNSX21pWC1tQ0hxSF9GM1FjVw?oc=5"" target=""_blank"">À Menton, on a poussé les portes de cette demeure de légende devenue le seul hôtel cinq étoiles de toute la ville</a>&nbsp;&nbsp;<font color=""#6f6f6f"">Nice-Presse</font>","""ouverture"" restaurant OR hôtel OR bar Menton",À qualifier,False
817ccab20cacbb9379cf,2026-08-17T06:00:55Z,2026-05-14,06,Cannes,Cannes,"""J'adore Cannes et ce film"" : pour les 40 ans de sa sortie américaine, ""Top Gun"" fait carton plein à l'ouverture du Cinéma de la plage - franceinfo",franceinfo,https://news.google.com/rss/articles/CBMipwJBVV95cUxQdDB0UkR1Z0Izc0tkVkZlLUpsQkRpLXc1am9OUVVZdnFrTjJ2YWRyZU1BZUlRNnZ1S1dqbF9KNXJVYjNnYk5SWVNlMWJ0dWdTY0Y1azNnT1pzajB1bWxrV21xaXhmWGJCOWxKMFc1bHBhM3VtSlhtX2dJTnBsaFNRdG4xX1lLbHJTd1p2N2lRY0hiNXNmR0QzbTV6M1R2S3pqUFI3bUVfT0pfQ2FfcF9rWl93SUlOQjhkT1dMRkZERll0NFJPN005MDFfVWRTdXp1T0VReGNlUEp4WlVuUi1NV3hzTWNPaVVWVVFLYlhHclc1NXZmTEVkUkU3QnY0enBjQlh3UnhQUmNkaUgwOGZSdmJPX3RKZHNYdi1CbU1fT3ZPOWhFV3ZB?oc=5,"<a href=""https://news.google.com/rss/articles/CBMipwJBVV95cUxQdDB0UkR1Z0Izc0tkVkZlLUpsQkRpLXc1am9OUVVZdnFrTjJ2YWRyZU1BZUlRNnZ1S1dqbF9KNXJVYjNnYk5SWVNlMWJ0dWdTY0Y1azNnT1pzajB1bWxrV21xaXhmWGJCOWxKMFc1bHBhM3VtSlhtX2dJTnBsaFNRdG4xX1lLbHJTd1p2N2lRY0hiNXNmR0QzbTV6M1R2S3pqUFI3bUVfT0pfQ2FfcF9rWl93SUlOQjhkT1dMRkZERll0NFJPN005MDFfVWRTdXp1T0VReGNlUEp4WlVuUi1NV3hzTWNPaVVWVVFLYlhHclc1NXZmTEVkUkU3QnY0enBjQlh3UnhQUmNkaUgwOGZSdmJPX3RKZHNYdi1CbU1fT3ZPOWhFV3ZB?oc=5"" target=""_blank"">""J'adore Cannes et ce film"" : pour les 40 ans de sa sortie américaine, ""Top Gun"" fait carton plein à l'ouverture du Cinéma de la plage</a>&nbsp;&nbsp;<font color=""#6f6f6f"">franceinfo</font>","""ouverture"" restaurant OR hôtel OR plage Cannes",À qualifier,False
6db86f92cd689e770beb,2026-08-31T11:46:15Z,2026-05-13,06,Cannes,Cannes,Ouverture Gala x Vega la Plage : Découvrez le Programme - FilmFestivals.com,FilmFestivals.com,https://news.google.com/rss/articles/CBMiswFBVV95cUxOd3JqU3dPczdjVG0wdXdXREdMVmg0aWh2SHZkZW9IRlVQaWFBTlZHUW15XzhnWGdVRElMZ2NaYUlGV1FpVlA1YjBOUGlrOW9rSVNyMDlPbzkzOVNSRVhjOENoclE2OV9pY3EtYm1ObjBaMmctY1lZN2NXYkVfY3U3Y1ZVVHJNZElqQ2ZmWHI3N1pPZjQxQzZWRkFNMGhNRFhESF9qRi1nWmxDU0JvMmo5cnZDUQ?oc=5,"<a href=""https://news.google.com/rss/articles/CBMiswFBVV95cUxOd3JqU3dPczdjVG0wdXdXREdMVmg0aWh2SHZkZW9IRlVQaWFBTlZHUW15XzhnWGdVRElMZ2NaYUlGV1FpVlA1YjBOUGlrOW9rSVNyMDlPbzkzOVNSRVhjOENoclE2OV9pY3EtYm1ObjBaMmctY1lZN2NXYkVfY3U3Y1ZVVHJNZElqQ2ZmWHI3N1pPZjQxQzZWRkFNMGhNRFhESF9qRi1nWmxDU0JvMmo5cnZDUQ?oc=5"" target=""_blank"">Ouverture Gala x Vega la Plage : Découvrez le Programme</a>&nbsp;&nbsp;<font color=""#6f6f6f"">FilmFestivals.com</font>","""ouverture"" restaurant OR hôtel OR plage Cannes",À qualifier,False
ffd932c4550c9e9c68a9,2026-08-31T11:46:15Z,2026-05-13,06,Cannes,Cannes,Hauteville-sur-Mer. Festival de Cannes : le cinéma de la Plage fête l'événement - lamanchelibre.fr,lamanchelibre.fr,https://news.google.com/rss/articles/CBMiwAFBVV95cUxNUzFlN2h5Mi15blVPOTlOS1VFLW8yYUNUMjh3MF9JUXVpUnJsMTNTeGxJVG44dl96Z3RLUjZRcU8yTGlMNkVTNEVVZHV5dXdWMEV2d0NRX0p6V0ltQ1hOeVhVNE5aaFlZek5hX1JwNF8xcVZqLVByeUF3cy1ZWUpYZGNibDVxOUl3ZnNkcU9rVms4WXp3cmdOa044VklCVXlKUmRXT1Q2ZFgwQjJrSmpqTDNuaDRnanJKUWZaM29Kd1o?oc=5,"<a href=""https://news.google.com/rss/articles/CBMiwAFBVV95cUxNUzFlN2h5Mi15blVPOTlOS1VFLW8yYUNUMjh3MF9JUXVpUnJsMTNTeGxJVG44dl96Z3RLUjZRcU8yTGlMNkVTNEVVZHV5dXdWMEV2d0NRX0p6V0ltQ1hOeVhVNE5aaFlZek5hX1JwNF8xcVZqLVByeUF3cy1ZWUpYZGNibDVxOUl3ZnNkcU9rVms4WXp3cmdOa044VklCVXlKUmRXT1Q2ZFgwQjJrSmpqTDNuaDRnanJKUWZaM29Kd1o?oc=5"" target=""_blank"">Hauteville-sur-Mer. Festival de Cannes : le cinéma de la Plage fête l'événement</a>&nbsp;&nbsp;<font color=""#6f6f6f"">lamanchelibre.fr</font>","""ouverture"" restaurant OR hôtel OR plage Cannes",À qualifier,False
5448dd1d7d9683d80878,2026-08-31T11:46:15Z,2026-05-13,83,Toulon,Toulon,"Après seulement un an d’ouverture, ce bar toulonnais se classe dans le top 100 des French bar awards - Nice-Matin",Nice-Matin,https://news.google.com/rss/articles/CBMi5wFBVV95cUxOREd2MFFWVGVNdWhCOWFfcFB3VWtpOVktbjAzbGl5eHNydDJ1bGVpNWdNY0tESFFfWkJJS2FwbTdJalhHUm90bkFVRDVORnh4cXppcTh5am5sVGxSVkF2eWVKNnZ3RE9YNDltTTJnOGx0d1NJX3lKeDBaTTRqbEdNczF5aGVoMjduVjRpNTRyZXBQbmxqSGN2dHhXczROaHVCSmVsRDJUM054X2FJZk1oNUhNeDZySTZFVGtQWUlDQTBmODVXNnBBSkdNYTFPT2RVSEZlWlJvbFFKelRLUGxXRGFNaWl6YXc?oc=5,"<a href=""https://news.google.com/rss/articles/CBMi5wFBVV95cUxOREd2MFFWVGVNdWhCOWFfcFB3VWtpOVktbjAzbGl5eHNydDJ1bGVpNWdNY0tESFFfWkJJS2FwbTdJalhHUm90bkFVRDVORnh4cXppcTh5am5sVGxSVkF2eWVKNnZ3RE9YNDltTTJnOGx0d1NJX3lKeDBaTTRqbEdNczF5aGVoMjduVjRpNTRyZXBQbmxqSGN2dHhXczROaHVCSmVsRDJUM054X2FJZk1oNUhNeDZySTZFVGtQWUlDQTBmODVXNnBBSkdNYTFPT2RVSEZlWlJvbFFKelRLUGxXRGFNaWl6YXc?oc=5"" target=""_blank"">Après seulement un an d’ouverture, ce bar toulonnais se classe dans le top 100 des French bar awards</a>&nbsp;&nbsp;<font color=""#6f6f6f"">Nice-Matin</font>","""ouverture"" restaurant OR bar OR hôtel Toulon",À qualifier,False
8bb1bd0536d0d2517188,2026-08-17T06:00:55Z,2026-05-13,06,Cannes,Cannes,Ouverture Gala x Vega la Plage : Découvrez le Programme - filmfestivals.com,filmfestivals.com,https://news.google.com/rss/articles/CBMiswFBVV95cUxOd3JqU3dPczdjVG0wdXdXREdMVmg0aWh2SHZkZW9IRlVQaWFBTlZHUW15XzhnWGdVRElMZ2NaYUlGV1FpVlA1YjBOUGlrOW9rSVNyMDlPbzkzOVNSRVhjOENoclE2OV9pY3EtYm1ObjBaMmctY1lZN2NXYkVfY3U3Y1ZVVHJNZElqQ2ZmWHI3N1pPZjQxQzZWRkFNMGhNRFhESF9qRi1nWmxDU0JvMmo5cnZDUQ?oc=5,"<a href=""https://news.google.com/rss/articles/CBMiswFBVV95cUxOd3JqU3dPczdjVG0wdXdXREdMVmg0aWh2SHZkZW9IRlVQaWFBTlZHUW15XzhnWGdVRElMZ2NaYUlGV1FpVlA1YjBOUGlrOW9rSVNyMDlPbzkzOVNSRVhjOENoclE2OV9pY3EtYm1ObjBaMmctY1lZN2NXYkVfY3U3Y1ZVVHJNZElqQ2ZmWHI3N1pPZjQxQzZWRkFNMGhNRFhESF9qRi1nWmxDU0JvMmo5cnZDUQ?oc=5"" target=""_blank"">Ouverture Gala x Vega la Plage : Découvrez le Programme</a>&nbsp;&nbsp;<font color=""#6f6f6f"">filmfestivals.com</font>","""ouverture"" restaurant OR hôtel OR plage Cannes",À qualifier,False
920ba8b2a22659821427,2026-08-31T11:46:15Z,2026-05-12,06,Menton,Menton,"Un restaurant caché sous les arbres : la future belle table de l'unique 5 étoiles de la ville se dévoile à ""Menton-Presse"" - Nice-Presse",Nice-Presse,https://news.google.com/rss/articles/CBMi2AFBVV95cUxNTmtDY0N4aUw3V2ctbWQ5S0MzRGZhX3VDdm9TdjFkOHBIX0FtVWNKbnBUejdCcnYwU0NSSWJZMGNrUEFQWlQwLUktSWp4RjBpYWVCZnZ2MVc5ZHJYQVlUWk1WMlJpUXNHdHNIQzBqWmhRQW1OOXVZM3doUHBXVFVCVkxCRkl2RGNJcE5Cb0w1VnpEd1JVWExDdkhBNU45eU9XUEJwZ3RGUUtKRmFtV2VWbmU4UVFXbm42cDNWMlBJcG1aMFJ0YktnOU5iZHBUMUdoZWd5bHc2VlQ?oc=5,"<a href=""https://news.google.com/rss/articles/CBMi2AFBVV95cUxNTmtDY0N4aUw3V2ctbWQ5S0MzRGZhX3VDdm9TdjFkOHBIX0FtVWNKbnBUejdCcnYwU0NSSWJZMGNrUEFQWlQwLUktSWp4RjBpYWVCZnZ2MVc5ZHJYQVlUWk1WMlJpUXNHdHNIQzBqWmhRQW1OOXVZM3doUHBXVFVCVkxCRkl2RGNJcE5Cb0w1VnpEd1JVWExDdkhBNU45eU9XUEJwZ3RGUUtKRmFtV2VWbmU4UVFXbm42cDNWMlBJcG1aMFJ0YktnOU5iZHBUMUdoZWd5bHc2VlQ?oc=5"" target=""_blank"">Un restaurant caché sous les arbres : la future belle table de l'unique 5 étoiles de la ville se dévoile à ""Menton-Presse""</a>&nbsp;&nbsp;<font color=""#6f6f6f"">Nice-Presse</font>","""ouverture"" restaurant OR hôtel OR bar Menton",À qualifier,False
358c37de33c511d53fb3,2026-08-31T11:46:15Z,2026-05-12,83,Saint-Tropez,Saint-Tropez,ALO s’installe à Cannes et Saint-Tropez pour un été wellness - L'Officiel FRANCE,L'Officiel FRANCE,https://news.google.com/rss/articles/CBMilAFBVV95cUxOdUFxZTJOMmtSM2FTNzBMTFQzNVlVTFlMUVYwSEpZMUNaa19fY1BjaDJKd01yV2UxMEROWHBBMGVPNERudWo4aWZEbnBIb2dRMlpTNUFfWHVxbmFtUzVscXdyVFhlQnRIc2JxTW1tR1ZMUVExTWF6MzhfcGE5aFpGbGJobUtGV0xGTXphTlhiTkNRdjhB?oc=5,"<a href=""https://news.google.com/rss/articles/CBMilAFBVV95cUxOdUFxZTJOMmtSM2FTNzBMTFQzNVlVTFlMUVYwSEpZMUNaa19fY1BjaDJKd01yV2UxMEROWHBBMGVPNERudWo4aWZEbnBIb2dRMlpTNUFfWHVxbmFtUzVscXdyVFhlQnRIc2JxTW1tR1ZMUVExTWF6MzhfcGE5aFpGbGJobUtGV0xGTXphTlhiTkNRdjhB?oc=5"" target=""_blank"">ALO s’installe à Cannes et Saint-Tropez pour un été wellness</a>&nbsp;&nbsp;<font color=""#6f6f6f"">L'Officiel FRANCE</font>","""ouverture"" restaurant OR plage OR hôtel Saint-Tropez",À qualifier,False
7dd6522a11bd73cddb99,2026-08-24T06:04:16Z,2026-05-12,06,Antibes,Antibes,Hôtel Sax Paris : un pari réussi qui ouvre la voie à l'expansion d'une nouvelle marque lifestyle - Hospitality ON,Hospitality ON,https://news.google.com/rss/articles/CBMixwFBVV95cUxNZ195SnU0WjUxSWpHN2QxNkZEeXJGOVRhaDY1ZXljRXpUczN5S2I5QWNaQmJldGRCWDFYS3hXbU1nd25Vc3NldDg1ekstX2RxZ3c1dHhtR3QwUXV4cTFSWDkxWGJMU1VMcjdWYXN6Qm9xdGVueDdTWkROUUMyZGJJdm42OXJ1TnQ1X2RRcVNLUlNaWmpvVTFnQW94YjA2aURtVDg1QnJCc1V3ZVNBdU5URTR1cllzanpzZlVjVVFTMWdQd3VkaFhV?oc=5,"<a href=""https://news.google.com/rss/articles/CBMixwFBVV95cUxNZ195SnU0WjUxSWpHN2QxNkZEeXJGOVRhaDY1ZXljRXpUczN5S2I5QWNaQmJldGRCWDFYS3hXbU1nd25Vc3NldDg1ekstX2RxZ3c1dHhtR3QwUXV4cTFSWDkxWGJMU1VMcjdWYXN6Qm9xdGVueDdTWkROUUMyZGJJdm42OXJ1TnQ1X2RRcVNLUlNaWmpvVTFnQW94YjA2aURtVDg1QnJCc1V3ZVNBdU5URTR1cllzanpzZlVjVVFTMWdQd3VkaFhV?oc=5"" target=""_blank"">Hôtel Sax Paris : un pari réussi qui ouvre la voie à l'expansion d'une nouvelle marque lifestyle</a>&nbsp;&nbsp;<font color=""#6f6f6f"">Hospitality ON</font>","""ouverture"" restaurant OR hôtel OR bar Antibes",À qualifier,False
60b6affaee786e7189b9,2026-08-17T06:00:55Z,2026-05-12,06,Cannes,Cannes,Alo Yoga mise sur le festival de Cannes et Saint-Tropez avant de s'installer sur les Champs-Élysées - FashionNetwork France,FashionNetwork France,https://news.google.com/rss/articles/CBMi4AFBVV95cUxQcTVrbEp4MkxsRm1DdEo1YkxQV21vLXZkLU9WbTQ3UVE0aUlXQ0p5TVpCS2luRk5SaUdhcUJSZ29HSlRHX3JwOHpVSTRpVmI3Wm5Ya0VPcXR2OXdtRWRRT29mcDZVZDFVMXdVam1hQUl3VDRsb3B5clYxN3pGT3RUZ0FIa3NRVlNjRnRIYmc3QnY4SnRnaUJCQlZLUHlJU18xb3dVNDRfcVctOFJ3eHE3dUxWMmdwSWVPSVV2cFk1QXlJZUlJTGQ1N2VsUjM2eFhNMTlYa3lVclN1Tnl0SUI1VA?oc=5,"<a href=""https://news.google.com/rss/articles/CBMi4AFBVV95cUxQcTVrbEp4MkxsRm1DdEo1YkxQV21vLXZkLU9WbTQ3UVE0aUlXQ0p5TVpCS2luRk5SaUdhcUJSZ29HSlRHX3JwOHpVSTRpVmI3Wm5Ya0VPcXR2OXdtRWRRT29mcDZVZDFVMXdVam1hQUl3VDRsb3B5clYxN3pGT3RUZ0FIa3NRVlNjRnRIYmc3QnY4SnRnaUJCQlZLUHlJU18xb3dVNDRfcVctOFJ3eHE3dUxWMmdwSWVPSVV2cFk1QXlJZUlJTGQ1N2VsUjM2eFhNMTlYa3lVclN1Tnl0SUI1VA?oc=5"" target=""_blank"">Alo Yoga mise sur le festival de Cannes et Saint-Tropez avant de s'installer sur les Champs-Élysées</a>&nbsp;&nbsp;<font color=""#6f6f6f"">FashionNetwork France</font>","""ouverture"" restaurant OR hôtel OR plage Cannes",À qualifier,False
81789302820641273135,2026-08-31T11:46:15Z,2026-05-11,06,Cannes,Cannes,"« On vient chaque année » : au Martinez, l’effervescence monte déjà pour les fans avant le dîner du jury et l’ouverture du Festival de Cannes - Nice-Matin",Nice-Matin,https://news.google.com/rss/articles/CBMiiAJBVV95cUxQRmlXRW9OeHpDZVBKT1Bwc041d2JyZ2doc0FJQUdHV19yU2E1ME1xTG1ud0s2Rm9nTlFUWkdjTnFCTUdDTG9oeVNXaHcyMVU2Z1BSOW5kX3dWTEoxMUxSNGRqT2lZeVg4V1hoTm5UMEVMb3ZlTjNtelY0eDYyNnFSUWc5a0hMRUY3ODlmck1Idi00YjhrUlVxOG5PUktWTVlKcHVQSGJ3YzU4RjR6T01TMnlPU2pySVNlX2x4d3I2V0tqVW04TmdvSWZlOGVBdm1UbkdNMm5OamJhbUZaaHhabm5QMG4yLXRURzRXRE1FamM1OGJFdEFkbkhyRnVYanhIbWxULUVlQ0k?oc=5,"<a href=""https://news.google.com/rss/articles/CBMiiAJBVV95cUxQRmlXRW9OeHpDZVBKT1Bwc041d2JyZ2doc0FJQUdHV19yU2E1ME1xTG1ud0s2Rm9nTlFUWkdjTnFCTUdDTG9oeVNXaHcyMVU2Z1BSOW5kX3dWTEoxMUxSNGRqT2lZeVg4V1hoTm5UMEVMb3ZlTjNtelY0eDYyNnFSUWc5a0hMRUY3ODlmck1Idi00YjhrUlVxOG5PUktWTVlKcHVQSGJ3YzU4RjR6T01TMnlPU2pySVNlX2x4d3I2V0tqVW04TmdvSWZlOGVBdm1UbkdNMm5OamJhbUZaaHhabm5QMG4yLXRURzRXRE1FamM1OGJFdEFkbkhyRnVYanhIbWxULUVlQ0k?oc=5"" target=""_blank"">« On vient chaque année » : au Martinez, l’effervescence monte déjà pour les fans avant le dîner du jury et l’ouverture du Festival de Cannes</a>&nbsp;&nbsp;<font color=""#6f6f6f"">Nice-Matin</font>","""ouverture"" restaurant OR hôtel OR plage Cannes",À qualifier,False
b3c16314ad9795213b33,2026-08-31T11:46:15Z,2026-05-11,06,Antibes,Antibes,"Paris, France | Compagnie de Phalsbourg finalise le refinancement de l’Hôtel SAX Paris à hauteur de 102 millions d’euros - La Tribune de l'Hôtellerie",La Tribune de l'Hôtellerie,https://news.google.com/rss/articles/CBMikwFBVV95cUxOR2htMHpybi1nbDBpcHJ2Rm91NXdCamVYaUtmQkNJb2ctMEFrR3JZSVVlVzNPZUhLUERLV19NQTgtdC1YZENBU0xsdlZHQmVCbUtvLXFqa3pvNEVkWHY2R0dxMGxkTmtYSmc4aG5YYmFWTjh5YUU2RzNRMDRrTEFvS0hUM0IxMUZUZUZCWHE4cDV6eFnSAZMBQVVfeXFMTkdobTB6cm4tZ2wwaXBydkZvdTV3QmplWGlLZkJDSW9nLTBBa0dyWUlVZVczT2VIS1BES1dfTUE4LXQtWGRDQVNMbHZWR0JlQm1Lby1xamt6bzRFZFh2NkdHcTBsZE5rWEpnOGhuWGJhVk44eWFFNkczUTA0a0xBb0tIVDNCMTFGVGVGQlhxOHA1enhZ?oc=5,"<a href=""https://news.google.com/rss/articles/CBMikwFBVV95cUxOR2htMHpybi1nbDBpcHJ2Rm91NXdCamVYaUtmQkNJb2ctMEFrR3JZSVVlVzNPZUhLUERLV19NQTgtdC1YZENBU0xsdlZHQmVCbUtvLXFqa3pvNEVkWHY2R0dxMGxkTmtYSmc4aG5YYmFWTjh5YUU2RzNRMDRrTEFvS0hUM0IxMUZUZUZCWHE4cDV6eFnSAZMBQVVfeXFMTkdobTB6cm4tZ2wwaXBydkZvdTV3QmplWGlLZkJDSW9nLTBBa0dyWUlVZVczT2VIS1BES1dfTUE4LXQtWGRDQVNMbHZWR0JlQm1Lby1xamt6bzRFZFh2NkdHcTBsZE5rWEpnOGhuWGJhVk44eWFFNkczUTA0a0xBb0tIVDNCMTFGVGVGQlhxOHA1enhZ?oc=5"" target=""_blank"">Paris, France | Compagnie de Phalsbourg finalise le refinancement de l’Hôtel SAX Paris à hauteur de 102 millions d’euros</a>&nbsp;&nbsp;<font color=""#6f6f6f"">La Tribune de l'Hôtellerie</font>","""ouverture"" restaurant OR hôtel OR bar Antibes",À qualifier,False
302feec2ce62621f3507,2026-08-31T11:46:15Z,2026-05-07,83,Saint-Tropez,Saint-Tropez,Riviera | SOHOMA ouvre l’Hôtel Ventura à Saint-Tropez sous enseigne Tapestry Collection by Hilton - La Tribune de l'Hôtellerie,La Tribune de l'Hôtellerie,https://news.google.com/rss/articles/CBMikwFBVV95cUxQUHlRRnIzTnE1MGFsRkpMOEFTb2tpZEhsOThyWHhXUjlYV29PSFJkb2kzM2NyN1NZU3pnbC1tcUJDZFBMNnNKNHRRd3VZb0o0WVk1WnlPQVB4ajYtV000cElqM2lQeFZzQVVVVk9tRUZQdWVPamNvSUdUejRHRUJnYXpCQjhCSmZWbHJYZnJhUFZhNkk?oc=5,"<a href=""https://news.google.com/rss/articles/CBMikwFBVV95cUxQUHlRRnIzTnE1MGFsRkpMOEFTb2tpZEhsOThyWHhXUjlYV29PSFJkb2kzM2NyN1NZU3pnbC1tcUJDZFBMNnNKNHRRd3VZb0o0WVk1WnlPQVB4ajYtV000cElqM2lQeFZzQVVVVk9tRUZQdWVPamNvSUdUejRHRUJnYXpCQjhCSmZWbHJYZnJhUFZhNkk?oc=5"" target=""_blank"">Riviera | SOHOMA ouvre l’Hôtel Ventura à Saint-Tropez sous enseigne Tapestry Collection by Hilton</a>&nbsp;&nbsp;<font color=""#6f6f6f"">La Tribune de l'Hôtellerie</font>","""ouverture"" restaurant OR plage OR hôtel Saint-Tropez",À qualifier,False
71dad0f02feb3aee802b,2026-08-31T11:46:15Z,2026-05-06,83,Fréjus Saint-Raphaël,Est Var,La Plagette - Saint-Aygulf - Le Mensuel,Le Mensuel,https://news.google.com/rss/articles/CBMickFVX3lxTE9ybW01TS0tYlhJVTgwRnFHNDY3TWloaTE5dTBueTVNeTZOb29ZYmlTZFJCamlIRk1HcHRNWDR0OVRrakxWMUN1a3JzODVFOWR2bnRDVnVBdEpTQk1yc1JCclFtZjRpdnNjXzB1VE96TVJnQQ?oc=5,"<a href=""https://news.google.com/rss/articles/CBMickFVX3lxTE9ybW01TS0tYlhJVTgwRnFHNDY3TWloaTE5dTBueTVNeTZOb29ZYmlTZFJCamlIRk1HcHRNWDR0OVRrakxWMUN1a3JzODVFOWR2bnRDVnVBdEpTQk1yc1JCclFtZjRpdnNjXzB1VE96TVJnQQ?oc=5"" target=""_blank"">La Plagette - Saint-Aygulf</a>&nbsp;&nbsp;<font color=""#6f6f6f"">Le Mensuel</font>","""ouverture"" restaurant OR hôtel Fréjus Saint-Raphaël",À qualifier,False
4bd2db286da0c8c04a65,2026-08-31T11:46:15Z,2026-05-06,83,Fréjus Saint-Raphaël,Est Var,Philippe Colinet – Colette fête ses producteurs à l’Hôtel Sezz Saint-Tropez - Les Nouvelles Gastronomiques,Les Nouvelles Gastronomiques,https://news.google.com/rss/articles/CBMiqAFBVV95cUxPWlVFU1VQRkd6Y1QxTEpMMG1UZkhxLU03c2tZYkZyYUxWS0pEcG1hb3Nrb3h3ajl3b2dqQy01TW5vNGZjNTc2RGVIQmFlRzhQb2RsWm9EMlZfZF9YOHRmRGFZS29QRlNpN2hGT0R4cEdwX2dtbG51ZEFaM0N5WGxyc1J4SjMxdG40NjFpNEt1M0tFSFRmTlpwUUVSeXdMNXBLMlNVaml5cGU?oc=5,"<a href=""https://news.google.com/rss/articles/CBMiqAFBVV95cUxPWlVFU1VQRkd6Y1QxTEpMMG1UZkhxLU03c2tZYkZyYUxWS0pEcG1hb3Nrb3h3ajl3b2dqQy01TW5vNGZjNTc2RGVIQmFlRzhQb2RsWm9EMlZfZF9YOHRmRGFZS29QRlNpN2hGT0R4cEdwX2dtbG51ZEFaM0N5WGxyc1J4SjMxdG40NjFpNEt1M0tFSFRmTlpwUUVSeXdMNXBLMlNVaml5cGU?oc=5"" target=""_blank"">Philippe Colinet – Colette fête ses producteurs à l’Hôtel Sezz Saint-Tropez</a>&nbsp;&nbsp;<font color=""#6f6f6f"">Les Nouvelles Gastronomiques</font>","""ouverture"" restaurant OR hôtel Fréjus Saint-Raphaël",À qualifier,False
fd315b2ac280fece6785,2026-08-31T11:46:15Z,2026-05-05,06-83-MC,Région,Urbanisme,La Ciotat : le futur hôtel Eden Cap est enfin en voie de réalisation - mesinfos,mesinfos,https://news.google.com/rss/articles/CBMitAFBVV95cUxOdkJ0OTZBUjBNZnpxc3VEOXlnN0dKOXhoQzU1S0tJdUg1SWZhRE9TQXlhYTRPaEVJckRENm9TQV9EWjRVVC11RktxdkVVRGJmRzJKaW1tY3Y0MTg5YWc4MmxvZmZXenJaVFV0YkFlUmZOa1V1OS1SU2stWTlhVVcxSDlNeGhRZHhKTXZ4TlVEU0hjR0F0UUxrNlB0TGtDZzVXSmQ5Umg4YTduSng5SW9uS2hKRUk?oc=5,"<a href=""https://news.google.com/rss/articles/CBMitAFBVV95cUxOdkJ0OTZBUjBNZnpxc3VEOXlnN0dKOXhoQzU1S0tJdUg1SWZhRE9TQXlhYTRPaEVJckRENm9TQV9EWjRVVC11RktxdkVVRGJmRzJKaW1tY3Y0MTg5YWc4MmxvZmZXenJaVFV0YkFlUmZOa1V1OS1SU2stWTlhVVcxSDlNeGhRZHhKTXZ4TlVEU0hjR0F0UUxrNlB0TGtDZzVXSmQ5Umg4YTduSng5SW9uS2hKRUk?oc=5"" target=""_blank"">La Ciotat : le futur hôtel Eden Cap est enfin en voie de réalisation</a>&nbsp;&nbsp;<font color=""#6f6f6f"">mesinfos</font>","""permis de construire"" hôtel OR restaurant Côte d’Azur",À qualifier,False
22c08b8781855c904143,2026-08-17T06:00:55Z,2026-05-01,83,Hyères,Hyères,"A Hyères, Le Provençal, un hôtel Riviera avec vue plongeante sur la Méditerranée - Le Monde.fr",Le Monde.fr,https://news.google.com/rss/articles/CBMi5AFBVV95cUxOc2FsaFhzV3RWbUdEcW12eVdUMmRJV1gxSTBwNXFtTFpZb2xodFc4SXVVdDRGQmluWWp6ZFN0cmt4UDk4QVJkYVc2S3FpU2p4NlppZ3VKSWpRRUY1YUNtbm81dVBzSWhMUU5HVUFaVDVaNWVqYndNdUVha0VZWUQ4eG91NHpIaXhSVUxxSW9JX2NQYVh0RE55YlNSTnlrbmVrVVp6ZE1PR29VSFlMcmdSenFydkc2Ym1BWmdjX3ZHeENSeDZ3X2xqRUY2QVBMN0tCc3RGdmFYaEwxVm1JaHRILXVVZHc?oc=5,"<a href=""https://news.google.com/rss/articles/CBMi5AFBVV95cUxOc2FsaFhzV3RWbUdEcW12eVdUMmRJV1gxSTBwNXFtTFpZb2xodFc4SXVVdDRGQmluWWp6ZFN0cmt4UDk4QVJkYVc2S3FpU2p4NlppZ3VKSWpRRUY1YUNtbm81dVBzSWhMUU5HVUFaVDVaNWVqYndNdUVha0VZWUQ4eG91NHpIaXhSVUxxSW9JX2NQYVh0RE55YlNSTnlrbmVrVVp6ZE1PR29VSFlMcmdSenFydkc2Ym1BWmdjX3ZHeENSeDZ3X2xqRUY2QVBMN0tCc3RGdmFYaEwxVm1JaHRILXVVZHc?oc=5"" target=""_blank"">A Hyères, Le Provençal, un hôtel Riviera avec vue plongeante sur la Méditerranée</a>&nbsp;&nbsp;<font color=""#6f6f6f"">Le Monde.fr</font>","""ouverture"" restaurant OR plage OR hôtel Hyères",À qualifier,False
bffdd022e77ca3c9b201,2026-08-31T11:46:15Z,2026-04-28,06,Menton,Menton,Deux ans de Double menton et saucisson : la France à Montréal qui fait du bien - Maudits Français,Maudits Français,https://news.google.com/rss/articles/CBMipwFBVV95cUxPNjhqWm5NY0FnZzI5UWN2SWpmeDJxWTBteWZ6YWtyMkpMUGhyOWpnVUVuWUtyM1JRakNCWXg2MlhpTGk2Z2NLbldpdkdFWi1CTmVtNnB0MEc1WDkyb0pGYl9CNmVVajRwd3NzRC1ZLUR4MUFkNmJWTHd0eEx2b1UtUXpEUFVhLTB1czlHUXp4WXY5MHJycVd1MU9JQldaMUF2eVJuOTRkcw?oc=5,"<a href=""https://news.google.com/rss/articles/CBMipwFBVV95cUxPNjhqWm5NY0FnZzI5UWN2SWpmeDJxWTBteWZ6YWtyMkpMUGhyOWpnVUVuWUtyM1JRakNCWXg2MlhpTGk2Z2NLbldpdkdFWi1CTmVtNnB0MEc1WDkyb0pGYl9CNmVVajRwd3NzRC1ZLUR4MUFkNmJWTHd0eEx2b1UtUXpEUFVhLTB1czlHUXp4WXY5MHJycVd1MU9JQldaMUF2eVJuOTRkcw?oc=5"" target=""_blank"">Deux ans de Double menton et saucisson : la France à Montréal qui fait du bien</a>&nbsp;&nbsp;<font color=""#6f6f6f"">Maudits Français</font>","""ouverture"" restaurant OR hôtel OR bar Menton",À qualifier,False
f8a16abbef0ced2563b5,2026-08-24T06:04:16Z,2026-04-28,83,Hyères,Hyères,Hyères lance la saison à La Capte avec une soirée festive en rouge et blanc - Var Actu,Var Actu,https://news.google.com/rss/articles/CBMioAFBVV95cUxNZ08zSjJmTHRrYmJaWlo3WkpYdTA4R0JxRGpqcloxYmhSd0J0aU1TU3oweVp4UllSM0tjZXpnN1pRLTdzZDY2MGRXTHNWWUZyTE5Cc0x3bE9HSTJjTUlZQ1FWNWNJblgyNlNCU3ZGSUlsZHJ5bjdWZ0dxdUhqOUtpVEtmVFRvM2pKLUIzMklJUWpEbjFBdGNxaDRLM0ppc1pj?oc=5,"<a href=""https://news.google.com/rss/articles/CBMioAFBVV95cUxNZ08zSjJmTHRrYmJaWlo3WkpYdTA4R0JxRGpqcloxYmhSd0J0aU1TU3oweVp4UllSM0tjZXpnN1pRLTdzZDY2MGRXTHNWWUZyTE5Cc0x3bE9HSTJjTUlZQ1FWNWNJblgyNlNCU3ZGSUlsZHJ5bjdWZ0dxdUhqOUtpVEtmVFRvM2pKLUIzMklJUWpEbjFBdGNxaDRLM0ppc1pj?oc=5"" target=""_blank"">Hyères lance la saison à La Capte avec une soirée festive en rouge et blanc</a>&nbsp;&nbsp;<font color=""#6f6f6f"">Var Actu</font>","""ouverture"" restaurant OR plage OR hôtel Hyères",À qualifier,False
9de3af8a68acfed3058a,2026-08-31T11:46:15Z,2026-04-25,06,Nice,Nice,Nice. Ce concept de restaurant qui cartonne partout en France débarque dans ce quartier - Actu.fr,Actu.fr,https://news.google.com/rss/articles/CBMi6gFBVV95cUxOd3dxaThZZFI5WjhJMlhYWmQ1SFh4MExEUkM0aExvLTBOR0N6TlEtdHJ6R1JyMU9uQnQ3SjVnYk9oMjlMRGx1VW5Zd0xBVGZOei1EMzlSTnJZdEFCOXdzV2s4UW1TTDlsTUY4LWRNN0VoZTlzaXR4OXpnMmZZTkItMTUxSTdMUzEwRkRDa1NERVNrQW54UklvWTJibTlKMTN0LXAzLXJfaHBUWGZmX0hfSk9lWllYZUxiS2ZYdlVuWDZ0eUN6eTR1NElWSWUzVXI2TTdWOVBOTlliYkFlaUFHN1dhMzhmU210NFE?oc=5,"<a href=""https://news.google.com/rss/articles/CBMi6gFBVV95cUxOd3dxaThZZFI5WjhJMlhYWmQ1SFh4MExEUkM0aExvLTBOR0N6TlEtdHJ6R1JyMU9uQnQ3SjVnYk9oMjlMRGx1VW5Zd0xBVGZOei1EMzlSTnJZdEFCOXdzV2s4UW1TTDlsTUY4LWRNN0VoZTlzaXR4OXpnMmZZTkItMTUxSTdMUzEwRkRDa1NERVNrQW54UklvWTJibTlKMTN0LXAzLXJfaHBUWGZmX0hfSk9lWllYZUxiS2ZYdlVuWDZ0eUN6eTR1NElWSWUzVXI2TTdWOVBOTlliYkFlaUFHN1dhMzhmU210NFE?oc=5"" target=""_blank"">Nice. Ce concept de restaurant qui cartonne partout en France débarque dans ce quartier</a>&nbsp;&nbsp;<font color=""#6f6f6f"">Actu.fr</font>","""ouverture"" restaurant OR bar OR rooftop Nice",À qualifier,False
ff59faac3937e3f5289d,2026-08-24T06:04:16Z,2026-04-24,06,Nice,Nice,"Selim M’Nasri, chef du restaurant Epicentre à Nice : « Un seul mot explique le lancement de mon propre restaurant : la liberté » - Monaco Hebdo",Monaco Hebdo,https://news.google.com/rss/articles/CBMi6wFBVV95cUxObTgtVzh6cFJ6WHBSSWFVVjFuUGRPLU9HVUx0bE9EVmJjVUQ5NnlBOTd3WXJ5UENBOEZmUUQwbmdKMWhRcXF2WV9waEdocS1CdGNQdVFfOEdZc1VTX254RVR5eWFGWGhJQUhlT2otQTY0aG9XWUd5LUpLdmV5MC1VckRKdXcxTzVCS1RFaDU5UFRJTHBMZWdTMWNZUk44UVJZbEN6LWlzUDVmN0RtWWZubkd4UHNEZ0ZYdDl4czdfWnlJZHJDNV9kZUgwUktkcXp5YkZZdWN3WTBfMkpoaHZmakJEZjg5N1NJYWVV?oc=5,"<a href=""https://news.google.com/rss/articles/CBMi6wFBVV95cUxObTgtVzh6cFJ6WHBSSWFVVjFuUGRPLU9HVUx0bE9EVmJjVUQ5NnlBOTd3WXJ5UENBOEZmUUQwbmdKMWhRcXF2WV9waEdocS1CdGNQdVFfOEdZc1VTX254RVR5eWFGWGhJQUhlT2otQTY0aG9XWUd5LUpLdmV5MC1VckRKdXcxTzVCS1RFaDU5UFRJTHBMZWdTMWNZUk44UVJZbEN6LWlzUDVmN0RtWWZubkd4UHNEZ0ZYdDl4czdfWnlJZHJDNV9kZUgwUktkcXp5YkZZdWN3WTBfMkpoaHZmakJEZjg5N1NJYWVV?oc=5"" target=""_blank"">Selim M’Nasri, chef du restaurant Epicentre à Nice : « Un seul mot explique le lancement de mon propre restaurant : la liberté »</a>&nbsp;&nbsp;<font color=""#6f6f6f"">Monaco Hebdo</font>","""ouverture"" restaurant OR bar OR rooftop Nice",À qualifier,False
ae088e2ca8d78112de96,2026-08-10T06:52:26Z,2026-04-24,06,Nice,Nice,"Selim M’Nasri, chef du restaurant Epicentre à Nice : « Un seul mot explique le lancement de mon propre restaurant : la liberté » - monaco-hebdo.com",monaco-hebdo.com,https://news.google.com/rss/articles/CBMi6wFBVV95cUxObTgtVzh6cFJ6WHBSSWFVVjFuUGRPLU9HVUx0bE9EVmJjVUQ5NnlBOTd3WXJ5UENBOEZmUUQwbmdKMWhRcXF2WV9waEdocS1CdGNQdVFfOEdZc1VTX254RVR5eWFGWGhJQUhlT2otQTY0aG9XWUd5LUpLdmV5MC1VckRKdXcxTzVCS1RFaDU5UFRJTHBMZWdTMWNZUk44UVJZbEN6LWlzUDVmN0RtWWZubkd4UHNEZ0ZYdDl4czdfWnlJZHJDNV9kZUgwUktkcXp5YkZZdWN3WTBfMkpoaHZmakJEZjg5N1NJYWVV?oc=5,"<a href=""https://news.google.com/rss/articles/CBMi6wFBVV95cUxObTgtVzh6cFJ6WHBSSWFVVjFuUGRPLU9HVUx0bE9EVmJjVUQ5NnlBOTd3WXJ5UENBOEZmUUQwbmdKMWhRcXF2WV9waEdocS1CdGNQdVFfOEdZc1VTX254RVR5eWFGWGhJQUhlT2otQTY0aG9XWUd5LUpLdmV5MC1VckRKdXcxTzVCS1RFaDU5UFRJTHBMZWdTMWNZUk44UVJZbEN6LWlzUDVmN0RtWWZubkd4UHNEZ0ZYdDl4czdfWnlJZHJDNV9kZUgwUktkcXp5YkZZdWN3WTBfMkpoaHZmakJEZjg5N1NJYWVV?oc=5"" target=""_blank"">Selim M’Nasri, chef du restaurant Epicentre à Nice : « Un seul mot explique le lancement de mon propre restaurant : la liberté »</a>&nbsp;&nbsp;<font color=""#6f6f6f"">monaco-hebdo.com</font>","""ouverture"" restaurant OR bar OR rooftop Nice",À qualifier,False
44639b31d39e685f9f49,2026-08-31T11:46:15Z,2026-04-23,83,Saint-Tropez,Saint-Tropez,"Depuis plus de 50 ans, cet hôtel de Saint-Tropez accueille les célébrités et rouvre ses portes : “Un lieu mythique, chargé d’histoire et d’élégance” - Ode (Purepeople)",Ode (Purepeople),https://news.google.com/rss/articles/CBMilgJBVV95cUxOamJHcWtuZFhwWmx5NUY2NFlpckFaN1l6OExZblBuUEVHZi1qbFZyV3BGdzNBcE5paXdzcjFPX04yOGpvUngwUUh4RVZxRVFrZXhab3d5TmlrUldlUjZkYnBaT044dTN6U1I0MDVqU3A1NVQ4Nms5N2oyR1h4eGRSVWVJaXcybEtkamVIMVg3V3JKUnMzZWtpTW1Id1FQdkZ1dlFja1JDb0wzYnFNX0FtSm5FX05zWWpRMlNxZWlXUWxYX3phN3h0Ql9QbEVJS2Zmcy14TlZVRHl4Z0ctTno0WVhtek1pUU9DMXlYSGN4a2E0UG9CVXVWYkMtaG5Fc3FoTWZEeW5LVjhuWXJPR0VlQ2VTY0xCZw?oc=5,"<a href=""https://news.google.com/rss/articles/CBMilgJBVV95cUxOamJHcWtuZFhwWmx5NUY2NFlpckFaN1l6OExZblBuUEVHZi1qbFZyV3BGdzNBcE5paXdzcjFPX04yOGpvUngwUUh4RVZxRVFrZXhab3d5TmlrUldlUjZkYnBaT044dTN6U1I0MDVqU3A1NVQ4Nms5N2oyR1h4eGRSVWVJaXcybEtkamVIMVg3V3JKUnMzZWtpTW1Id1FQdkZ1dlFja1JDb0wzYnFNX0FtSm5FX05zWWpRMlNxZWlXUWxYX3phN3h0Ql9QbEVJS2Zmcy14TlZVRHl4Z0ctTno0WVhtek1pUU9DMXlYSGN4a2E0UG9CVXVWYkMtaG5Fc3FoTWZEeW5LVjhuWXJPR0VlQ2VTY0xCZw?oc=5"" target=""_blank"">Depuis plus de 50 ans, cet hôtel de Saint-Tropez accueille les célébrités et rouvre ses portes : “Un lieu mythique, chargé d’histoire et d’élégance”</a>&nbsp;&nbsp;<font color=""#6f6f6f"">Ode (Purepeople)</font>","""ouverture"" restaurant OR plage OR hôtel Saint-Tropez",À qualifier,False
04b2db1ff3121edfa812,2026-08-31T11:46:15Z,2026-04-23,83,Hyères,Hyères,Var : la Route du Sel rouvrira le 11 mai annonce la ville d'Hyères - RCF Radio,RCF Radio,https://news.google.com/rss/articles/CBMipwFBVV95cUxNTVVtQzlROF9MSG1ILUJFZ0xKTWwzTVhWNEtaZWU3RG1paFg4UWY4MjhVZTViZlpBQ1ZKVW9tMmZWWE5Ea2lxU0syU25hVDVYaUt6Qi1LR2czSWdTRmNnYmRGRksyakNfdjhseUNlR20tZmh4NWdGU1pGLWVWWk9kUV9IbE9qSjh1YXFoZ0VXc2R4Tms4OXlTOWduVjFEdG1GaWJlZzRuRQ?oc=5,"<a href=""https://news.google.com/rss/articles/CBMipwFBVV95cUxNTVVtQzlROF9MSG1ILUJFZ0xKTWwzTVhWNEtaZWU3RG1paFg4UWY4MjhVZTViZlpBQ1ZKVW9tMmZWWE5Ea2lxU0syU25hVDVYaUt6Qi1LR2czSWdTRmNnYmRGRksyakNfdjhseUNlR20tZmh4NWdGU1pGLWVWWk9kUV9IbE9qSjh1YXFoZ0VXc2R4Tms4OXlTOWduVjFEdG1GaWJlZzRuRQ?oc=5"" target=""_blank"">Var : la Route du Sel rouvrira le 11 mai annonce la ville d'Hyères</a>&nbsp;&nbsp;<font color=""#6f6f6f"">RCF Radio</font>","""ouverture"" restaurant OR plage OR hôtel Hyères",À qualifier,False
6e33187fa604d90228ce,2026-08-24T06:04:16Z,2026-04-23,83,Hyères,Hyères,Var : la Route du Sel rouvrira le 11 mai annonce la ville d'Hyères - RCF.FR,RCF.FR,https://news.google.com/rss/articles/CBMipwFBVV95cUxNTVVtQzlROF9MSG1ILUJFZ0xKTWwzTVhWNEtaZWU3RG1paFg4UWY4MjhVZTViZlpBQ1ZKVW9tMmZWWE5Ea2lxU0syU25hVDVYaUt6Qi1LR2czSWdTRmNnYmRGRksyakNfdjhseUNlR20tZmh4NWdGU1pGLWVWWk9kUV9IbE9qSjh1YXFoZ0VXc2R4Tms4OXlTOWduVjFEdG1GaWJlZzRuRQ?oc=5,"<a href=""https://news.google.com/rss/articles/CBMipwFBVV95cUxNTVVtQzlROF9MSG1ILUJFZ0xKTWwzTVhWNEtaZWU3RG1paFg4UWY4MjhVZTViZlpBQ1ZKVW9tMmZWWE5Ea2lxU0syU25hVDVYaUt6Qi1LR2czSWdTRmNnYmRGRksyakNfdjhseUNlR20tZmh4NWdGU1pGLWVWWk9kUV9IbE9qSjh1YXFoZ0VXc2R4Tms4OXlTOWduVjFEdG1GaWJlZzRuRQ?oc=5"" target=""_blank"">Var : la Route du Sel rouvrira le 11 mai annonce la ville d'Hyères</a>&nbsp;&nbsp;<font color=""#6f6f6f"">RCF.FR</font>","""ouverture"" restaurant OR plage OR hôtel Hyères",À qualifier,False
6929e6b8a0406e704a98,2026-08-17T06:00:55Z,2026-04-23,83,Hyères,Hyères,Var : la Route du Sel rouvrira le 11 mai annonce la ville d'Hyères - rcf.fr,rcf.fr,https://news.google.com/rss/articles/CBMipwFBVV95cUxNTVVtQzlROF9MSG1ILUJFZ0xKTWwzTVhWNEtaZWU3RG1paFg4UWY4MjhVZTViZlpBQ1ZKVW9tMmZWWE5Ea2lxU0syU25hVDVYaUt6Qi1LR2czSWdTRmNnYmRGRksyakNfdjhseUNlR20tZmh4NWdGU1pGLWVWWk9kUV9IbE9qSjh1YXFoZ0VXc2R4Tms4OXlTOWduVjFEdG1GaWJlZzRuRQ?oc=5,"<a href=""https://news.google.com/rss/articles/CBMipwFBVV95cUxNTVVtQzlROF9MSG1ILUJFZ0xKTWwzTVhWNEtaZWU3RG1paFg4UWY4MjhVZTViZlpBQ1ZKVW9tMmZWWE5Ea2lxU0syU25hVDVYaUt6Qi1LR2czSWdTRmNnYmRGRksyakNfdjhseUNlR20tZmh4NWdGU1pGLWVWWk9kUV9IbE9qSjh1YXFoZ0VXc2R4Tms4OXlTOWduVjFEdG1GaWJlZzRuRQ?oc=5"" target=""_blank"">Var : la Route du Sel rouvrira le 11 mai annonce la ville d'Hyères</a>&nbsp;&nbsp;<font color=""#6f6f6f"">rcf.fr</font>","""ouverture"" restaurant OR plage OR hôtel Hyères",À qualifier,False
555a8194bd5847716044,2026-08-31T11:46:15Z,2026-04-20,06,Antibes,Antibes,« Ça fait bientôt dix ans que ça dure et on continue de s’agrandir » : le succès de ces quatre amis qui gèrent un groupe de restaurants florissant à Antibes - Nice-Matin,Nice-Matin,https://news.google.com/rss/articles/CBMiqwJBVV95cUxQaWk1NkpVUUo2ck0zdm80SlNnYXpsc2szWHFocjI1WDd5Tm1aT2lLcjVlUDQ2ZFFHdjlSa1VCRjVUMmtlWU04REdzTUp5dHBZZFFtNW5FYVhJRXFXdGZ6ekRRXzRHUEpsRHA0dXdnci1TZ2dUMG9CbGU4SUZ6TjlQOGhENnNkTXZOeHFhb2I3c3lKUnBZeUczcVNqRjh4TmVtaXRhaTdLOUc2c2VDN1VGaGVzVzdxWnU4ekxvVTJWWmVrZU45aVdVYzZYNkFoLWVsUnlIcmZMYmE3cllZT213a1hLWjZKc1B1aW9ubU1RRnFXenpQOXVDd0R3NHJaRGRVbTFlRFlTdWRiSDBBNDFDejlaclM2ZUMzRWN3NDJrWno4T3g4UF9rVGc3VQ?oc=5,"<a href=""https://news.google.com/rss/articles/CBMiqwJBVV95cUxQaWk1NkpVUUo2ck0zdm80SlNnYXpsc2szWHFocjI1WDd5Tm1aT2lLcjVlUDQ2ZFFHdjlSa1VCRjVUMmtlWU04REdzTUp5dHBZZFFtNW5FYVhJRXFXdGZ6ekRRXzRHUEpsRHA0dXdnci1TZ2dUMG9CbGU4SUZ6TjlQOGhENnNkTXZOeHFhb2I3c3lKUnBZeUczcVNqRjh4TmVtaXRhaTdLOUc2c2VDN1VGaGVzVzdxWnU4ekxvVTJWWmVrZU45aVdVYzZYNkFoLWVsUnlIcmZMYmE3cllZT213a1hLWjZKc1B1aW9ubU1RRnFXenpQOXVDd0R3NHJaRGRVbTFlRFlTdWRiSDBBNDFDejlaclM2ZUMzRWN3NDJrWno4T3g4UF9rVGc3VQ?oc=5"" target=""_blank"">« Ça fait bientôt dix ans que ça dure et on continue de s’agrandir » : le succès de ces quatre amis qui gèrent un groupe de restaurants florissant à Antibes</a>&nbsp;&nbsp;<font color=""#6f6f6f"">Nice-Matin</font>","""ouverture"" restaurant OR hôtel OR bar Antibes",À qualifier,False
c37f567bc32babb45b0e,2026-08-31T11:46:15Z,2026-04-20,83,Hyères,Hyères,"De Toulon à Hyères, voici les rooftops où siroter un cocktail au coucher du soleil cet été - Actu.fr",Actu.fr,https://news.google.com/rss/articles/CBMi8AFBVV95cUxObERxQUpLaTRQU29jTFM2a0xVOUJlZkZmT3E4YUN4SWFIWVh2aUhzMjdVRXZrczR6aU5SWURBejVaelpRdGdFZHBJeWlMODluSWdMdXd1WmVkeGR6R3BleVI3ZDl2UnREUl9tTXUtM0ROS2ZLN01Qa2tuWTJ1Qm9ObmFnUmtqa2Uxa2VJNF9aRGNERkMyNkZNX19fQ3Q3djkzV0lteWp6ZjBaLUtHQzdQYmtLalJXRlFnakIzdXZ6MGVBSUhLOHM0ekxjSlFCRGJKOGRGOV9GLXN4UnltOUFjdDA3QUJlSXFRb2RwTndsZWU?oc=5,"<a href=""https://news.google.com/rss/articles/CBMi8AFBVV95cUxObERxQUpLaTRQU29jTFM2a0xVOUJlZkZmT3E4YUN4SWFIWVh2aUhzMjdVRXZrczR6aU5SWURBejVaelpRdGdFZHBJeWlMODluSWdMdXd1WmVkeGR6R3BleVI3ZDl2UnREUl9tTXUtM0ROS2ZLN01Qa2tuWTJ1Qm9ObmFnUmtqa2Uxa2VJNF9aRGNERkMyNkZNX19fQ3Q3djkzV0lteWp6ZjBaLUtHQzdQYmtLalJXRlFnakIzdXZ6MGVBSUhLOHM0ekxjSlFCRGJKOGRGOV9GLXN4UnltOUFjdDA3QUJlSXFRb2RwTndsZWU?oc=5"" target=""_blank"">De Toulon à Hyères, voici les rooftops où siroter un cocktail au coucher du soleil cet été</a>&nbsp;&nbsp;<font color=""#6f6f6f"">Actu.fr</font>","""ouverture"" restaurant OR plage OR hôtel Hyères",À qualifier,False
09b044007f0d1e3d02c0,2026-08-31T11:46:15Z,2026-04-20,MC,Monaco,Monaco,Simone Zanoni prendra les commandes de La Vigie à Monaco pour l’été 2026 - lechef.com,lechef.com,https://news.google.com/rss/articles/CBMimwFBVV95cUxNOGdMSkdEc2JvRWQ4WnFreXZOcWNXVlZqSXNnQ0czdDdzeHB3ZDgzZ05Id0ZlbTdVNEtsRXU4aUMxa3VJOWlTQ25XZC05c2pMaklWeVNvZG1RS25xOVlzazBNZ05PSkMyRU5RTEVacUc1cldhR0p4X3B2ZHF2YmxHS0I3V3ZDeEE2b2prZmJ6SUJMdzJOY2tXWUNqQQ?oc=5,"<a href=""https://news.google.com/rss/articles/CBMimwFBVV95cUxNOGdMSkdEc2JvRWQ4WnFreXZOcWNXVlZqSXNnQ0czdDdzeHB3ZDgzZ05Id0ZlbTdVNEtsRXU4aUMxa3VJOWlTQ25XZC05c2pMaklWeVNvZG1RS25xOVlzazBNZ05PSkMyRU5RTEVacUc1cldhR0p4X3B2ZHF2YmxHS0I3V3ZDeEE2b2prZmJ6SUJMdzJOY2tXWUNqQQ?oc=5"" target=""_blank"">Simone Zanoni prendra les commandes de La Vigie à Monaco pour l’été 2026</a>&nbsp;&nbsp;<font color=""#6f6f6f"">lechef.com</font>","""ouverture"" restaurant OR hôtel OR bar Monaco",À qualifier,False
391f82d3a8160601b44f,2026-08-17T06:00:55Z,2026-04-20,83,Hyères,Hyères,"De Toulon à Hyères, voici les rooftops où siroter un cocktail au coucher du soleil cet été - actu.fr",actu.fr,https://news.google.com/rss/articles/CBMi8AFBVV95cUxObERxQUpLaTRQU29jTFM2a0xVOUJlZkZmT3E4YUN4SWFIWVh2aUhzMjdVRXZrczR6aU5SWURBejVaelpRdGdFZHBJeWlMODluSWdMdXd1WmVkeGR6R3BleVI3ZDl2UnREUl9tTXUtM0ROS2ZLN01Qa2tuWTJ1Qm9ObmFnUmtqa2Uxa2VJNF9aRGNERkMyNkZNX19fQ3Q3djkzV0lteWp6ZjBaLUtHQzdQYmtLalJXRlFnakIzdXZ6MGVBSUhLOHM0ekxjSlFCRGJKOGRGOV9GLXN4UnltOUFjdDA3QUJlSXFRb2RwTndsZWU?oc=5,"<a href=""https://news.google.com/rss/articles/CBMi8AFBVV95cUxObERxQUpLaTRQU29jTFM2a0xVOUJlZkZmT3E4YUN4SWFIWVh2aUhzMjdVRXZrczR6aU5SWURBejVaelpRdGdFZHBJeWlMODluSWdMdXd1WmVkeGR6R3BleVI3ZDl2UnREUl9tTXUtM0ROS2ZLN01Qa2tuWTJ1Qm9ObmFnUmtqa2Uxa2VJNF9aRGNERkMyNkZNX19fQ3Q3djkzV0lteWp6ZjBaLUtHQzdQYmtLalJXRlFnakIzdXZ6MGVBSUhLOHM0ekxjSlFCRGJKOGRGOV9GLXN4UnltOUFjdDA3QUJlSXFRb2RwTndsZWU?oc=5"" target=""_blank"">De Toulon à Hyères, voici les rooftops où siroter un cocktail au coucher du soleil cet été</a>&nbsp;&nbsp;<font color=""#6f6f6f"">actu.fr</font>","""ouverture"" restaurant OR plage OR hôtel Hyères",À qualifier,False
f2208f346c3f978025e9,2026-08-31T11:46:15Z,2026-04-14,83,Hyères,Hyères,"À Hyères, la route du Sel est en plein travaux... pour une réouverture que tout le monde ne souhaite pas - France 3 Régions",France 3 Régions,https://news.google.com/rss/articles/CBMimAJBVV95cUxPMUhJemptUUwzaVR4eU1OUWlzUkFQTmcxa0V3d1VuMVE3aE1hcFhpY0Q1dUVUVlBvLUR2MDQzUmV1SF9LVlk3TnBVWE5pMDltdmpHSXR4TGJhclZFd2dhSWpMaWRrelU3R3RUNi1ZMnJ0WGQ1eEY1eVc3dkdfRXN1ckx6U1N5QzBYeHFlNjVBQjhyc1o4VElfZzJGMnBWSjJFVmVEbUtGWG92cUxBSXpXUng0T0U5aVExZEVjZG9tTmZoMkc4YzJJaG5TZkxNUXJIUHNCNFRtck42UUpkZlVhUXNDQzhkOGx6LUNBYUdWS2ViYXljenI2NXJJQ2FQZHg1TTBoMmdVRXRTd0syY3JVOUEyQVYxc3Fw?oc=5,"<a href=""https://news.google.com/rss/articles/CBMimAJBVV95cUxPMUhJemptUUwzaVR4eU1OUWlzUkFQTmcxa0V3d1VuMVE3aE1hcFhpY0Q1dUVUVlBvLUR2MDQzUmV1SF9LVlk3TnBVWE5pMDltdmpHSXR4TGJhclZFd2dhSWpMaWRrelU3R3RUNi1ZMnJ0WGQ1eEY1eVc3dkdfRXN1ckx6U1N5QzBYeHFlNjVBQjhyc1o4VElfZzJGMnBWSjJFVmVEbUtGWG92cUxBSXpXUng0T0U5aVExZEVjZG9tTmZoMkc4YzJJaG5TZkxNUXJIUHNCNFRtck42UUpkZlVhUXNDQzhkOGx6LUNBYUdWS2ViYXljenI2NXJJQ2FQZHg1TTBoMmdVRXRTd0syY3JVOUEyQVYxc3Fw?oc=5"" target=""_blank"">À Hyères, la route du Sel est en plein travaux... pour une réouverture que tout le monde ne souhaite pas</a>&nbsp;&nbsp;<font color=""#6f6f6f"">France 3 Régions</font>","""ouverture"" restaurant OR plage OR hôtel Hyères",À qualifier,False
8e36ea58a3ca301bcd79,2026-08-31T11:46:15Z,2026-04-13,MC,Monaco,Monaco,OUVERTURE DE LA SAISON À LA PLAGE DE MONTE-CARLO - modelvita.com,modelvita.com,https://news.google.com/rss/articles/CBMiqgFBVV95cUxNLTRrWkxPQmhpR0Y4UURpc0RIb3ZXTm5HbzlhUG5ZbWk0eG1BRlkxTWJtYjhaZ05wbkw5NWE2bzJMMkFiZ1R1WjlCUFBmV0tjUDRhRjFsRU96MXN3QUVKWjZmbzh2eGVjZ2NXX0JOUktXMnRueENBeUxiTDdKVW9FZEhJbUdaNTctOUNyd2FCdnllbnRQQUYybmpBcDh5amhBdFIwcXluMkhtUQ?oc=5,"<a href=""https://news.google.com/rss/articles/CBMiqgFBVV95cUxNLTRrWkxPQmhpR0Y4UURpc0RIb3ZXTm5HbzlhUG5ZbWk0eG1BRlkxTWJtYjhaZ05wbkw5NWE2bzJMMkFiZ1R1WjlCUFBmV0tjUDRhRjFsRU96MXN3QUVKWjZmbzh2eGVjZ2NXX0JOUktXMnRueENBeUxiTDdKVW9FZEhJbUdaNTctOUNyd2FCdnllbnRQQUYybmpBcDh5amhBdFIwcXluMkhtUQ?oc=5"" target=""_blank"">OUVERTURE DE LA SAISON À LA PLAGE DE MONTE-CARLO</a>&nbsp;&nbsp;<font color=""#6f6f6f"">modelvita.com</font>","""ouverture"" restaurant OR hôtel OR bar Monaco",À qualifier,False
45b7a5dbee99c466e482,2026-08-17T06:00:55Z,2026-04-13,83,Var,CHR général,"Pionnier des bars à chats dans le Var, ce café séduit toujours autant huit ans après son ouverture - Nice-Matin",Nice-Matin,https://news.google.com/rss/articles/CBMi5gFBVV95cUxNODBURlZLY1hSci1DdkJ3c29oWXlVMjg0RUU5QmwtX1M4RzhPVVB3MElHZmtITVhZRFJaMGZNR3cxQ2dWS3E1R0ExSnQwaWtwUzBOUVlVS3Ezb2s1amVFR0NNbFZwN29TTEtXMTdvZnFydEJMcXlxTWtHUW9xOGR2c19fMzNjVHg5RmZ2alN4WnV2MlRBOFg4cmxwMXhEVjk4UnY5U0RBcWsyQlkxbXZ5V1lTNHYtT3B5YUdDN19pbXpvY3NMSW9uRnBsdlJUNXZMdEdPbVA0bFB2WlAyZEhseWZvT09EZw?oc=5,"<a href=""https://news.google.com/rss/articles/CBMi5gFBVV95cUxNODBURlZLY1hSci1DdkJ3c29oWXlVMjg0RUU5QmwtX1M4RzhPVVB3MElHZmtITVhZRFJaMGZNR3cxQ2dWS3E1R0ExSnQwaWtwUzBOUVlVS3Ezb2s1amVFR0NNbFZwN29TTEtXMTdvZnFydEJMcXlxTWtHUW9xOGR2c19fMzNjVHg5RmZ2alN4WnV2MlRBOFg4cmxwMXhEVjk4UnY5U0RBcWsyQlkxbXZ5V1lTNHYtT3B5YUdDN19pbXpvY3NMSW9uRnBsdlJUNXZMdEdPbVA0bFB2WlAyZEhseWZvT09EZw?oc=5"" target=""_blank"">Pionnier des bars à chats dans le Var, ce café séduit toujours autant huit ans après son ouverture</a>&nbsp;&nbsp;<font color=""#6f6f6f"">Nice-Matin</font>","""ouverture"" restaurant OR hôtel OR bar Var",À qualifier,False
50abd036e3b3109c2b14,2026-08-24T06:04:16Z,2026-04-02,06,Cannes,Cannes,L’Hôtel Barrière Le Majestic Cannes accueille un Beefbar - Au cœur du CHR,Au cœur du CHR,https://news.google.com/rss/articles/CBMifEFVX3lxTE5kYjJSTmgzdU5SV0tpZTA0Q01EaUliUFcwLTFiUlhPNVpDX2NsVV9ybm1IQVpzZTJJMnNnUjctN1hsYlA2RnBqUXBKZS1NbWp1LXRvdUVMUzlOdEZQclBhaG1zYzdNMUtMRlRjWVJhbzNjNVpvOS16dm0xLTc?oc=5,"<a href=""https://news.google.com/rss/articles/CBMifEFVX3lxTE5kYjJSTmgzdU5SV0tpZTA0Q01EaUliUFcwLTFiUlhPNVpDX2NsVV9ybm1IQVpzZTJJMnNnUjctN1hsYlA2RnBqUXBKZS1NbWp1LXRvdUVMUzlOdEZQclBhaG1zYzdNMUtMRlRjWVJhbzNjNVpvOS16dm0xLTc?oc=5"" target=""_blank"">L’Hôtel Barrière Le Majestic Cannes accueille un Beefbar</a>&nbsp;&nbsp;<font color=""#6f6f6f"">Au cœur du CHR</font>","""ouverture"" restaurant OR hôtel OR plage Cannes",À qualifier,False
191ae3becf1bf51b7dbc,2026-08-24T06:04:16Z,2026-04-01,06,Nice,Nice,"Ce restaurant de Nice décroche une étoile au Michelin après un an d'existence: ""Je m’y attendais"" - Actu.fr",Actu.fr,https://news.google.com/rss/articles/CBMi9AFBVV95cUxOaEpFanhOdDJfall0aHpLR1JSTWV6YWdwcW5GaG9GODFoOFBmR3RpN2FTS1EzTkE1NjhFWWhiSXlrOW5kSTVXQ2MycW55VGx1TTcxS0s3UmhQbUp1RWZzMERhMHdydzZsWjM4MWc1eTFBb0FzUUZOOGxOWUNQc1BISWJHMHBkMEtuYnpLalUzam9Pa2FxRmpIekUzX1RhYVN6X0MwVVp6OTROeGc2c1BTMUpJVXgtUVc1SDNtR1Nfd2FIcV8wbFc2eHMwTDg1ZG85Y1VxakVrbVhrVzRmNnZFRUNmb1VCTFFobzE1TjRZQzBRZlpv?oc=5,"<a href=""https://news.google.com/rss/articles/CBMi9AFBVV95cUxOaEpFanhOdDJfall0aHpLR1JSTWV6YWdwcW5GaG9GODFoOFBmR3RpN2FTS1EzTkE1NjhFWWhiSXlrOW5kSTVXQ2MycW55VGx1TTcxS0s3UmhQbUp1RWZzMERhMHdydzZsWjM4MWc1eTFBb0FzUUZOOGxOWUNQc1BISWJHMHBkMEtuYnpLalUzam9Pa2FxRmpIekUzX1RhYVN6X0MwVVp6OTROeGc2c1BTMUpJVXgtUVc1SDNtR1Nfd2FIcV8wbFc2eHMwTDg1ZG85Y1VxakVrbVhrVzRmNnZFRUNmb1VCTFFobzE1TjRZQzBRZlpv?oc=5"" target=""_blank"">Ce restaurant de Nice décroche une étoile au Michelin après un an d'existence: ""Je m’y attendais""</a>&nbsp;&nbsp;<font color=""#6f6f6f"">Actu.fr</font>","""ouverture"" restaurant OR bar OR rooftop Nice",À qualifier,False
7c57e9926493d37dbb10,2026-08-24T06:04:16Z,2026-04-01,83,Hyères,Hyères,Cauchemar en cuisine replay du 01/04/2026 : Cauchemar en cuisine : Hyères (2/2) - TV-Programme.com,TV-Programme.com,https://news.google.com/rss/articles/CBMirAFBVV95cUxQcHdfc1ZvTjJBYjA3VVl1Z2JCeUc3M2daNzJMMS1zMHAzLUNwSUxFSHJvSk9JTmVXTXVrMFBhOHR6UXZacm0tU0haYXJaWGV4ekp6TUFYSWU1N1N3OWt6eUhUZVc1WjNxeV9Bc0RBUEgyQjI5UWRmRllrVGhOYkM2NS1KMm9QaXpNZ0EzNTBlTjhFckstOFFIS19ReFJYMkNxSW81OHoxc1padUR4?oc=5,"<a href=""https://news.google.com/rss/articles/CBMirAFBVV95cUxQcHdfc1ZvTjJBYjA3VVl1Z2JCeUc3M2daNzJMMS1zMHAzLUNwSUxFSHJvSk9JTmVXTXVrMFBhOHR6UXZacm0tU0haYXJaWGV4ekp6TUFYSWU1N1N3OWt6eUhUZVc1WjNxeV9Bc0RBUEgyQjI5UWRmRllrVGhOYkM2NS1KMm9QaXpNZ0EzNTBlTjhFckstOFFIS19ReFJYMkNxSW81OHoxc1padUR4?oc=5"" target=""_blank"">Cauchemar en cuisine replay du 01/04/2026 : Cauchemar en cuisine : Hyères (2/2)</a>&nbsp;&nbsp;<font color=""#6f6f6f"">TV-Programme.com</font>","""ouverture"" restaurant OR plage OR hôtel Hyères",À qualifier,False
c533554d450d9628327a,2026-08-10T06:52:26Z,2026-04-01,06,Nice,Nice,"Ce restaurant de Nice décroche une étoile au Michelin après un an d'existence: ""Je m’y attendais"" - Actu.fr",Actu.fr,https://news.google.com/rss/articles/CBMiiAJBVV95cUxOVElZMjNrSVVQQTNrQXQ5N0RFRTdFNkd6TFhEWEpMMDQtR3pZZGZxSGVQbkRTSjBRMDhpUTlQbTk4LUtPajlJZ011bHJCd1pLdlZtdmxuRlRISks3aW9lWkZmRjJzbVVrcm11UkVjdTF6Tk1GSWRpVFBrUnZuYVhHbEhRRUtKQ216cy01UGIycGlOejZIWkpJdmViTWs5dUx4enNtTDZwLVNfRXoyQndyMWZQMTJYLVdVSmpVRmphbTNpcTkxWkJWNzAxa2poZU5QZ1E1Y2tnVENMOE4wd2twRG5aUHFvWmNPWE91dXpORmtsQ3lnUXVLV1lERWZWZlJvM0plaDBSRkM?oc=5,"<a href=""https://news.google.com/rss/articles/CBMiiAJBVV95cUxOVElZMjNrSVVQQTNrQXQ5N0RFRTdFNkd6TFhEWEpMMDQtR3pZZGZxSGVQbkRTSjBRMDhpUTlQbTk4LUtPajlJZ011bHJCd1pLdlZtdmxuRlRISks3aW9lWkZmRjJzbVVrcm11UkVjdTF6Tk1GSWRpVFBrUnZuYVhHbEhRRUtKQ216cy01UGIycGlOejZIWkpJdmViTWs5dUx4enNtTDZwLVNfRXoyQndyMWZQMTJYLVdVSmpVRmphbTNpcTkxWkJWNzAxa2poZU5QZ1E1Y2tnVENMOE4wd2twRG5aUHFvWmNPWE91dXpORmtsQ3lnUXVLV1lERWZWZlJvM0plaDBSRkM?oc=5"" target=""_blank"">Ce restaurant de Nice décroche une étoile au Michelin après un an d'existence: ""Je m’y attendais""</a>&nbsp;&nbsp;<font color=""#6f6f6f"">Actu.fr</font>","""ouverture"" restaurant OR bar OR rooftop Nice",À qualifier,False
9f6954fa2eaa1b459bd2,2026-08-31T11:46:15Z,2026-03-31,06,Cannes,Cannes,"Ce célèbre restaurant, véritable institution sur la Côte d'Azur, va faire son retour cet été à Cannes plus de 8 ans après sa démolition - Cannes Actus",Cannes Actus,https://news.google.com/rss/articles/CBMiigJBVV95cUxOcWJwS1cwTzRVWnNkUGRTYXFoY0ItQ2ZCSkNRakt4amZHdVJrVEk1VzNGdmgxa0hpTHM4MWNfU0hoQWZmVF9DQVhGc2FnM1RQME9TWmlpclUwMFVZNzVDMzU3eTl4S3FkOGNQWlZZUVV6VmVMRnhuUGdmTWltaFRxMkRGZFUxY2FvS01zMVo0Um1mS0pfRGd4WGZDanM0U1pScm5Vci1FOVRHVG9nQ2pmbTVHaVVhQVpzVndKeG5JOGVyV2k4SUNqWVNLSWZYRGZKeHNnRFFhZ1A4NGZMeTl5UUhQdV91UjdUVEh3dlZuU25WS2wzeFRPTlV4VDBTU1Zwd0xqUnRSXzVzdw?oc=5,"<a href=""https://news.google.com/rss/articles/CBMiigJBVV95cUxOcWJwS1cwTzRVWnNkUGRTYXFoY0ItQ2ZCSkNRakt4amZHdVJrVEk1VzNGdmgxa0hpTHM4MWNfU0hoQWZmVF9DQVhGc2FnM1RQME9TWmlpclUwMFVZNzVDMzU3eTl4S3FkOGNQWlZZUVV6VmVMRnhuUGdmTWltaFRxMkRGZFUxY2FvS01zMVo0Um1mS0pfRGd4WGZDanM0U1pScm5Vci1FOVRHVG9nQ2pmbTVHaVVhQVpzVndKeG5JOGVyV2k4SUNqWVNLSWZYRGZKeHNnRFFhZ1A4NGZMeTl5UUhQdV91UjdUVEh3dlZuU25WS2wzeFRPTlV4VDBTU1Zwd0xqUnRSXzVzdw?oc=5"" target=""_blank"">Ce célèbre restaurant, véritable institution sur la Côte d'Azur, va faire son retour cet été à Cannes plus de 8 ans après sa démolition</a>&nbsp;&nbsp;<font color=""#6f6f6f"">Cannes Actus</font>","""ouverture"" restaurant OR hôtel OR plage Cannes",À qualifier,False
830f7065fd692a4b2167,2026-08-31T11:46:15Z,2026-03-31,83,Var,CHR général,Cette enseigne américaine ouvre ce mercredi à L’Avenue 83 son premier restaurant dans le Var - Nice-Matin,Nice-Matin,https://news.google.com/rss/articles/CBMi3gFBVV95cUxQOWhkWUxhM1JJcmtPZWMyMWJPR2JHWEktaGxhZzY5NG1PYlNTcEE5NFVaMmJtRFdnUVdDWWlESi04OXE5Zk1DczVvSkI2a1RaTGdlVHZNeGVudHlxLUtqVWRWc081VTkxdVVRNnE4eTY0cnVRY1FkY0RONGJ3VjRhWUwtX202d2RZN1E3LTI5V3ZHaHBkeGV5a1gydV9lcjJ5MVI0Q1FCTEhPaHIxR1NnZGhyNXdLTG5ZZ3BRajFDSnNiUnd3MFFEMFpjbWd3ZVRiaDU0YzN2QlpCSkMyd2c?oc=5,"<a href=""https://news.google.com/rss/articles/CBMi3gFBVV95cUxQOWhkWUxhM1JJcmtPZWMyMWJPR2JHWEktaGxhZzY5NG1PYlNTcEE5NFVaMmJtRFdnUVdDWWlESi04OXE5Zk1DczVvSkI2a1RaTGdlVHZNeGVudHlxLUtqVWRWc081VTkxdVVRNnE4eTY0cnVRY1FkY0RONGJ3VjRhWUwtX202d2RZN1E3LTI5V3ZHaHBkeGV5a1gydV9lcjJ5MVI0Q1FCTEhPaHIxR1NnZGhyNXdLTG5ZZ3BRajFDSnNiUnd3MFFEMFpjbWd3ZVRiaDU0YzN2QlpCSkMyd2c?oc=5"" target=""_blank"">Cette enseigne américaine ouvre ce mercredi à L’Avenue 83 son premier restaurant dans le Var</a>&nbsp;&nbsp;<font color=""#6f6f6f"">Nice-Matin</font>","""ouverture"" restaurant OR hôtel OR bar Var",À qualifier,False
9bc8af67ce730c41339f,2026-08-31T11:46:15Z,2026-03-31,83,Toulon,Toulon,Le premier bar à chats de Toulon ouvre ses portes : câlins sur place et adoption possible - Actu.fr,Actu.fr,https://news.google.com/rss/articles/CBMi7gFBVV95cUxNTjYxa0tUdDQ1SHgwZ0ZORGdSQzE4S0FDNS1zUW5EbVlnN2FIT2Y0Y21vSy1yTjh6WEdqbjBKd1hqeDdBaGNLNGMzR21ESy1wbWNKX1N0M05JUldFYnR6aXZOcXlyeEhrMm5qZGl1QlRWbU1NMmVJRHJrOHc2dXBSRFkwcndXbDFRc3Z5ZUp4TmVUYnRWSjIyXy1vOGplZkMwYmtuS1BpMlJSZXFZcW9BRXV2eXludUFSc21VNms3TXBwX2VTVWpYTlhIRWwwZ3ZDS3pzN1lXUHBTVm9FTXQ2dU1vRVlWSzlhQURUV3FB?oc=5,"<a href=""https://news.google.com/rss/articles/CBMi7gFBVV95cUxNTjYxa0tUdDQ1SHgwZ0ZORGdSQzE4S0FDNS1zUW5EbVlnN2FIT2Y0Y21vSy1yTjh6WEdqbjBKd1hqeDdBaGNLNGMzR21ESy1wbWNKX1N0M05JUldFYnR6aXZOcXlyeEhrMm5qZGl1QlRWbU1NMmVJRHJrOHc2dXBSRFkwcndXbDFRc3Z5ZUp4TmVUYnRWSjIyXy1vOGplZkMwYmtuS1BpMlJSZXFZcW9BRXV2eXludUFSc21VNms3TXBwX2VTVWpYTlhIRWwwZ3ZDS3pzN1lXUHBTVm9FTXQ2dU1vRVlWSzlhQURUV3FB?oc=5"" target=""_blank"">Le premier bar à chats de Toulon ouvre ses portes : câlins sur place et adoption possible</a>&nbsp;&nbsp;<font color=""#6f6f6f"">Actu.fr</font>","""ouverture"" restaurant OR bar OR hôtel Toulon",À qualifier,False
d4999ff3bf1728612e71,2026-08-17T06:00:55Z,2026-03-31,83,Var,CHR général,Toulon : le restaurant Shanael décroche une étoile Michelin en 4 mois - info83.fr,info83.fr,https://news.google.com/rss/articles/CBMilAFBVV95cUxOdWxwcW50M2JvOUxTTHd1dEJDaGtiS1QxbXZFQUNsMjZGVWJXUklPRkRPajdUZnV2cmZYZ1hXV3ZGUTZjZXBWVnpqZER0V1I1cjRwUFZBX3hFUFpHTTY5T3EzVWdpOUZteWxXVW9YOG5PeWhoOE0xalAzSjVqZkVINEgxOG5keElvalI1VlFIWkpxbFVB?oc=5,"<a href=""https://news.google.com/rss/articles/CBMilAFBVV95cUxOdWxwcW50M2JvOUxTTHd1dEJDaGtiS1QxbXZFQUNsMjZGVWJXUklPRkRPajdUZnV2cmZYZ1hXV3ZGUTZjZXBWVnpqZER0V1I1cjRwUFZBX3hFUFpHTTY5T3EzVWdpOUZteWxXVW9YOG5PeWhoOE0xalAzSjVqZkVINEgxOG5keElvalI1VlFIWkpxbFVB?oc=5"" target=""_blank"">Toulon : le restaurant Shanael décroche une étoile Michelin en 4 mois</a>&nbsp;&nbsp;<font color=""#6f6f6f"">info83.fr</font>","""ouverture"" restaurant OR hôtel OR bar Var",À qualifier,False
6580df89c542f091b4ac,2026-08-17T06:00:55Z,2026-03-31,83,Toulon,Toulon,Le premier bar à chats de Toulon ouvre ses portes : câlins sur place et adoption possible - actu.fr,actu.fr,https://news.google.com/rss/articles/CBMi7gFBVV95cUxNTjYxa0tUdDQ1SHgwZ0ZORGdSQzE4S0FDNS1zUW5EbVlnN2FIT2Y0Y21vSy1yTjh6WEdqbjBKd1hqeDdBaGNLNGMzR21ESy1wbWNKX1N0M05JUldFYnR6aXZOcXlyeEhrMm5qZGl1QlRWbU1NMmVJRHJrOHc2dXBSRFkwcndXbDFRc3Z5ZUp4TmVUYnRWSjIyXy1vOGplZkMwYmtuS1BpMlJSZXFZcW9BRXV2eXludUFSc21VNms3TXBwX2VTVWpYTlhIRWwwZ3ZDS3pzN1lXUHBTVm9FTXQ2dU1vRVlWSzlhQURUV3FB?oc=5,"<a href=""https://news.google.com/rss/articles/CBMi7gFBVV95cUxNTjYxa0tUdDQ1SHgwZ0ZORGdSQzE4S0FDNS1zUW5EbVlnN2FIT2Y0Y21vSy1yTjh6WEdqbjBKd1hqeDdBaGNLNGMzR21ESy1wbWNKX1N0M05JUldFYnR6aXZOcXlyeEhrMm5qZGl1QlRWbU1NMmVJRHJrOHc2dXBSRFkwcndXbDFRc3Z5ZUp4TmVUYnRWSjIyXy1vOGplZkMwYmtuS1BpMlJSZXFZcW9BRXV2eXludUFSc21VNms3TXBwX2VTVWpYTlhIRWwwZ3ZDS3pzN1lXUHBTVm9FTXQ2dU1vRVlWSzlhQURUV3FB?oc=5"" target=""_blank"">Le premier bar à chats de Toulon ouvre ses portes : câlins sur place et adoption possible</a>&nbsp;&nbsp;<font color=""#6f6f6f"">actu.fr</font>","""ouverture"" restaurant OR bar OR hôtel Toulon",À qualifier,False
e6f1d516bfe2b895e3f2,2026-08-10T06:52:26Z,2026-03-31,83,Var,CHR général,Toulon : le restaurant Shanael décroche une étoile Michelin en 4 mois - Info 83,Info 83,https://news.google.com/rss/articles/CBMilAFBVV95cUxOdWxwcW50M2JvOUxTTHd1dEJDaGtiS1QxbXZFQUNsMjZGVWJXUklPRkRPajdUZnV2cmZYZ1hXV3ZGUTZjZXBWVnpqZER0V1I1cjRwUFZBX3hFUFpHTTY5T3EzVWdpOUZteWxXVW9YOG5PeWhoOE0xalAzSjVqZkVINEgxOG5keElvalI1VlFIWkpxbFVB?oc=5,"<a href=""https://news.google.com/rss/articles/CBMilAFBVV95cUxOdWxwcW50M2JvOUxTTHd1dEJDaGtiS1QxbXZFQUNsMjZGVWJXUklPRkRPajdUZnV2cmZYZ1hXV3ZGUTZjZXBWVnpqZER0V1I1cjRwUFZBX3hFUFpHTTY5T3EzVWdpOUZteWxXVW9YOG5PeWhoOE0xalAzSjVqZkVINEgxOG5keElvalI1VlFIWkpxbFVB?oc=5"" target=""_blank"">Toulon : le restaurant Shanael décroche une étoile Michelin en 4 mois</a>&nbsp;&nbsp;<font color=""#6f6f6f"">Info 83</font>","""ouverture"" restaurant OR hôtel OR bar Var",À qualifier,False
5f65fcb4bd7673552931,2026-08-31T11:46:15Z,2026-03-30,06,Cannes,Cannes,L’hôtel Barrière Le Majestic Cannes annonce l’ouverture d'un Beefbar en juin 2026 - yonder.fr,yonder.fr,https://news.google.com/rss/articles/CBMiiAFBVV95cUxPWE9NbG9ZQmFMZGNhdF8zb3hNaGhUaksweHBFZkdES21wbGpiN0ZIUVVZbEE1RmlaaHhLTTJ2RHBRTzlleHhxeGVaUHdSMkFHaTRhUS1xek5abHltVW9WaUE5d0lTWlB3dDNKbl83ak9uOFFtdFJPekxBR2xLUTg3WGxJN2FISEpJ?oc=5,"<a href=""https://news.google.com/rss/articles/CBMiiAFBVV95cUxPWE9NbG9ZQmFMZGNhdF8zb3hNaGhUaksweHBFZkdES21wbGpiN0ZIUVVZbEE1RmlaaHhLTTJ2RHBRTzlleHhxeGVaUHdSMkFHaTRhUS1xek5abHltVW9WaUE5d0lTWlB3dDNKbl83ak9uOFFtdFJPekxBR2xLUTg3WGxJN2FISEpJ?oc=5"" target=""_blank"">L’hôtel Barrière Le Majestic Cannes annonce l’ouverture d'un Beefbar en juin 2026</a>&nbsp;&nbsp;<font color=""#6f6f6f"">yonder.fr</font>","""ouverture"" restaurant OR hôtel OR plage Cannes",À qualifier,False
d2b577f32fe4c662d06f,2026-08-31T11:46:15Z,2026-03-30,06,Cannes,Cannes,Un Beefbar ouvre ses portes à l'Hôtel Barrière Le Majestic de Cannes - jds.fr,jds.fr,https://news.google.com/rss/articles/CBMirgFBVV95cUxQbHk0cV9lNVdWWUJaOFU1VzIwT0dYZFVjWkpWMTcwamg2T3hicUh6NG41SDJXbzZPNmFpUURGQU81aE53OEZUc1pMSWQ4ZGU2S1prZ1JPWG5JSEJaWlhKMklyMGNiUzFCMnNOS0JwTlBseGZUekpWaTZGY0JveG1KYkFZNFVTbkVfWHNjVE9UQmlHY1lWSzhoTVdWamZHZVp4c3RmSGxOdHdqWFNCX1E?oc=5,"<a href=""https://news.google.com/rss/articles/CBMirgFBVV95cUxQbHk0cV9lNVdWWUJaOFU1VzIwT0dYZFVjWkpWMTcwamg2T3hicUh6NG41SDJXbzZPNmFpUURGQU81aE53OEZUc1pMSWQ4ZGU2S1prZ1JPWG5JSEJaWlhKMklyMGNiUzFCMnNOS0JwTlBseGZUekpWaTZGY0JveG1KYkFZNFVTbkVfWHNjVE9UQmlHY1lWSzhoTVdWamZHZVp4c3RmSGxOdHdqWFNCX1E?oc=5"" target=""_blank"">Un Beefbar ouvre ses portes à l'Hôtel Barrière Le Majestic de Cannes</a>&nbsp;&nbsp;<font color=""#6f6f6f"">jds.fr</font>","""ouverture"" restaurant OR hôtel OR plage Cannes",À qualifier,False
9e504f5e5f595b476f49,2026-08-31T11:46:15Z,2026-03-27,MC,Monaco,Monaco,"Europa-Park. Fermeture d'Euro-Mir, quartier monégasque, nouvel hôtel... Les dernières infos avant l'ouverture - L'Est Républicain",L'Est Républicain,https://news.google.com/rss/articles/CBMi4gFBVV95cUxOUWhRNXkzdm03b3AtbGNlb21nVVZSTHJTdzJKS096QnREWUZfSWh4X3VUUml5OUk3ZGZlVjlYalNtMmtFUm5HNjR0VmExRjBSNHg0S1p5M1dBaGxhMmNBQkFPSURHMVo2ZzJsUGlUOXdHOHkzLVNDbFd0NFBKdjlQX3gtWGdpc3ZzeWVDNDlCRE43UFR5Mnh3bGVXQ29EOFF1d0pGcFlJS3N3TVJ3SmlUOGZ2TU5JalMwWGtSRkhzWlA3YzBwc0hBZkhxY0ZIczdmdGN5aHZxUXVXLXF2X1laLUxn?oc=5,"<a href=""https://news.google.com/rss/articles/CBMi4gFBVV95cUxOUWhRNXkzdm03b3AtbGNlb21nVVZSTHJTdzJKS096QnREWUZfSWh4X3VUUml5OUk3ZGZlVjlYalNtMmtFUm5HNjR0VmExRjBSNHg0S1p5M1dBaGxhMmNBQkFPSURHMVo2ZzJsUGlUOXdHOHkzLVNDbFd0NFBKdjlQX3gtWGdpc3ZzeWVDNDlCRE43UFR5Mnh3bGVXQ29EOFF1d0pGcFlJS3N3TVJ3SmlUOGZ2TU5JalMwWGtSRkhzWlA3YzBwc0hBZkhxY0ZIczdmdGN5aHZxUXVXLXF2X1laLUxn?oc=5"" target=""_blank"">Europa-Park. Fermeture d'Euro-Mir, quartier monégasque, nouvel hôtel... Les dernières infos avant l'ouverture</a>&nbsp;&nbsp;<font color=""#6f6f6f"">L'Est Républicain</font>","""ouverture"" restaurant OR hôtel OR bar Monaco",À qualifier,False
0196809e7ae95bf19b6a,2026-08-31T11:46:15Z,2026-03-25,83,Toulon,Toulon,"Après dix mois de travaux, un nouveau hammam voit le jour à Toulon - Nice-Matin",Nice-Matin,https://news.google.com/rss/articles/CBMixgFBVV95cUxNdlUtRi1kYTB5WjNRa1AxRWdqSlZKaFVsUGFwdTFYZDM5N0ZkVGJFVzVOLUJCM2FiYVRDOEdBU2p1aDNTSTAxS1FwdDNBRENOdGxURkhqVDAxT3BCTm5kVlQ5dmEta1ZjNlhjcmFwdVhPX09ZcFRyVHBEcElyRXJNWDJMTkthbXcyRGplTlJKd1AxR0lDR1dFbWQ3SDdPMkc0ajlOLXh5THc5M2ZjMTNldWJ0a0hCdU1vY05wbXlOTFdIRWYyOWc?oc=5,"<a href=""https://news.google.com/rss/articles/CBMixgFBVV95cUxNdlUtRi1kYTB5WjNRa1AxRWdqSlZKaFVsUGFwdTFYZDM5N0ZkVGJFVzVOLUJCM2FiYVRDOEdBU2p1aDNTSTAxS1FwdDNBRENOdGxURkhqVDAxT3BCTm5kVlQ5dmEta1ZjNlhjcmFwdVhPX09ZcFRyVHBEcElyRXJNWDJMTkthbXcyRGplTlJKd1AxR0lDR1dFbWQ3SDdPMkc0ajlOLXh5THc5M2ZjMTNldWJ0a0hCdU1vY05wbXlOTFdIRWYyOWc?oc=5"" target=""_blank"">Après dix mois de travaux, un nouveau hammam voit le jour à Toulon</a>&nbsp;&nbsp;<font color=""#6f6f6f"">Nice-Matin</font>","""ouverture"" restaurant OR bar OR hôtel Toulon",À qualifier,False
a43817375d8bcf989979,2026-08-31T11:46:15Z,2026-03-21,06,Alpes-Maritimes,CHR général,"Horaires des bureaux de vote, communes concernées, scrutin... Voici tout ce qu’il faut savoir sur le second tour des élections municipales dans les Alpes-Maritimes - Nice-Matin",Nice-Matin,https://news.google.com/rss/articles/CBMizgFBVV95cUxQUVJQb01lNXVnM2NDMklhQkdMeDB0NkNDVWg4YUFIZzlRNDByUFI1X2xaZFZQYnBzN2N1bk45N0MyWkxIYXpJQ2F4dDY5VnJZSkRHNEJ3WUYyZFp5ak4yUGdKZDh1bUxHMDJQeTlvM1YxNnhnR2dzVG1UdVNxdFRTRzdiVnZBcVdBSERrSlFKV1BJSzAxdTh5UU5XbHltMTNDbUwzQk51Y0pkUFdZOUpWdGV4aExwbFFyWHJXX1pzLVp0MjkzNTlPR1BfdXFMQQ?oc=5,"<a href=""https://news.google.com/rss/articles/CBMizgFBVV95cUxQUVJQb01lNXVnM2NDMklhQkdMeDB0NkNDVWg4YUFIZzlRNDByUFI1X2xaZFZQYnBzN2N1bk45N0MyWkxIYXpJQ2F4dDY5VnJZSkRHNEJ3WUYyZFp5ak4yUGdKZDh1bUxHMDJQeTlvM1YxNnhnR2dzVG1UdVNxdFRTRzdiVnZBcVdBSERrSlFKV1BJSzAxdTh5UU5XbHltMTNDbUwzQk51Y0pkUFdZOUpWdGV4aExwbFFyWHJXX1pzLVp0MjkzNTlPR1BfdXFMQQ?oc=5"" target=""_blank"">Horaires des bureaux de vote, communes concernées, scrutin... Voici tout ce qu’il faut savoir sur le second tour des élections municipales dans les Alpes-Maritimes</a>&nbsp;&nbsp;<font color=""#6f6f6f"">Nice-Matin</font>","""ouverture"" restaurant OR hôtel OR bar Alpes-Maritimes",À qualifier,False
ab3db2d8dab3d5eabfc9,2026-08-31T11:46:15Z,2026-03-18,06,Alpes-Maritimes,CHR général,Le restaurant Epicentre à Nice récompensé par une étoile au Michelin - ici.fr,ici.fr,https://news.google.com/rss/articles/CBMiwwFBVV95cUxOSGlsVFRmcll1WDdJY1JSamNlZ1RGOU5yY3Q1NzhBSEdsQjJnSjAwREJ0dWFSTFFrUHpGWVFpelhVdkZjelcwMFVNSzYyY3l5a0pING1ZYzl4S25DMjRISmVBQnM1eHZqSlZDSlpOMl8zRlF3c2JPQlhSQXdDU0ljMEt2b1ktQzk3a1h6ZlAxTkNNV2pzTlA3VERQM2FweWkyMUtYa2NZOFVJUnp2VU5UUTI2U09SRFhUWUw0Y2w5bF84Mjg?oc=5,"<a href=""https://news.google.com/rss/articles/CBMiwwFBVV95cUxOSGlsVFRmcll1WDdJY1JSamNlZ1RGOU5yY3Q1NzhBSEdsQjJnSjAwREJ0dWFSTFFrUHpGWVFpelhVdkZjelcwMFVNSzYyY3l5a0pING1ZYzl4S25DMjRISmVBQnM1eHZqSlZDSlpOMl8zRlF3c2JPQlhSQXdDU0ljMEt2b1ktQzk3a1h6ZlAxTkNNV2pzTlA3VERQM2FweWkyMUtYa2NZOFVJUnp2VU5UUTI2U09SRFhUWUw0Y2w5bF84Mjg?oc=5"" target=""_blank"">Le restaurant Epicentre à Nice récompensé par une étoile au Michelin</a>&nbsp;&nbsp;<font color=""#6f6f6f"">ici.fr</font>","""ouverture"" restaurant OR hôtel OR bar Alpes-Maritimes",À qualifier,False
a51f1e0d2ebfa329c2ae,2026-08-31T11:46:15Z,2026-03-18,83,Toulon,Toulon,"Trois mois après son ouverture, le Shanael décroche une étoile que Toulon attendait depuis 25 ans - Nice-Matin",Nice-Matin,https://news.google.com/rss/articles/CBMi5gFBVV95cUxOOXlHZFV5M29qRW51dTFVX0xBSzYtVjNyajRxc3I2ck9QVUlpMlA3SWdReXV4b0dhTlZrbkJTRVd5NDBrQlhpN1RMTnVfeDNPY3lYaWNsWW43RVZkRzJ5dFg5SHZFcGk1cWgyVDR3QkpUQWN1TElXSUMtRHN3YXJOQUw3Sy1mTXlyTHdKbnBMZ1dPX1FXQ1lDSFdhOW1oZ1N4aUloTGhIX2REcVY1Mnd6S2YtVXFyX3FpcEFrQmp2TjlsUU5lVmRELTM4REF4SUdiX2NwU25IdlRWMUxKYl91TVRINHVTUQ?oc=5,"<a href=""https://news.google.com/rss/articles/CBMi5gFBVV95cUxOOXlHZFV5M29qRW51dTFVX0xBSzYtVjNyajRxc3I2ck9QVUlpMlA3SWdReXV4b0dhTlZrbkJTRVd5NDBrQlhpN1RMTnVfeDNPY3lYaWNsWW43RVZkRzJ5dFg5SHZFcGk1cWgyVDR3QkpUQWN1TElXSUMtRHN3YXJOQUw3Sy1mTXlyTHdKbnBMZ1dPX1FXQ1lDSFdhOW1oZ1N4aUloTGhIX2REcVY1Mnd6S2YtVXFyX3FpcEFrQmp2TjlsUU5lVmRELTM4REF4SUdiX2NwU25IdlRWMUxKYl91TVRINHVTUQ?oc=5"" target=""_blank"">Trois mois après son ouverture, le Shanael décroche une étoile que Toulon attendait depuis 25 ans</a>&nbsp;&nbsp;<font color=""#6f6f6f"">Nice-Matin</font>","""ouverture"" restaurant OR bar OR hôtel Toulon",À qualifier,False
12636992a04fe9087f86,2026-08-31T11:46:15Z,2026-03-17,83,Toulon,Toulon,Guide Michelin 2026 : le restaurant toulonnais Shanael décroche sa première étoile - RCF Radio,RCF Radio,https://news.google.com/rss/articles/CBMiugFBVV95cUxQTnNFRmJXbmR1elc4dTkya2g0Vkt1RmRDRVU2Q3FrYmNsaDBXQ2g3bjdRZHdfcVZtVi0xUWplWkhzYkZPNmhBTmc1VkZVNXRmbHYyWDlqUGpubWpoS28yRTI2YVh3a3pMcEFERmhiY3R2OWFidTdRTE00ZDNXai1JRDZpVVp5d25tYVM5bVBCM2ZkNFlvcWN2cTVmRG9BSWd1NWw2Q0ItRExYNTVrbFpaeWRYNlJCRXBoRXc?oc=5,"<a href=""https://news.google.com/rss/articles/CBMiugFBVV95cUxQTnNFRmJXbmR1elc4dTkya2g0Vkt1RmRDRVU2Q3FrYmNsaDBXQ2g3bjdRZHdfcVZtVi0xUWplWkhzYkZPNmhBTmc1VkZVNXRmbHYyWDlqUGpubWpoS28yRTI2YVh3a3pMcEFERmhiY3R2OWFidTdRTE00ZDNXai1JRDZpVVp5d25tYVM5bVBCM2ZkNFlvcWN2cTVmRG9BSWd1NWw2Q0ItRExYNTVrbFpaeWRYNlJCRXBoRXc?oc=5"" target=""_blank"">Guide Michelin 2026 : le restaurant toulonnais Shanael décroche sa première étoile</a>&nbsp;&nbsp;<font color=""#6f6f6f"">RCF Radio</font>","""ouverture"" restaurant OR bar OR hôtel Toulon",À qualifier,False
f6f016e00af4123d4de3,2026-08-24T06:04:16Z,2026-03-17,83,Toulon,Toulon,Guide Michelin 2026 : le restaurant toulonnais Shanael décroche sa première étoile - RCF.FR,RCF.FR,https://news.google.com/rss/articles/CBMiugFBVV95cUxQTnNFRmJXbmR1elc4dTkya2g0Vkt1RmRDRVU2Q3FrYmNsaDBXQ2g3bjdRZHdfcVZtVi0xUWplWkhzYkZPNmhBTmc1VkZVNXRmbHYyWDlqUGpubWpoS28yRTI2YVh3a3pMcEFERmhiY3R2OWFidTdRTE00ZDNXai1JRDZpVVp5d25tYVM5bVBCM2ZkNFlvcWN2cTVmRG9BSWd1NWw2Q0ItRExYNTVrbFpaeWRYNlJCRXBoRXc?oc=5,"<a href=""https://news.google.com/rss/articles/CBMiugFBVV95cUxQTnNFRmJXbmR1elc4dTkya2g0Vkt1RmRDRVU2Q3FrYmNsaDBXQ2g3bjdRZHdfcVZtVi0xUWplWkhzYkZPNmhBTmc1VkZVNXRmbHYyWDlqUGpubWpoS28yRTI2YVh3a3pMcEFERmhiY3R2OWFidTdRTE00ZDNXai1JRDZpVVp5d25tYVM5bVBCM2ZkNFlvcWN2cTVmRG9BSWd1NWw2Q0ItRExYNTVrbFpaeWRYNlJCRXBoRXc?oc=5"" target=""_blank"">Guide Michelin 2026 : le restaurant toulonnais Shanael décroche sa première étoile</a>&nbsp;&nbsp;<font color=""#6f6f6f"">RCF.FR</font>","""ouverture"" restaurant OR bar OR hôtel Toulon",À qualifier,False
2b3f27bf2b8e89d309b5,2026-08-17T06:00:55Z,2026-03-17,83,Var,CHR général,Guide Michelin 2026 : le restaurant toulonnais Shanael décroche sa première étoile - rcf.fr,rcf.fr,https://news.google.com/rss/articles/CBMiugFBVV95cUxQTnNFRmJXbmR1elc4dTkya2g0Vkt1RmRDRVU2Q3FrYmNsaDBXQ2g3bjdRZHdfcVZtVi0xUWplWkhzYkZPNmhBTmc1VkZVNXRmbHYyWDlqUGpubWpoS28yRTI2YVh3a3pMcEFERmhiY3R2OWFidTdRTE00ZDNXai1JRDZpVVp5d25tYVM5bVBCM2ZkNFlvcWN2cTVmRG9BSWd1NWw2Q0ItRExYNTVrbFpaeWRYNlJCRXBoRXc?oc=5,"<a href=""https://news.google.com/rss/articles/CBMiugFBVV95cUxQTnNFRmJXbmR1elc4dTkya2g0Vkt1RmRDRVU2Q3FrYmNsaDBXQ2g3bjdRZHdfcVZtVi0xUWplWkhzYkZPNmhBTmc1VkZVNXRmbHYyWDlqUGpubWpoS28yRTI2YVh3a3pMcEFERmhiY3R2OWFidTdRTE00ZDNXai1JRDZpVVp5d25tYVM5bVBCM2ZkNFlvcWN2cTVmRG9BSWd1NWw2Q0ItRExYNTVrbFpaeWRYNlJCRXBoRXc?oc=5"" target=""_blank"">Guide Michelin 2026 : le restaurant toulonnais Shanael décroche sa première étoile</a>&nbsp;&nbsp;<font color=""#6f6f6f"">rcf.fr</font>","""ouverture"" restaurant OR hôtel OR bar Var",À qualifier,False
2972fdafa40c72f7b949,2026-08-31T11:46:15Z,2026-03-16,83,Var,CHR général,"Guide Michelin 2026 : avec Shanael, Toulon a enfin son restaurant étoilé - Var-information - mesinfos",mesinfos,https://news.google.com/rss/articles/CBMitAFBVV95cUxNSkI0ampfZDZYMXpRM3BBdl9OVk1hMWxJZnBpbDY2SUJwNWJBbFM2Y1gtX1dkajNsQXBkMGdNQTR3ZnBIdDAyVnE4UWdYemJqbDEzZHVZY0FFMUZWNjNQZUs3bzdwbWo2U3VWbUZtbTNuQ0pHTDFMOWtRQm4xRTBEYmxqZk5UdklrYXlaNlhhUUxRMmt5Yy1JekhKQUFRMkRKY2EwLUotVUdQcHFkcmxOU1dnOUc?oc=5,"<a href=""https://news.google.com/rss/articles/CBMitAFBVV95cUxNSkI0ampfZDZYMXpRM3BBdl9OVk1hMWxJZnBpbDY2SUJwNWJBbFM2Y1gtX1dkajNsQXBkMGdNQTR3ZnBIdDAyVnE4UWdYemJqbDEzZHVZY0FFMUZWNjNQZUs3bzdwbWo2U3VWbUZtbTNuQ0pHTDFMOWtRQm4xRTBEYmxqZk5UdklrYXlaNlhhUUxRMmt5Yy1JekhKQUFRMkRKY2EwLUotVUdQcHFkcmxOU1dnOUc?oc=5"" target=""_blank"">Guide Michelin 2026 : avec Shanael, Toulon a enfin son restaurant étoilé - Var-information</a>&nbsp;&nbsp;<font color=""#6f6f6f"">mesinfos</font>","""ouverture"" restaurant OR hôtel OR bar Var",À qualifier,False
47e616ebc21ef1a3f269,2026-08-10T06:52:26Z,2026-03-13,06,Cannes,Cannes,Cannes : l’Hôtel Lepoussin ouvre ses portes au printemps 2026 - tourmag.com,tourmag.com,https://news.google.com/rss/articles/CBMinAFBVV95cUxPXzZWQU5fUVF3QlFrX1NzSi1qckdUbHJpVE5xcEM1YlM5S1BmdGJIWWNCdG1OWkd3SUpmUDg0UXF3aTBweUZkaVd3QkstRExMdEk3eTR5SG9oZExpT0s3a01LQjdHT1JRMEcyTm9zMVRjSHQzQW10UVJ6UUxPamZ2YTVLSk9LVXlteU5yU0I1OXdQYUViQzJ2ZURtX1M?oc=5,"<a href=""https://news.google.com/rss/articles/CBMinAFBVV95cUxPXzZWQU5fUVF3QlFrX1NzSi1qckdUbHJpVE5xcEM1YlM5S1BmdGJIWWNCdG1OWkd3SUpmUDg0UXF3aTBweUZkaVd3QkstRExMdEk3eTR5SG9oZExpT0s3a01LQjdHT1JRMEcyTm9zMVRjSHQzQW10UVJ6UUxPamZ2YTVLSk9LVXlteU5yU0I1OXdQYUViQzJ2ZURtX1M?oc=5"" target=""_blank"">Cannes : l’Hôtel Lepoussin ouvre ses portes au printemps 2026</a>&nbsp;&nbsp;<font color=""#6f6f6f"">tourmag.com</font>","""ouverture"" restaurant OR hôtel OR plage Cannes",À qualifier,False
7cfa0d65b86d0ef8e216,2026-08-31T11:46:15Z,2026-03-11,06,Alpes-Maritimes,CHR général,Nice. Un restaurant japonais très réputé ouvre ses portes dans ce quartier - Actu.fr,Actu.fr,https://news.google.com/rss/articles/CBMi5wFBVV95cUxQME9SajlLMXFNWGdLQlhTQTIzczVJaFBzZWd4c0ZaaXlodDI5YUkwZXY2MWhXZ3h6Z1Q5bHN1WkR6WndUQzdzODRlM2J3OEdadFJGdjZkWlR4ai1xYXEyT1ZkWHlDSHU1OUNYb1ViUG1VOS11b1lJNmFHWktSZGpwMlo0VXFuNl9EVk5CSzNRek9UN3BhZ01SRjhKLVFSdVBETWNnWmNRQmRrSTVqWV9qRDcxNjFaTXp6VDZnRklsWFFvV2xYQjZwdDBLUi1uZWJIWm1GRW51ak02cEFtY05YcTJqeThYUWc?oc=5,"<a href=""https://news.google.com/rss/articles/CBMi5wFBVV95cUxQME9SajlLMXFNWGdLQlhTQTIzczVJaFBzZWd4c0ZaaXlodDI5YUkwZXY2MWhXZ3h6Z1Q5bHN1WkR6WndUQzdzODRlM2J3OEdadFJGdjZkWlR4ai1xYXEyT1ZkWHlDSHU1OUNYb1ViUG1VOS11b1lJNmFHWktSZGpwMlo0VXFuNl9EVk5CSzNRek9UN3BhZ01SRjhKLVFSdVBETWNnWmNRQmRrSTVqWV9qRDcxNjFaTXp6VDZnRklsWFFvV2xYQjZwdDBLUi1uZWJIWm1GRW51ak02cEFtY05YcTJqeThYUWc?oc=5"" target=""_blank"">Nice. Un restaurant japonais très réputé ouvre ses portes dans ce quartier</a>&nbsp;&nbsp;<font color=""#6f6f6f"">Actu.fr</font>","""ouverture"" restaurant OR hôtel OR bar Alpes-Maritimes",À qualifier,False
90bd573467ec5653f233,2026-08-17T06:00:55Z,2026-03-11,06,Alpes-Maritimes,CHR général,Nice. Un restaurant japonais très réputé ouvre ses portes dans ce quartier - actu.fr,actu.fr,https://news.google.com/rss/articles/CBMi5wFBVV95cUxQME9SajlLMXFNWGdLQlhTQTIzczVJaFBzZWd4c0ZaaXlodDI5YUkwZXY2MWhXZ3h6Z1Q5bHN1WkR6WndUQzdzODRlM2J3OEdadFJGdjZkWlR4ai1xYXEyT1ZkWHlDSHU1OUNYb1ViUG1VOS11b1lJNmFHWktSZGpwMlo0VXFuNl9EVk5CSzNRek9UN3BhZ01SRjhKLVFSdVBETWNnWmNRQmRrSTVqWV9qRDcxNjFaTXp6VDZnRklsWFFvV2xYQjZwdDBLUi1uZWJIWm1GRW51ak02cEFtY05YcTJqeThYUWc?oc=5,"<a href=""https://news.google.com/rss/articles/CBMi5wFBVV95cUxQME9SajlLMXFNWGdLQlhTQTIzczVJaFBzZWd4c0ZaaXlodDI5YUkwZXY2MWhXZ3h6Z1Q5bHN1WkR6WndUQzdzODRlM2J3OEdadFJGdjZkWlR4ai1xYXEyT1ZkWHlDSHU1OUNYb1ViUG1VOS11b1lJNmFHWktSZGpwMlo0VXFuNl9EVk5CSzNRek9UN3BhZ01SRjhKLVFSdVBETWNnWmNRQmRrSTVqWV9qRDcxNjFaTXp6VDZnRklsWFFvV2xYQjZwdDBLUi1uZWJIWm1GRW51ak02cEFtY05YcTJqeThYUWc?oc=5"" target=""_blank"">Nice. Un restaurant japonais très réputé ouvre ses portes dans ce quartier</a>&nbsp;&nbsp;<font color=""#6f6f6f"">actu.fr</font>","""ouverture"" restaurant OR hôtel OR bar Alpes-Maritimes",À qualifier,False
9faf5fcdff08c802a6ae,2026-08-17T06:00:55Z,2026-03-11,06,Menton,Menton,"Cette nouvelle pizzeria collectionne déjà d'excellentes notes à Menton, ""une immersion dans les rues de Naples !"" - Nice-Presse",Nice-Presse,https://news.google.com/rss/articles/CBMiywFBVV95cUxPUHA4NUxzemluN2dXdjFZczZfNnNGZDNpSTJJZTlYRnpqMTFiU05NQXE1bjdXRDN6S2F2NnBuYXRXQnVIdHcwUTA5S2twVWc1WnBRNFpCWEdQdHhxaGFMSXJoeF82cWxaWm9lWlA5STFwZWxGS19XbzR5RjJTYmpEWUVyeTY1UVlZLXEzNlFpa0JUYVd0MjYtMDU4WHQwZEkzWlN0X2hfalpJUlF5dnNpVTBXZkktczlUem0xTUhRNERwcXdqeV95bGo5OA?oc=5,"<a href=""https://news.google.com/rss/articles/CBMiywFBVV95cUxPUHA4NUxzemluN2dXdjFZczZfNnNGZDNpSTJJZTlYRnpqMTFiU05NQXE1bjdXRDN6S2F2NnBuYXRXQnVIdHcwUTA5S2twVWc1WnBRNFpCWEdQdHhxaGFMSXJoeF82cWxaWm9lWlA5STFwZWxGS19XbzR5RjJTYmpEWUVyeTY1UVlZLXEzNlFpa0JUYVd0MjYtMDU4WHQwZEkzWlN0X2hfalpJUlF5dnNpVTBXZkktczlUem0xTUhRNERwcXdqeV95bGo5OA?oc=5"" target=""_blank"">Cette nouvelle pizzeria collectionne déjà d'excellentes notes à Menton, ""une immersion dans les rues de Naples !""</a>&nbsp;&nbsp;<font color=""#6f6f6f"">Nice-Presse</font>","""ouverture"" restaurant OR hôtel OR bar Menton",À qualifier,False
2f38d7a7cb881b34ae65,2026-08-10T06:52:26Z,2026-03-11,83,Toulon,Toulon,Toulon. On a testé les gâteaux trompe-l’œil hyper-réalistes de la pâtisserie Penida - Actu.fr,Actu.fr,https://news.google.com/rss/articles/CBMi6AFBVV95cUxPTWE2cUZLSTNqUWFaMm1FRUswbVIteVR1cTRRSWFKQVh2bGF4RFlfRjRHQWhyeTdMY0JISTRLRTl6R0pEUXV6YVV6QjVDYzlsQXV3SVRDcnNUc0MxRE1KWE56U2I2VDBHd25nZ3pHUkVQUU10V2EwelVFZDc3cDVGNUx5RVE1SVNRb25WVmtzM2VrbEN0c0x6OFlUTmFhMkcxSmlvZWltYnVLbmp1N09qYTBCcHhZc1JpdmwzNG12eUtlNDdDY3RuV2k3VFQwUWVQMWFZX0JaSDNVTVhRWDd6SFdaNHkwVEQw?oc=5,"<a href=""https://news.google.com/rss/articles/CBMi6AFBVV95cUxPTWE2cUZLSTNqUWFaMm1FRUswbVIteVR1cTRRSWFKQVh2bGF4RFlfRjRHQWhyeTdMY0JISTRLRTl6R0pEUXV6YVV6QjVDYzlsQXV3SVRDcnNUc0MxRE1KWE56U2I2VDBHd25nZ3pHUkVQUU10V2EwelVFZDc3cDVGNUx5RVE1SVNRb25WVmtzM2VrbEN0c0x6OFlUTmFhMkcxSmlvZWltYnVLbmp1N09qYTBCcHhZc1JpdmwzNG12eUtlNDdDY3RuV2k3VFQwUWVQMWFZX0JaSDNVTVhRWDd6SFdaNHkwVEQw?oc=5"" target=""_blank"">Toulon. On a testé les gâteaux trompe-l’œil hyper-réalistes de la pâtisserie Penida</a>&nbsp;&nbsp;<font color=""#6f6f6f"">Actu.fr</font>","""ouverture"" restaurant OR bar OR hôtel Toulon",À qualifier,False
ff7d33a01c7e90bc5d0a,2026-08-31T11:46:15Z,2026-03-10,06,Cannes,Cannes,Le groupe hôtelier Solestia fait l’acquisition de 3 hôtels à Cannes - Sortir 06,Sortir 06,https://news.google.com/rss/articles/CBMisAFBVV95cUxOM2tqSE5PcFlaMnRpQjE4ejVxUUFVSHBtaWlGczI2OG9EaDdseUhzamY1amgtU000Si0xZ0VWRnVJR2tNREZnMkEyTlFFRzJKa0pqQXNRTUFYVlQzSGVhUFFyWnZESDRsMnY1YWFfelFhNnNkRlhMY2VIWlZsMk1fb2dDUDA2UU40QWo3VGhBSnUxdUJyN3pHa0dkZDlSS2RCM0FmRHJvbTlpOE15cDZDRQ?oc=5,"<a href=""https://news.google.com/rss/articles/CBMisAFBVV95cUxOM2tqSE5PcFlaMnRpQjE4ejVxUUFVSHBtaWlGczI2OG9EaDdseUhzamY1amgtU000Si0xZ0VWRnVJR2tNREZnMkEyTlFFRzJKa0pqQXNRTUFYVlQzSGVhUFFyWnZESDRsMnY1YWFfelFhNnNkRlhMY2VIWlZsMk1fb2dDUDA2UU40QWo3VGhBSnUxdUJyN3pHa0dkZDlSS2RCM0FmRHJvbTlpOE15cDZDRQ?oc=5"" target=""_blank"">Le groupe hôtelier Solestia fait l’acquisition de 3 hôtels à Cannes</a>&nbsp;&nbsp;<font color=""#6f6f6f"">Sortir 06</font>","""ouverture"" restaurant OR hôtel OR plage Cannes",À qualifier,False
f75b5f08bee46d49405f,2026-08-31T11:46:15Z,2026-03-10,83,Toulon,Toulon,Un nouveau restaurant gastronomique ouvre ses portes au Mourillon à Toulon - Nice-Matin,Nice-Matin,https://news.google.com/rss/articles/CBMiyAFBVV95cUxPeW1iQmJVMUxVZ0N3OURZdmRaek5nc3Z6V3VuT3FYSVYwVFZaYWxyYUI3ZEpZeEpGbnJ5NkNvRTJ4TUJqSzBEbHZFYmdjeUpSbGU2eG5NVjBBektCd21wdTB5cFo5c1pFckt4Rkw5NzBqbHhWeDJMYy13eUwyR0tCSzQzdlJlUGFJVEpTNWVIdlEtbmxSSXZsU0NwekwySHlmdUl4dVZWTTgteTJnVUQ3ZXVkd2tFWTVaTmFuXzZheVJxOWFCUnR1dw?oc=5,"<a href=""https://news.google.com/rss/articles/CBMiyAFBVV95cUxPeW1iQmJVMUxVZ0N3OURZdmRaek5nc3Z6V3VuT3FYSVYwVFZaYWxyYUI3ZEpZeEpGbnJ5NkNvRTJ4TUJqSzBEbHZFYmdjeUpSbGU2eG5NVjBBektCd21wdTB5cFo5c1pFckt4Rkw5NzBqbHhWeDJMYy13eUwyR0tCSzQzdlJlUGFJVEpTNWVIdlEtbmxSSXZsU0NwekwySHlmdUl4dVZWTTgteTJnVUQ3ZXVkd2tFWTVaTmFuXzZheVJxOWFCUnR1dw?oc=5"" target=""_blank"">Un nouveau restaurant gastronomique ouvre ses portes au Mourillon à Toulon</a>&nbsp;&nbsp;<font color=""#6f6f6f"">Nice-Matin</font>","""ouverture"" restaurant OR bar OR hôtel Toulon",À qualifier,False
7b16ebdcc5c8093cc779,2026-08-31T11:46:15Z,2026-03-06,06,Menton,Menton,Élections municipales : infos pratiques - Ville de Menton - Site officiel,Ville de Menton - Site officiel,https://news.google.com/rss/articles/CBMickFVX3lxTE95cXZYMklpQTYwQnJ3ZDFwc2g0d0lGeVlScXRZWk0xNHBLQnlNYmdQclN0X1pRN3JGbjZtcmIyOXBRLUVkSTc4WVBoMHU0dFVxVHNTRWJPckczN3ptd1RJUzk5bjQ4ZkhQMmV5LXZkVGx6Zw?oc=5,"<a href=""https://news.google.com/rss/articles/CBMickFVX3lxTE95cXZYMklpQTYwQnJ3ZDFwc2g0d0lGeVlScXRZWk0xNHBLQnlNYmdQclN0X1pRN3JGbjZtcmIyOXBRLUVkSTc4WVBoMHU0dFVxVHNTRWJPckczN3ptd1RJUzk5bjQ4ZkhQMmV5LXZkVGx6Zw?oc=5"" target=""_blank"">Élections municipales : infos pratiques</a>&nbsp;&nbsp;<font color=""#6f6f6f"">Ville de Menton - Site officiel</font>","""ouverture"" restaurant OR hôtel OR bar Menton",À qualifier,True
aa50c0dcf3828a634065,2026-08-24T06:04:16Z,2026-03-06,06,Menton,Menton,Élections municipales : infos pratiques - @villedementon - Ville de Menton - Site officiel,Ville de Menton - Site officiel,https://news.google.com/rss/articles/CBMickFVX3lxTE95cXZYMklpQTYwQnJ3ZDFwc2g0d0lGeVlScXRZWk0xNHBLQnlNYmdQclN0X1pRN3JGbjZtcmIyOXBRLUVkSTc4WVBoMHU0dFVxVHNTRWJPckczN3ptd1RJUzk5bjQ4ZkhQMmV5LXZkVGx6Zw?oc=5,"<a href=""https://news.google.com/rss/articles/CBMickFVX3lxTE95cXZYMklpQTYwQnJ3ZDFwc2g0d0lGeVlScXRZWk0xNHBLQnlNYmdQclN0X1pRN3JGbjZtcmIyOXBRLUVkSTc4WVBoMHU0dFVxVHNTRWJPckczN3ptd1RJUzk5bjQ4ZkhQMmV5LXZkVGx6Zw?oc=5"" target=""_blank"">Élections municipales : infos pratiques - @villedementon</a>&nbsp;&nbsp;<font color=""#6f6f6f"">Ville de Menton - Site officiel</font>","""ouverture"" restaurant OR hôtel OR bar Menton",À qualifier,False
494bd48249818fbdfab9,2026-08-17T06:00:55Z,2026-03-06,06,Menton,Menton,Élections municipales : infos pratiques - @villedementon - Ville de Menton,Ville de Menton,https://news.google.com/rss/articles/CBMickFVX3lxTE95cXZYMklpQTYwQnJ3ZDFwc2g0d0lGeVlScXRZWk0xNHBLQnlNYmdQclN0X1pRN3JGbjZtcmIyOXBRLUVkSTc4WVBoMHU0dFVxVHNTRWJPckczN3ptd1RJUzk5bjQ4ZkhQMmV5LXZkVGx6Zw?oc=5,"<a href=""https://news.google.com/rss/articles/CBMickFVX3lxTE95cXZYMklpQTYwQnJ3ZDFwc2g0d0lGeVlScXRZWk0xNHBLQnlNYmdQclN0X1pRN3JGbjZtcmIyOXBRLUVkSTc4WVBoMHU0dFVxVHNTRWJPckczN3ptd1RJUzk5bjQ4ZkhQMmV5LXZkVGx6Zw?oc=5"" target=""_blank"">Élections municipales : infos pratiques - @villedementon</a>&nbsp;&nbsp;<font color=""#6f6f6f"">Ville de Menton</font>","""ouverture"" restaurant OR hôtel OR bar Menton",À qualifier,False
b5147c91ed76a7f1d3ec,2026-08-31T11:46:15Z,2026-03-05,83,Fréjus Saint-Raphaël,Est Var,Hôtellerie : Philippe Dalaudière succombe à la tentation de « La Réserve Estérel » - Lyon Décideurs,Lyon Décideurs,https://news.google.com/rss/articles/CBMixgFBVV95cUxOc2JuTk5IRnU0Z2dkYUhCOUUtUWlMOGZtUi1XbGpoRXBpT0poTS1sbjE5emFKMnlYeEk0Y0FSVHdnZUN1dFNBVFl0eFZjRERHa01PclkxRkZWM0c5RHpEVzl0SFhxSFczaW1wWFhDTWVRcU5sU3QzU0M4bTNHd2xpbkIxelU4Z1NFb1VVSUxlRFIzWF9aWHhwa0pVcHdoeTZtLU5XSGRZVWhYazVULUZhOWJzSWl6U0s4Tmh6YzhQVkdrU3pVR2c?oc=5,"<a href=""https://news.google.com/rss/articles/CBMixgFBVV95cUxOc2JuTk5IRnU0Z2dkYUhCOUUtUWlMOGZtUi1XbGpoRXBpT0poTS1sbjE5emFKMnlYeEk0Y0FSVHdnZUN1dFNBVFl0eFZjRERHa01PclkxRkZWM0c5RHpEVzl0SFhxSFczaW1wWFhDTWVRcU5sU3QzU0M4bTNHd2xpbkIxelU4Z1NFb1VVSUxlRFIzWF9aWHhwa0pVcHdoeTZtLU5XSGRZVWhYazVULUZhOWJzSWl6U0s4Tmh6YzhQVkdrU3pVR2c?oc=5"" target=""_blank"">Hôtellerie : Philippe Dalaudière succombe à la tentation de « La Réserve Estérel »</a>&nbsp;&nbsp;<font color=""#6f6f6f"">Lyon Décideurs</font>","""ouverture"" restaurant OR hôtel Fréjus Saint-Raphaël",À qualifier,False
d95b774b5e3ba9c8708f,2026-08-31T11:46:15Z,2026-03-05,06-83-MC,Région,Urbanisme,"Dans les Alpes-Maritimes, le « Village de Sophia » de la Compagnie de Phalsbourg à nouveau stoppé - Le Moniteur",Le Moniteur,https://news.google.com/rss/articles/CBMingJBVV95cUxQSlBnSmV2XzZuZzBrc1NzTW9adGZFU0IyODhHTGNWZGJUMUMwOTRwd0FiVW5iU05rUkFkRHhZN1NzV0Z0NHJZVlRQNTVhbXJoY3FmNDdIUHpBRnQybHFpR0NhbWJ0SE15NEpxaThkdng2YXpwY3lTYVlkLXp5MnY3UnVoWEx2YUp6cndweG5qTmN0Y3Z2OEc5NDJNMGdUY1J1c01FVFBZZUNHSHE3RjJsbzlYbUhHc1hWOGJhMzhZU2VqXzV6WVZJaWwzNlo3cF9JWHJ0Nk1zbi1VeURabWZESHNCbFprQTlpUWtHa212QldJUEJ6SGlGX1RmWFFDSy1OTkdFb1pmX0M5NnA2MGhqVkN2eXhQNDFmaFd0aW1B?oc=5,"<a href=""https://news.google.com/rss/articles/CBMingJBVV95cUxQSlBnSmV2XzZuZzBrc1NzTW9adGZFU0IyODhHTGNWZGJUMUMwOTRwd0FiVW5iU05rUkFkRHhZN1NzV0Z0NHJZVlRQNTVhbXJoY3FmNDdIUHpBRnQybHFpR0NhbWJ0SE15NEpxaThkdng2YXpwY3lTYVlkLXp5MnY3UnVoWEx2YUp6cndweG5qTmN0Y3Z2OEc5NDJNMGdUY1J1c01FVFBZZUNHSHE3RjJsbzlYbUhHc1hWOGJhMzhZU2VqXzV6WVZJaWwzNlo3cF9JWHJ0Nk1zbi1VeURabWZESHNCbFprQTlpUWtHa212QldJUEJ6SGlGX1RmWFFDSy1OTkdFb1pmX0M5NnA2MGhqVkN2eXhQNDFmaFd0aW1B?oc=5"" target=""_blank"">Dans les Alpes-Maritimes, le « Village de Sophia » de la Compagnie de Phalsbourg à nouveau stoppé</a>&nbsp;&nbsp;<font color=""#6f6f6f"">Le Moniteur</font>","""permis de construire"" hôtel OR restaurant Côte d’Azur",À qualifier,False
7a12cbb963b5df578034,2026-08-17T06:00:55Z,2026-03-05,06,Nice,Nice,"Solestia, nouveau groupe hôtelier indépendant sur la Côte d'Azur - L'Hôtellerie Restauration",L'Hôtellerie Restauration,https://news.google.com/rss/articles/CBMiswFBVV95cUxQZ1QtUVRrTFdaZ1dhRUxkOWptRUpDQlB6YkNwNEdQcVhXYl9wUDRFS2RFeDl5RXRtdDR3Qlh2Vl9WdkhJRXVfb1lmZFNqNUlXb0NTUUpNc2tBU3N0N2hqRE0tblh0TlBpejFmcEFHM0k2bHJhOWRJUllTOVBWQkppOVV6TW5JcFQ5aGIyc1k0OXlGX1RPaDlrRjMtalFxb2l3RFhpVWdsSGNTN3JMLXJrRWtuVQ?oc=5,"<a href=""https://news.google.com/rss/articles/CBMiswFBVV95cUxQZ1QtUVRrTFdaZ1dhRUxkOWptRUpDQlB6YkNwNEdQcVhXYl9wUDRFS2RFeDl5RXRtdDR3Qlh2Vl9WdkhJRXVfb1lmZFNqNUlXb0NTUUpNc2tBU3N0N2hqRE0tblh0TlBpejFmcEFHM0k2bHJhOWRJUllTOVBWQkppOVV6TW5JcFQ5aGIyc1k0OXlGX1RPaDlrRjMtalFxb2l3RFhpVWdsSGNTN3JMLXJrRWtuVQ?oc=5"" target=""_blank"">Solestia, nouveau groupe hôtelier indépendant sur la Côte d'Azur</a>&nbsp;&nbsp;<font color=""#6f6f6f"">L'Hôtellerie Restauration</font>","""ouverture"" restaurant OR bar OR rooftop Nice",À qualifier,False
64bec3cdaa421702f3f3,2026-08-31T11:46:15Z,2026-02-27,83,Var,CHR général,Base Nature à Fréjus : le futur hôtel se précise - mesinfos,mesinfos,https://news.google.com/rss/articles/CBMilgFBVV95cUxNMmM4VmFva2I4dTlWVFplSkRXaEFTdVBNZ3hqOTBmd2RPeWVxYXpHTnJTcklRVElWdXJOZmhZMVRWOW5ydHVTbTBvOWFVUGFXeG1CQkhXNUs1WmdxQ21iRlItS2RlRmJDb1hGZHFwTHNReTZHNkZYYWs1aEhsd1Q3WWNrN1VaVkNndHBEX3g5NW9QQndoemc?oc=5,"<a href=""https://news.google.com/rss/articles/CBMilgFBVV95cUxNMmM4VmFva2I4dTlWVFplSkRXaEFTdVBNZ3hqOTBmd2RPeWVxYXpHTnJTcklRVElWdXJOZmhZMVRWOW5ydHVTbTBvOWFVUGFXeG1CQkhXNUs1WmdxQ21iRlItS2RlRmJDb1hGZHFwTHNReTZHNkZYYWs1aEhsd1Q3WWNrN1VaVkNndHBEX3g5NW9QQndoemc?oc=5"" target=""_blank"">Base Nature à Fréjus : le futur hôtel se précise</a>&nbsp;&nbsp;<font color=""#6f6f6f"">mesinfos</font>","""ouverture"" restaurant OR hôtel OR bar Var",À qualifier,False
957f32984498d59a1119,2026-08-31T11:46:15Z,2026-02-26,83,Var,CHR général,"Popeyes, Célio, Aroma Zone : les nouveautés de L’Avenue 83 - Var Actu",Var Actu,https://news.google.com/rss/articles/CBMigwFBVV95cUxQcWJRMjBldGNZaEdnazROTFBOcFBEcVpWRnlybnpQZHpCcHZWcEt3R3pBTEpVNkZ6ZVNPZV8tVVZnQUMtbF91MkRjZEFpTUUyZExjdU5UWS1haHFrREF0N016b3FucGRSMGs3TklnbGFuazlyYWlJSWd6emVZT0FVZlFMaw?oc=5,"<a href=""https://news.google.com/rss/articles/CBMigwFBVV95cUxQcWJRMjBldGNZaEdnazROTFBOcFBEcVpWRnlybnpQZHpCcHZWcEt3R3pBTEpVNkZ6ZVNPZV8tVVZnQUMtbF91MkRjZEFpTUUyZExjdU5UWS1haHFrREF0N016b3FucGRSMGs3TklnbGFuazlyYWlJSWd6emVZT0FVZlFMaw?oc=5"" target=""_blank"">Popeyes, Célio, Aroma Zone : les nouveautés de L’Avenue 83</a>&nbsp;&nbsp;<font color=""#6f6f6f"">Var Actu</font>","""ouverture"" restaurant OR hôtel OR bar Var",À qualifier,False
d07c050c0f3dcc568319,2026-08-24T06:04:16Z,2026-02-21,MC,Monaco,Monaco,"« En tant qu’hôtelier, on est ambassadeurs d’un savoir-vivre », les ambitions de Guillaume Ranvier nommé à la tête de l’hôtel Hermitage à Monaco - Nice-Matin",Nice-Matin,https://news.google.com/rss/articles/CBMijwJBVV95cUxOTWZSYXA1eEJXbTNBRmZLbVFxdkNLSXY0Y2lHbXBKQlNsYzFPUFFTTHJUSWZzbVNackkxd2pyZW41TmtPd2x3X2lCOU15cDl1Mmd2Rl80dF82b0hBYTVVSWxSVEE0U0l2ejAyUERVdmVsQ0tTbjBkbzloeGJDMm9YRlJsWTZCMmJnMXdaQ1NIaGJjMDQzd0gxWjN2ODNDeERpVDdGWXA2d094OHRmZExTZkVEd0RobjZ0RVNCdFdRcE1mVlVwaHJvT1d3dnI3MVFick93dGE2WlRLT1JNbS1WakgzM2dEcWw3bVdoOGFNNHA2dGFaNTR5U3ktNHdkdmRyN1hDTjJsX1d4U2lYMVg0?oc=5,"<a href=""https://news.google.com/rss/articles/CBMijwJBVV95cUxOTWZSYXA1eEJXbTNBRmZLbVFxdkNLSXY0Y2lHbXBKQlNsYzFPUFFTTHJUSWZzbVNackkxd2pyZW41TmtPd2x3X2lCOU15cDl1Mmd2Rl80dF82b0hBYTVVSWxSVEE0U0l2ejAyUERVdmVsQ0tTbjBkbzloeGJDMm9YRlJsWTZCMmJnMXdaQ1NIaGJjMDQzd0gxWjN2ODNDeERpVDdGWXA2d094OHRmZExTZkVEd0RobjZ0RVNCdFdRcE1mVlVwaHJvT1d3dnI3MVFick93dGE2WlRLT1JNbS1WakgzM2dEcWw3bVdoOGFNNHA2dGFaNTR5U3ktNHdkdmRyN1hDTjJsX1d4U2lYMVg0?oc=5"" target=""_blank"">« En tant qu’hôtelier, on est ambassadeurs d’un savoir-vivre », les ambitions de Guillaume Ranvier nommé à la tête de l’hôtel Hermitage à Monaco</a>&nbsp;&nbsp;<font color=""#6f6f6f"">Nice-Matin</font>","""ouverture"" restaurant OR hôtel OR bar Monaco",À qualifier,False
1a49875715bcb8cba6fb,2026-08-31T11:46:15Z,2026-02-20,06-83-MC,Région,Urbanisme,Sophia : l’hôtel Omega se transforme en résidence étudiante sociale - Sophianet,Sophianet,https://news.google.com/rss/articles/CBMilgFBVV95cUxObVl2OWFQUEN0aXVzeTIxSEVMVG02QnpsRl9TUU5SM1l4SkUzTDdoa0VFYnpvdWFoYVZRd2duNmxvd1BIZVhnalJQRy1XSGt5cmlTSzREU0lqaEhNbmNBUEhzTXYtTEgyaE1KZXBOWVJDdUFSRjlBbTFvZldyZncxTHRpTG5KZWZ3TlNaRVlKZE96OG9sd1E?oc=5,"<a href=""https://news.google.com/rss/articles/CBMilgFBVV95cUxObVl2OWFQUEN0aXVzeTIxSEVMVG02QnpsRl9TUU5SM1l4SkUzTDdoa0VFYnpvdWFoYVZRd2duNmxvd1BIZVhnalJQRy1XSGt5cmlTSzREU0lqaEhNbmNBUEhzTXYtTEgyaE1KZXBOWVJDdUFSRjlBbTFvZldyZncxTHRpTG5KZWZ3TlNaRVlKZE96OG9sd1E?oc=5"" target=""_blank"">Sophia : l’hôtel Omega se transforme en résidence étudiante sociale</a>&nbsp;&nbsp;<font color=""#6f6f6f"">Sophianet</font>","""permis de construire"" hôtel OR restaurant Côte d’Azur",À qualifier,False
716785a2ccbd13adeaa9,2026-08-31T11:46:15Z,2026-02-19,06,Cannes,Cannes,Economie - Un nouvel hôtel quatre étoiles ouvrira au printemps à Cannes : l’Hôtel Lepoussin - Petites Affiches,Petites Affiches,https://news.google.com/rss/articles/CBMiogFBVV95cUxQM2ZwZ29KSkdQUEpRQVh6cC0tS0tXeW05NjNxU2xTRloxLVJoRS1ibHFtLWhqTlVlUEdZQktyXzJnejZnUE41eDZ6SjVub3l2YVFYc1FwTHl5RWNBUEtPaVprSFpLRTQxaTRkVW9YMzlMZ2gzWkNpNVUzMzZkOElxX2pWOXkxV2JGaXN4SkhyaDBGQWFXcDJ0NnpqNHk2ZlFmQmc?oc=5,"<a href=""https://news.google.com/rss/articles/CBMiogFBVV95cUxQM2ZwZ29KSkdQUEpRQVh6cC0tS0tXeW05NjNxU2xTRloxLVJoRS1ibHFtLWhqTlVlUEdZQktyXzJnejZnUE41eDZ6SjVub3l2YVFYc1FwTHl5RWNBUEtPaVprSFpLRTQxaTRkVW9YMzlMZ2gzWkNpNVUzMzZkOElxX2pWOXkxV2JGaXN4SkhyaDBGQWFXcDJ0NnpqNHk2ZlFmQmc?oc=5"" target=""_blank"">Economie - Un nouvel hôtel quatre étoiles ouvrira au printemps à Cannes : l’Hôtel Lepoussin</a>&nbsp;&nbsp;<font color=""#6f6f6f"">Petites Affiches</font>","""ouverture"" restaurant OR hôtel OR plage Cannes",À qualifier,False
a1cac9ecc17c90e58e0c,2026-08-10T06:52:26Z,2026-02-19,06,Cannes,Cannes,Economie - Un nouvel hôtel quatre étoiles ouvrira au printemps à Cannes : l’Hôtel Lepoussin - petitesaffiches.fr,petitesaffiches.fr,https://news.google.com/rss/articles/CBMiogFBVV95cUxQM2ZwZ29KSkdQUEpRQVh6cC0tS0tXeW05NjNxU2xTRloxLVJoRS1ibHFtLWhqTlVlUEdZQktyXzJnejZnUE41eDZ6SjVub3l2YVFYc1FwTHl5RWNBUEtPaVprSFpLRTQxaTRkVW9YMzlMZ2gzWkNpNVUzMzZkOElxX2pWOXkxV2JGaXN4SkhyaDBGQWFXcDJ0NnpqNHk2ZlFmQmc?oc=5,"<a href=""https://news.google.com/rss/articles/CBMiogFBVV95cUxQM2ZwZ29KSkdQUEpRQVh6cC0tS0tXeW05NjNxU2xTRloxLVJoRS1ibHFtLWhqTlVlUEdZQktyXzJnejZnUE41eDZ6SjVub3l2YVFYc1FwTHl5RWNBUEtPaVprSFpLRTQxaTRkVW9YMzlMZ2gzWkNpNVUzMzZkOElxX2pWOXkxV2JGaXN4SkhyaDBGQWFXcDJ0NnpqNHk2ZlFmQmc?oc=5"" target=""_blank"">Economie - Un nouvel hôtel quatre étoiles ouvrira au printemps à Cannes : l’Hôtel Lepoussin</a>&nbsp;&nbsp;<font color=""#6f6f6f"">petitesaffiches.fr</font>","""ouverture"" restaurant OR hôtel OR plage Cannes",À qualifier,False
9ac9976ea5afc60c29ad,2026-08-31T11:46:15Z,2026-02-18,06,Cannes,Cannes,Riviera | Hôtel Lepoussin : ouverture au printemps 2026 d’un nouvel établissement 4 étoiles à Cannes - La Tribune de l'Hôtellerie,La Tribune de l'Hôtellerie,https://news.google.com/rss/articles/CBMifkFVX3lxTE1lMXMyQUROdXdZSXJvVEd6amZQOUpvSS1WN1R1bXhIQ0pING5uZC15M21mbFVfYXhEQjdNbzdWNGlvUDNGZGhiaG9yYk5KVXpRX2tvdmMwNVk5UFdtSzZZa2Z3ZjF0cUx4M25zSXYwVUp5ajJ0U1p6NmlFd1k3Zw?oc=5,"<a href=""https://news.google.com/rss/articles/CBMifkFVX3lxTE1lMXMyQUROdXdZSXJvVEd6amZQOUpvSS1WN1R1bXhIQ0pING5uZC15M21mbFVfYXhEQjdNbzdWNGlvUDNGZGhiaG9yYk5KVXpRX2tvdmMwNVk5UFdtSzZZa2Z3ZjF0cUx4M25zSXYwVUp5ajJ0U1p6NmlFd1k3Zw?oc=5"" target=""_blank"">Riviera | Hôtel Lepoussin : ouverture au printemps 2026 d’un nouvel établissement 4 étoiles à Cannes</a>&nbsp;&nbsp;<font color=""#6f6f6f"">La Tribune de l'Hôtellerie</font>","""ouverture"" restaurant OR hôtel OR plage Cannes",À qualifier,False
1c96d6577038631af05f,2026-08-10T06:52:26Z,2026-02-13,83,Var,CHR général,"À Bandol, l’hôtel Zannier île de Bendor enregistre déjà 50 % de taux de remplissage en mai, dont trois privatisations complètes de l’île. - Nice-Matin",Nice-Matin,https://news.google.com/rss/articles/CBMiggJBVV95cUxPNkUwS0xOM0V2UTRZSHZ5X0Y3ZFNNYVZ0U2pmUE9YeFRkRUhRUDQ1SVFaQVcxT1g5a2tIWVMxcjQzYkNlb0dvQkVOX3hPM2xYblRhMThlU0QybktteGxxTjY1Q2ROR1NFVkV3UHQySVAwa0dzUU1wcTZjX0UwYUd4OVRwMFZ1RTFCeWxidmpJUmR3SVFpM2N1VkozQmE3NFdpOVdaYzd4LTZIbk9HSTM1Y3BWNmhlWElFa3lYcWlJWG1xVG9yMnljVFMyc2pQd3pYN1FEaElKdHFEUUVPLV90aDVYeTdlMXBtZ2FPVjRZZlp2dlk3Z0VUcm5iZk1sY3dhemc?oc=5,"<a href=""https://news.google.com/rss/articles/CBMiggJBVV95cUxPNkUwS0xOM0V2UTRZSHZ5X0Y3ZFNNYVZ0U2pmUE9YeFRkRUhRUDQ1SVFaQVcxT1g5a2tIWVMxcjQzYkNlb0dvQkVOX3hPM2xYblRhMThlU0QybktteGxxTjY1Q2ROR1NFVkV3UHQySVAwa0dzUU1wcTZjX0UwYUd4OVRwMFZ1RTFCeWxidmpJUmR3SVFpM2N1VkozQmE3NFdpOVdaYzd4LTZIbk9HSTM1Y3BWNmhlWElFa3lYcWlJWG1xVG9yMnljVFMyc2pQd3pYN1FEaElKdHFEUUVPLV90aDVYeTdlMXBtZ2FPVjRZZlp2dlk3Z0VUcm5iZk1sY3dhemc?oc=5"" target=""_blank"">À Bandol, l’hôtel Zannier île de Bendor enregistre déjà 50 % de taux de remplissage en mai, dont trois privatisations complètes de l’île.</a>&nbsp;&nbsp;<font color=""#6f6f6f"">Nice-Matin</font>","""ouverture"" restaurant OR hôtel OR bar Var",À qualifier,False
8398bd93a8b800000cd4,2026-08-10T06:52:26Z,2026-02-11,83,Fréjus Saint-Raphaël,Est Var,Que faire ce week-end dans le Var ? Les événements du 13 au 15 février 2026 - Var Actu,Var Actu,https://news.google.com/rss/articles/CBMingFBVV95cUxQZnBHSEwtYWN1OXM1eE53dTBuRjhMc1c5NnNwMkRlQ3AtVUowRVBtR2VZcVpXUmM0VlczYVU3SnZtendWOGVFMnR4SHljRkFwSkVTbnFlSEsxcGJ2Vmlhb0NDU3hOcVRpcmI0NGE4UFRvUkRDYVNYd2tTS3RhSEo1QUlQWWRyb2hUWVc4TTVxS280bTJMVzFHUDlqdHpsQQ?oc=5,"<a href=""https://news.google.com/rss/articles/CBMingFBVV95cUxQZnBHSEwtYWN1OXM1eE53dTBuRjhMc1c5NnNwMkRlQ3AtVUowRVBtR2VZcVpXUmM0VlczYVU3SnZtendWOGVFMnR4SHljRkFwSkVTbnFlSEsxcGJ2Vmlhb0NDU3hOcVRpcmI0NGE4UFRvUkRDYVNYd2tTS3RhSEo1QUlQWWRyb2hUWVc4TTVxS280bTJMVzFHUDlqdHpsQQ?oc=5"" target=""_blank"">Que faire ce week-end dans le Var ? Les événements du 13 au 15 février 2026</a>&nbsp;&nbsp;<font color=""#6f6f6f"">Var Actu</font>","""ouverture"" restaurant OR hôtel Fréjus Saint-Raphaël",À qualifier,False
1622da9e87f45f24b35d,2026-08-24T06:04:16Z,2026-02-10,83,Toulon,Toulon,Un restaurant spécialisé en poulet braisé s’installe en ville à Toulon - Nice-Matin,Nice-Matin,https://news.google.com/rss/articles/CBMizgFBVV95cUxOT2FpWG1ZOGJ1WWNtUGxNQXJJZm92LVA3ZzlmdU45MFdtT09LdURONnl3OHdPQVlibDNJR3ktZ3FxdWVtRU42dFI0QzgzUi01Y2ZSNWlaUXN1V0t4VDU5SHozVUxQVFVxbkc0eHhHWHN0RVZvYmVLcmdtRnZJaUNpa3dwaWpTNjB3cFAxdFVLR3FJZy1IcFRhcTRKNzhlU0tGLUsySk8wNXM5Qk1xdVk1aExJUkdiUXJTWnkwelgyU24zQVR3NlZ0QzBObV8tdw?oc=5,"<a href=""https://news.google.com/rss/articles/CBMizgFBVV95cUxOT2FpWG1ZOGJ1WWNtUGxNQXJJZm92LVA3ZzlmdU45MFdtT09LdURONnl3OHdPQVlibDNJR3ktZ3FxdWVtRU42dFI0QzgzUi01Y2ZSNWlaUXN1V0t4VDU5SHozVUxQVFVxbkc0eHhHWHN0RVZvYmVLcmdtRnZJaUNpa3dwaWpTNjB3cFAxdFVLR3FJZy1IcFRhcTRKNzhlU0tGLUsySk8wNXM5Qk1xdVk1aExJUkdiUXJTWnkwelgyU24zQVR3NlZ0QzBObV8tdw?oc=5"" target=""_blank"">Un restaurant spécialisé en poulet braisé s’installe en ville à Toulon</a>&nbsp;&nbsp;<font color=""#6f6f6f"">Nice-Matin</font>","""ouverture"" restaurant OR bar OR hôtel Toulon",À qualifier,False
288f50cfaab2bbcdca1c,2026-08-31T11:46:15Z,2026-01-31,83,Fréjus Saint-Raphaël,Est Var,Enquête préliminaire liée au mal-être de certains agents de la commune de Saint-Raphaël : la justice saisie après des soupçons de faux témoignages - Nice-Matin,Nice-Matin,https://news.google.com/rss/articles/CBMioAJBVV95cUxOWG1NMWtmanZoc1RvdHpHX2JvX3M5NDFWd01rVERxY1FTQllKaUp2VDc0UkpzbFRIY2g4Z0xqUW9RWEN2Tk50c2kySDJEN2hoS210RWgxZGNCSFRrUU9BWmxyTzJFR2pXY3RUVkVGWEpDTE4wRFFHTURZTmg5WTBqa0huMmFRckdUYm1UbWpsOExpNjA4MzFsbDZQbmdaWUY3a3FqdnhPUzJMVlNmZ1M4djZqVHZiaFozb3ZyUEx4dmhiMV9ud0lLZlZzRGlHMmw3Q2kyMEdmeEhWRGZZZ2Voc3EwajAxbDNfY0daODAwa0tubmsyN2d3S2p4dk9Mb3lDTGFkQVhwU29POW5xRXpocnR4RnA4eDIwTEhUaHMxLVY?oc=5,"<a href=""https://news.google.com/rss/articles/CBMioAJBVV95cUxOWG1NMWtmanZoc1RvdHpHX2JvX3M5NDFWd01rVERxY1FTQllKaUp2VDc0UkpzbFRIY2g4Z0xqUW9RWEN2Tk50c2kySDJEN2hoS210RWgxZGNCSFRrUU9BWmxyTzJFR2pXY3RUVkVGWEpDTE4wRFFHTURZTmg5WTBqa0huMmFRckdUYm1UbWpsOExpNjA4MzFsbDZQbmdaWUY3a3FqdnhPUzJMVlNmZ1M4djZqVHZiaFozb3ZyUEx4dmhiMV9ud0lLZlZzRGlHMmw3Q2kyMEdmeEhWRGZZZ2Voc3EwajAxbDNfY0daODAwa0tubmsyN2d3S2p4dk9Mb3lDTGFkQVhwU29POW5xRXpocnR4RnA4eDIwTEhUaHMxLVY?oc=5"" target=""_blank"">Enquête préliminaire liée au mal-être de certains agents de la commune de Saint-Raphaël : la justice saisie après des soupçons de faux témoignages</a>&nbsp;&nbsp;<font color=""#6f6f6f"">Nice-Matin</font>","""ouverture"" restaurant OR hôtel Fréjus Saint-Raphaël",À qualifier,False
9296e9f673b8f03276dc,2026-08-31T11:46:15Z,2026-01-17,06,Antibes,Antibes,"Près de Nice. Cette chaîne de pizzas très réputée s'est installée sur la Côte d'Azur, voici où - Actu.fr",Actu.fr,https://news.google.com/rss/articles/CBMi9gFBVV95cUxQOXhJSTRRMG9WUWFnNTRsX0lxVU5hOWJZTkJJNHJjMEIzb3dkQVFKYm1XQ2lSQl9mdnc3elFDOHJlTllJdFpybXFBRndhazlDaTRHdmcxVEdUMmNSTzJlMzhZelo0bTExbDVGSTJyelRhRXh1NkJFOFFTZzBFWkVTbFBoUVJRTzdVTWlxSVZOQXNUa1I0cFVmUExaNl9LLVRmdWl5T3ltWDJSemlIRXNWMlQ2Z0F5dy1HdW94ZDg4bEMtc182c2JYZFZEVG1OMWVheHh2VTUxOFR4di15VmtSalRRemZ4SExrMHRscGtERUNYWWsyYWc?oc=5,"<a href=""https://news.google.com/rss/articles/CBMi9gFBVV95cUxQOXhJSTRRMG9WUWFnNTRsX0lxVU5hOWJZTkJJNHJjMEIzb3dkQVFKYm1XQ2lSQl9mdnc3elFDOHJlTllJdFpybXFBRndhazlDaTRHdmcxVEdUMmNSTzJlMzhZelo0bTExbDVGSTJyelRhRXh1NkJFOFFTZzBFWkVTbFBoUVJRTzdVTWlxSVZOQXNUa1I0cFVmUExaNl9LLVRmdWl5T3ltWDJSemlIRXNWMlQ2Z0F5dy1HdW94ZDg4bEMtc182c2JYZFZEVG1OMWVheHh2VTUxOFR4di15VmtSalRRemZ4SExrMHRscGtERUNYWWsyYWc?oc=5"" target=""_blank"">Près de Nice. Cette chaîne de pizzas très réputée s'est installée sur la Côte d'Azur, voici où</a>&nbsp;&nbsp;<font color=""#6f6f6f"">Actu.fr</font>","""ouverture"" restaurant OR hôtel OR bar Antibes",À qualifier,False
7a5e1e7fb1d17fd4f869,2026-08-31T11:46:15Z,2026-01-16,83,Saint-Tropez,Saint-Tropez,Tourisme : ces nouveaux hôtels qui vont faire parler en 2026 - lejdd.fr,lejdd.fr,https://news.google.com/rss/articles/CBMimgFBVV95cUxOczd1MVRUX3Y2elhacTNLSUdLNDZfYUhiMHhkLXhBWjhwNEpGdEo2bjdJcVZDSUlId3BhcnFDZ3JnOUp1VmRwT2hteHp6WDNEbnBwdFpnS0RRV2cxOS1GZjR5VktTZWJCakdOMElWbHRtdTBJMWNZanMtWUVxcVRSek51b2tYSjFLbUxuS21kTWFRY3VleWZPbEl3?oc=5,"<a href=""https://news.google.com/rss/articles/CBMimgFBVV95cUxOczd1MVRUX3Y2elhacTNLSUdLNDZfYUhiMHhkLXhBWjhwNEpGdEo2bjdJcVZDSUlId3BhcnFDZ3JnOUp1VmRwT2hteHp6WDNEbnBwdFpnS0RRV2cxOS1GZjR5VktTZWJCakdOMElWbHRtdTBJMWNZanMtWUVxcVRSek51b2tYSjFLbUxuS21kTWFRY3VleWZPbEl3?oc=5"" target=""_blank"">Tourisme : ces nouveaux hôtels qui vont faire parler en 2026</a>&nbsp;&nbsp;<font color=""#6f6f6f"">lejdd.fr</font>","""ouverture"" restaurant OR plage OR hôtel Saint-Tropez",À qualifier,False
479920669b974adb7381,2026-08-31T11:46:15Z,2026-01-11,06,Alpes-Maritimes,CHR général,"Muriel Robin sa nouvelle vie sur la Côte d'Azur et l'ouverture du restaurant ""La cantine de Jo"" - ici.fr",ici.fr,https://news.google.com/rss/articles/CBMi-gFBVV95cUxPZmZxYm9fZ3doNmg1cHVsNTc2QkFhc0psZGk2QXdKcWE2amhjdnZobGlmM0ZudFJRX3p6VzVrQU1FcGlHV2N6QU0xNXZOc2FRLV95YzdlLXk1OERTM3NvSldlcVM0cldNZHoyMnpDWjhSWUY2TUVTSExhSG1ya2dKRU1CbHlMUTlfVkNvNTd6bHBudm1yYUhzTGFFcTM1YUNmMDBkQi1JMDlYa25FdnZIWDNjV2IweThETlJ4LWU2V0VsT3FQYU5WcTh3ZmVGb1l4Ny1OOUhYbzNncElpcGN5Tkc2amxjdjQ5WGlGWnd4emlyTUpZMzV3RE5B?oc=5,"<a href=""https://news.google.com/rss/articles/CBMi-gFBVV95cUxPZmZxYm9fZ3doNmg1cHVsNTc2QkFhc0psZGk2QXdKcWE2amhjdnZobGlmM0ZudFJRX3p6VzVrQU1FcGlHV2N6QU0xNXZOc2FRLV95YzdlLXk1OERTM3NvSldlcVM0cldNZHoyMnpDWjhSWUY2TUVTSExhSG1ya2dKRU1CbHlMUTlfVkNvNTd6bHBudm1yYUhzTGFFcTM1YUNmMDBkQi1JMDlYa25FdnZIWDNjV2IweThETlJ4LWU2V0VsT3FQYU5WcTh3ZmVGb1l4Ny1OOUhYbzNncElpcGN5Tkc2amxjdjQ5WGlGWnd4emlyTUpZMzV3RE5B?oc=5"" target=""_blank"">Muriel Robin sa nouvelle vie sur la Côte d'Azur et l'ouverture du restaurant ""La cantine de Jo""</a>&nbsp;&nbsp;<font color=""#6f6f6f"">ici.fr</font>","""ouverture"" restaurant OR hôtel OR bar Alpes-Maritimes",À qualifier,False
a7339af45ca0569b52aa,2026-08-24T06:04:16Z,2026-01-07,06,Nice,Nice,Déguster des cocktails haut de gamme dans une ambiance décontractée ? Un nouveau bar branché se dévoile dans le Vieux-Nice ! - Nice-Presse,Nice-Presse,https://news.google.com/rss/articles/CBMi3AFBVV95cUxOV3VFZ3ZCOGc3QU1rVlNfYl9JM0o2eTBPcmhVVGVsbkJrRENLYUVTMk5NUHdPYnZ1eVhBSXFsWE5QckxObGZuTEVINVZlOUJuYjRkbjJYT2syMDZOMWN6ZUdJRVNid2xtdFBXakNIMHl4Zi1XWnc4eXhrOWhZTnRBa2toVURUMDZpOGtRc0diRnFwQklIN2FvTEhKOHhJTDQ3V3JsTHBjYzhrZjhQckRMeHNRd1dPeEJOeWREQlktX2l5WjJjOTYybk9Pa3hibVBoeGtBdTJyb0JFMUgt?oc=5,"<a href=""https://news.google.com/rss/articles/CBMi3AFBVV95cUxOV3VFZ3ZCOGc3QU1rVlNfYl9JM0o2eTBPcmhVVGVsbkJrRENLYUVTMk5NUHdPYnZ1eVhBSXFsWE5QckxObGZuTEVINVZlOUJuYjRkbjJYT2syMDZOMWN6ZUdJRVNid2xtdFBXakNIMHl4Zi1XWnc4eXhrOWhZTnRBa2toVURUMDZpOGtRc0diRnFwQklIN2FvTEhKOHhJTDQ3V3JsTHBjYzhrZjhQckRMeHNRd1dPeEJOeWREQlktX2l5WjJjOTYybk9Pa3hibVBoeGtBdTJyb0JFMUgt?oc=5"" target=""_blank"">Déguster des cocktails haut de gamme dans une ambiance décontractée ? Un nouveau bar branché se dévoile dans le Vieux-Nice !</a>&nbsp;&nbsp;<font color=""#6f6f6f"">Nice-Presse</font>","""ouverture"" restaurant OR bar OR rooftop Nice",À qualifier,False
881ae2b99dadd91d36ff,2026-08-31T11:46:15Z,2026-01-05,83,Saint-Tropez,Saint-Tropez,Nouveaux hôtels 2026 : les ouvertures hôtelières les plus attendues - thegoodlife.fr,thegoodlife.fr,https://news.google.com/rss/articles/CBMiV0FVX3lxTE5kWWZGdjhXX3p0T2doRG8xbVhwNHQ2YkJXLXhuNkR4NTl0NFNWSV9YakF4LWhTNW93RW5iRUN3MGZZQmhWSFFiWWNiSHhBTGJydUJ2STRvUQ?oc=5,"<a href=""https://news.google.com/rss/articles/CBMiV0FVX3lxTE5kWWZGdjhXX3p0T2doRG8xbVhwNHQ2YkJXLXhuNkR4NTl0NFNWSV9YakF4LWhTNW93RW5iRUN3MGZZQmhWSFFiWWNiSHhBTGJydUJ2STRvUQ?oc=5"" target=""_blank"">Nouveaux hôtels 2026 : les ouvertures hôtelières les plus attendues</a>&nbsp;&nbsp;<font color=""#6f6f6f"">thegoodlife.fr</font>","""ouverture"" restaurant OR plage OR hôtel Saint-Tropez",À qualifier,False
de2f7ffb302db77d9b4b,2026-08-10T06:52:26Z,2025-12-31,06,Menton,Menton,"Ouverture 2025, Riviera | Intercontinental ou Marriott à Menton ? - La Tribune de l'Hôtellerie",La Tribune de l'Hôtellerie,https://news.google.com/rss/articles/CBMinAFBVV95cUxQRHJITXRuT1l3Ynp0anhVSHBWSDFfQWp2Z3FuR1JuelJQTDcyT3k0ZFdzQXdNMWo1dmVTYklEVVB6andveXRTV0VSbDRQUW9QcWlOZ0JUTVZXLTVmS01Yc3NuLVhaRTdjNHFaUkNQMDF6S0hYczE0S0dGNjNSb2F2T3NWN19rX2JHR3YxWUNYRlBybmMtM1dWQ0dwLTA?oc=5,"<a href=""https://news.google.com/rss/articles/CBMinAFBVV95cUxQRHJITXRuT1l3Ynp0anhVSHBWSDFfQWp2Z3FuR1JuelJQTDcyT3k0ZFdzQXdNMWo1dmVTYklEVVB6andveXRTV0VSbDRQUW9QcWlOZ0JUTVZXLTVmS01Yc3NuLVhaRTdjNHFaUkNQMDF6S0hYczE0S0dGNjNSb2F2T3NWN19rX2JHR3YxWUNYRlBybmMtM1dWQ0dwLTA?oc=5"" target=""_blank"">Ouverture 2025, Riviera | Intercontinental ou Marriott à Menton ?</a>&nbsp;&nbsp;<font color=""#6f6f6f"">La Tribune de l'Hôtellerie</font>","""ouverture"" restaurant OR hôtel OR bar Menton",À qualifier,False
90194d266e84982ce229,2026-08-31T11:46:15Z,2025-12-29,83,Var,CHR général,LES ARCS SUR ARGENS : KFC ouvre un restaurant et renforce sa présence dans les territoires - Presse Agence,Presse Agence,https://news.google.com/rss/articles/CBMiswFBVV95cUxPdllhbEZibGFLY1lLeHNfRDhMbGlGVXBBWVlJQ2c3ZmxpeEtzMlA3LWthcWtfemFWazZCTlN2VXZ2ZFhtUDJFTEpReldTaU5ncFZhQjM4NzRhdmFTR25LemhRZG5aNGpOanlDM1ZNbGw2MVJYSG5xc1Z2OTdHaTJZdmpqWE91QnZLemo0ZmR5UWRwYWF4anV3SExNU2dqejQ3elFqTTVBRXJjZDg1LVd3R3d2TQ?oc=5,"<a href=""https://news.google.com/rss/articles/CBMiswFBVV95cUxPdllhbEZibGFLY1lLeHNfRDhMbGlGVXBBWVlJQ2c3ZmxpeEtzMlA3LWthcWtfemFWazZCTlN2VXZ2ZFhtUDJFTEpReldTaU5ncFZhQjM4NzRhdmFTR25LemhRZG5aNGpOanlDM1ZNbGw2MVJYSG5xc1Z2OTdHaTJZdmpqWE91QnZLemo0ZmR5UWRwYWF4anV3SExNU2dqejQ3elFqTTVBRXJjZDg1LVd3R3d2TQ?oc=5"" target=""_blank"">LES ARCS SUR ARGENS : KFC ouvre un restaurant et renforce sa présence dans les territoires</a>&nbsp;&nbsp;<font color=""#6f6f6f"">Presse Agence</font>","""ouverture"" restaurant OR hôtel OR bar Var",À qualifier,False
13aa09bb00cbbb4a456e,2026-08-31T11:46:15Z,2025-12-28,06,Alpes-Maritimes,CHR général,KFC franchit le cap des 400 restaurants en France avec une ouverture stratégique à Cagnes-sur-Mer - Toute la Franchise,Toute la Franchise,https://news.google.com/rss/articles/CBMiiwFBVV95cUxNQldNUWdBWUVwdThNTHJ3aVlZNGNReWhieEJ2TkhFWXJScDItOVh5amQ5S21PU1ZldXpTZlpjME5Zb0JpbUFTSXJfZ3ZxMi1KNG9pY3hTVy04dmZIRTdSR01YU0RkNV9wY2ZJcWdGYUZxb2RieDBJZUlyMHloNEI2djlhVkpJTTNiU0dZ?oc=5,"<a href=""https://news.google.com/rss/articles/CBMiiwFBVV95cUxNQldNUWdBWUVwdThNTHJ3aVlZNGNReWhieEJ2TkhFWXJScDItOVh5amQ5S21PU1ZldXpTZlpjME5Zb0JpbUFTSXJfZ3ZxMi1KNG9pY3hTVy04dmZIRTdSR01YU0RkNV9wY2ZJcWdGYUZxb2RieDBJZUlyMHloNEI2djlhVkpJTTNiU0dZ?oc=5"" target=""_blank"">KFC franchit le cap des 400 restaurants en France avec une ouverture stratégique à Cagnes-sur-Mer</a>&nbsp;&nbsp;<font color=""#6f6f6f"">Toute la Franchise</font>","""ouverture"" restaurant OR hôtel OR bar Alpes-Maritimes",À qualifier,False
52520efc0b50da0378f0,2026-08-31T11:46:15Z,2025-12-27,MC,Monaco,Monaco,« On s’occupe d’eux comme à la maison » : le groupe monégasque Maya Collection ouvre un nouvel hôtel ultra-luxe à Courchevel - Nice-Matin,Nice-Matin,https://news.google.com/rss/articles/CBMigAJBVV95cUxOVUNLNEl3RkRTb1VoV3R0SmZRR29fcVVTZm1kME4xWnU5VlNZcXhnaFFNRWpCeDdGZllxUzRmRnh6N2VLRGMydmZ6azNZVmszb25wZkRrWHpwa3NreU1UbXRhSDVDRVRKWGlkLVo1X3NTb01aM3RSTnhsS2JqbmRiTVZMR1ZOcTRUU1RwRXhuejhWRFhBQmZ0SVhlcmJnNm5CQU9vRGgxekVUOF9DWndrZFpVeW5MaVVHbGgxNnNrZmI2WHVVa0FpQi1Od1VWUDhJb0NkQjBWd0tZeHhWYVc4eTB1c1VxWWdFeHBqOTdsSlh5QW9EOU44a2lGTXg5TVBD?oc=5,"<a href=""https://news.google.com/rss/articles/CBMigAJBVV95cUxOVUNLNEl3RkRTb1VoV3R0SmZRR29fcVVTZm1kME4xWnU5VlNZcXhnaFFNRWpCeDdGZllxUzRmRnh6N2VLRGMydmZ6azNZVmszb25wZkRrWHpwa3NreU1UbXRhSDVDRVRKWGlkLVo1X3NTb01aM3RSTnhsS2JqbmRiTVZMR1ZOcTRUU1RwRXhuejhWRFhBQmZ0SVhlcmJnNm5CQU9vRGgxekVUOF9DWndrZFpVeW5MaVVHbGgxNnNrZmI2WHVVa0FpQi1Od1VWUDhJb0NkQjBWd0tZeHhWYVc4eTB1c1VxWWdFeHBqOTdsSlh5QW9EOU44a2lGTXg5TVBD?oc=5"" target=""_blank"">« On s’occupe d’eux comme à la maison » : le groupe monégasque Maya Collection ouvre un nouvel hôtel ultra-luxe à Courchevel</a>&nbsp;&nbsp;<font color=""#6f6f6f"">Nice-Matin</font>","""ouverture"" restaurant OR hôtel OR bar Monaco",À qualifier,False
2dd9d8dfe480bceb662b,2026-08-31T11:46:15Z,2025-12-24,83,Saint-Tropez,Saint-Tropez,"Ouverture 2025, Saint-Tropez | Un Tapestry Collection by Hilton au cœur du village mythique - La Tribune de l'Hôtellerie",La Tribune de l'Hôtellerie,https://news.google.com/rss/articles/CBMiwwFBVV95cUxOTWxWcFRvNlFsdTdFMV9fQmRDNVBRNFNaV0Qza0xhSkpLNWhrVXFTZ3VxT19SVmJXa05NQWkxeUFBRlZncjlWaXBTbVVXejNPY1lVSm1mOTVFTW15RVRnUUJTTkNraVhiQy05cFFHM1B1d0xwQTlLUzVpZERLZEdXdU1EeE1udkVVQjB3N2dVVGI0RWpVZGJSc2ZtQlNfMDdXdHVUd1VZZDVLLXVPMGdvYWN1Q2MyNDVXcUVaaU1jYWJCTmM?oc=5,"<a href=""https://news.google.com/rss/articles/CBMiwwFBVV95cUxOTWxWcFRvNlFsdTdFMV9fQmRDNVBRNFNaV0Qza0xhSkpLNWhrVXFTZ3VxT19SVmJXa05NQWkxeUFBRlZncjlWaXBTbVVXejNPY1lVSm1mOTVFTW15RVRnUUJTTkNraVhiQy05cFFHM1B1d0xwQTlLUzVpZERLZEdXdU1EeE1udkVVQjB3N2dVVGI0RWpVZGJSc2ZtQlNfMDdXdHVUd1VZZDVLLXVPMGdvYWN1Q2MyNDVXcUVaaU1jYWJCTmM?oc=5"" target=""_blank"">Ouverture 2025, Saint-Tropez | Un Tapestry Collection by Hilton au cœur du village mythique</a>&nbsp;&nbsp;<font color=""#6f6f6f"">La Tribune de l'Hôtellerie</font>","""ouverture"" restaurant OR plage OR hôtel Saint-Tropez",À qualifier,True
cddd8b68e2434e40036f,2026-08-31T11:46:15Z,2025-12-17,06,Alpes-Maritimes,CHR général,Restauration rapide : 400e adresse en France pour KFC - Franchise Magazine,Franchise Magazine,https://news.google.com/rss/articles/CBMingFBVV95cUxNc2dRTXpNZE9NeWE2OW4yVF93bEQ5dUlBak9aQ1p0dlotcUw0c0RMeUQxVEdDc0R1ck0zQ0Z4dkVBcV9tbW5JYnN6cXNzZDRveEhadmlUYjE3dmtPR0xUSDBDRmpraFhfcS1tMy1KUUNsMmdZYklGdEhkNkk0eFgzNG9jZWhSNk5GNWo5NHNOdUV3VFVKazVNc3hkV2dMdw?oc=5,"<a href=""https://news.google.com/rss/articles/CBMingFBVV95cUxNc2dRTXpNZE9NeWE2OW4yVF93bEQ5dUlBak9aQ1p0dlotcUw0c0RMeUQxVEdDc0R1ck0zQ0Z4dkVBcV9tbW5JYnN6cXNzZDRveEhadmlUYjE3dmtPR0xUSDBDRmpraFhfcS1tMy1KUUNsMmdZYklGdEhkNkk0eFgzNG9jZWhSNk5GNWo5NHNOdUV3VFVKazVNc3hkV2dMdw?oc=5"" target=""_blank"">Restauration rapide : 400e adresse en France pour KFC</a>&nbsp;&nbsp;<font color=""#6f6f6f"">Franchise Magazine</font>","""ouverture"" restaurant OR hôtel OR bar Alpes-Maritimes",À qualifier,False
55150861b362e1f4d2cd,2026-08-31T11:46:15Z,2025-12-16,06,Alpes-Maritimes,CHR général,KFC célèbre son 400ᵉ restaurant et renforce son maillage territorial en France - Zepros Restauration,Zepros Restauration,https://news.google.com/rss/articles/CBMiugFBVV95cUxQRXRrTlJLM0doV2xqbUp4ZVdfZVF2NXVxNlZhTEF3REgzRFp0SHRVdDdFVTZ1cFp1c1phN3hNdmxqdEdmQ2JrSy1rSmdkNThIS1NGV2xDTXF5Y3RMZGNCdHJmcnAwZ3ljYmdvSnNRZl9SdFNYSlJSeHB1dUljMENrSVlET3BMNTFuUTcyTEUzSE5vcDNtUlJjTl9GMFR3Tk5kalE5NlJmRDZPZk5VVWtNcW9mQ3VZUll6dXc?oc=5,"<a href=""https://news.google.com/rss/articles/CBMiugFBVV95cUxQRXRrTlJLM0doV2xqbUp4ZVdfZVF2NXVxNlZhTEF3REgzRFp0SHRVdDdFVTZ1cFp1c1phN3hNdmxqdEdmQ2JrSy1rSmdkNThIS1NGV2xDTXF5Y3RMZGNCdHJmcnAwZ3ljYmdvSnNRZl9SdFNYSlJSeHB1dUljMENrSVlET3BMNTFuUTcyTEUzSE5vcDNtUlJjTl9GMFR3Tk5kalE5NlJmRDZPZk5VVWtNcW9mQ3VZUll6dXc?oc=5"" target=""_blank"">KFC célèbre son 400ᵉ restaurant et renforce son maillage territorial en France</a>&nbsp;&nbsp;<font color=""#6f6f6f"">Zepros Restauration</font>","""ouverture"" restaurant OR hôtel OR bar Alpes-Maritimes",À qualifier,False
dd7e050c6b489d83e0c8,2026-08-24T06:04:16Z,2025-12-16,06,Alpes-Maritimes,CHR général,Economie - Cagnes-sur-Mer : KFC a ouvert son 400e restaurant en France - Petites Affiches,Petites Affiches,https://news.google.com/rss/articles/CBMiowFBVV95cUxPaEhHM05ST2YtZC1RdGtYNU1vS01MLTcwOHc5YWVNcGplckVDQll3QkxObjlDU2M4YndIU1dGQ2VMM3g1RG5PYm5mSlp5cnlCV0xLdTJDcXdlNm00Mmt3NnFrajlYclRDQlMzQUJiWkYxZFk2RHBEQXBBQ2N0TDJGcTJOY0VMeTJDMXlXaDVkcFdKRkluak8zci1yUUV4YndTS1FR?oc=5,"<a href=""https://news.google.com/rss/articles/CBMiowFBVV95cUxPaEhHM05ST2YtZC1RdGtYNU1vS01MLTcwOHc5YWVNcGplckVDQll3QkxObjlDU2M4YndIU1dGQ2VMM3g1RG5PYm5mSlp5cnlCV0xLdTJDcXdlNm00Mmt3NnFrajlYclRDQlMzQUJiWkYxZFk2RHBEQXBBQ2N0TDJGcTJOY0VMeTJDMXlXaDVkcFdKRkluak8zci1yUUV4YndTS1FR?oc=5"" target=""_blank"">Economie - Cagnes-sur-Mer : KFC a ouvert son 400e restaurant en France</a>&nbsp;&nbsp;<font color=""#6f6f6f"">Petites Affiches</font>","""ouverture"" restaurant OR hôtel OR bar Alpes-Maritimes",À qualifier,False
3c614ab0ff57c23d7d11,2026-08-10T06:52:26Z,2025-12-16,06,Alpes-Maritimes,CHR général,Economie - Cagnes-sur-Mer : KFC a ouvert son 400e restaurant en France - petitesaffiches.fr,petitesaffiches.fr,https://news.google.com/rss/articles/CBMiowFBVV95cUxPaEhHM05ST2YtZC1RdGtYNU1vS01MLTcwOHc5YWVNcGplckVDQll3QkxObjlDU2M4YndIU1dGQ2VMM3g1RG5PYm5mSlp5cnlCV0xLdTJDcXdlNm00Mmt3NnFrajlYclRDQlMzQUJiWkYxZFk2RHBEQXBBQ2N0TDJGcTJOY0VMeTJDMXlXaDVkcFdKRkluak8zci1yUUV4YndTS1FR?oc=5,"<a href=""https://news.google.com/rss/articles/CBMiowFBVV95cUxPaEhHM05ST2YtZC1RdGtYNU1vS01MLTcwOHc5YWVNcGplckVDQll3QkxObjlDU2M4YndIU1dGQ2VMM3g1RG5PYm5mSlp5cnlCV0xLdTJDcXdlNm00Mmt3NnFrajlYclRDQlMzQUJiWkYxZFk2RHBEQXBBQ2N0TDJGcTJOY0VMeTJDMXlXaDVkcFdKRkluak8zci1yUUV4YndTS1FR?oc=5"" target=""_blank"">Economie - Cagnes-sur-Mer : KFC a ouvert son 400e restaurant en France</a>&nbsp;&nbsp;<font color=""#6f6f6f"">petitesaffiches.fr</font>","""ouverture"" restaurant OR hôtel OR bar Alpes-Maritimes",À qualifier,False
2ee21d3d627668a7c280,2026-08-10T06:52:26Z,2025-12-08,83,Toulon,Toulon,"Toulon : Anthony Denon ouvre Shanael, une table gastronomique qui célèbre le terroir - Info 83",Info 83,https://news.google.com/rss/articles/CBMipwFBVV95cUxPcHh4ZXdXSHdBLTVzODlvN2NFT3FzOVVNWmQxdTRVQkZtdVNGbXF2YXI5d2hRczRCOHZFTHZPdGtxZEVHVWRqM2tMN2pRbUpkZ1JDSmR3T2FZQ3B0YWdiTzllRlplY0ZITmowTHV3RGhHYVJ3REpPb1VMMkczZlBvZU0xYWM1d3g0akJ2MklTam5WUEhoQ0x6WEhDbzhfeWFWa0NwZVhyNA?oc=5,"<a href=""https://news.google.com/rss/articles/CBMipwFBVV95cUxPcHh4ZXdXSHdBLTVzODlvN2NFT3FzOVVNWmQxdTRVQkZtdVNGbXF2YXI5d2hRczRCOHZFTHZPdGtxZEVHVWRqM2tMN2pRbUpkZ1JDSmR3T2FZQ3B0YWdiTzllRlplY0ZITmowTHV3RGhHYVJ3REpPb1VMMkczZlBvZU0xYWM1d3g0akJ2MklTam5WUEhoQ0x6WEhDbzhfeWFWa0NwZVhyNA?oc=5"" target=""_blank"">Toulon : Anthony Denon ouvre Shanael, une table gastronomique qui célèbre le terroir</a>&nbsp;&nbsp;<font color=""#6f6f6f"">Info 83</font>","""ouverture"" restaurant OR bar OR hôtel Toulon",À qualifier,False
847ccc09962653f8945a,2026-08-24T06:04:16Z,2025-12-07,06,Alpes-Maritimes,CHR général,"Près de Nice. Un restaurant KFC ouvre dans ce centre commercial, ce que l'on sait - Actu.fr",Actu.fr,https://news.google.com/rss/articles/CBMi7gFBVV95cUxPTm5Oa3JINzFfcHpvQWp3UGNGRjJobU1oNURVVDh4RTY2Ri1jOVZYU2tFcnhNdm00MDdXbzYzYTZzbGk3TVdvUVB0d0g5dHlHdGlkeUxtZ3lmREFTTEJ2LXJ6T2xiTmRlT2VjdDVhNEdRYnhxTTI0aTdlanM1bUtWN0hkWEVUUm0yb1hyVzd3bWFuR3htSU9CaVUwZmpyaXM4Qm1rLXU1MmRPTFMxOFZRR2FfZEJBQVR5d1RrZTBjYXJteFg3aEptRXp5RWFNOW5ZVXBURk53VENVWnJscUwwZ2FVSGtFZVFSZTA2VklB?oc=5,"<a href=""https://news.google.com/rss/articles/CBMi7gFBVV95cUxPTm5Oa3JINzFfcHpvQWp3UGNGRjJobU1oNURVVDh4RTY2Ri1jOVZYU2tFcnhNdm00MDdXbzYzYTZzbGk3TVdvUVB0d0g5dHlHdGlkeUxtZ3lmREFTTEJ2LXJ6T2xiTmRlT2VjdDVhNEdRYnhxTTI0aTdlanM1bUtWN0hkWEVUUm0yb1hyVzd3bWFuR3htSU9CaVUwZmpyaXM4Qm1rLXU1MmRPTFMxOFZRR2FfZEJBQVR5d1RrZTBjYXJteFg3aEptRXp5RWFNOW5ZVXBURk53VENVWnJscUwwZ2FVSGtFZVFSZTA2VklB?oc=5"" target=""_blank"">Près de Nice. Un restaurant KFC ouvre dans ce centre commercial, ce que l'on sait</a>&nbsp;&nbsp;<font color=""#6f6f6f"">Actu.fr</font>","""ouverture"" restaurant OR hôtel OR bar Alpes-Maritimes",À qualifier,False
d8d5df0d0f677efd12e6,2026-08-17T06:00:55Z,2025-12-07,06,Alpes-Maritimes,CHR général,"Près de Nice. Un restaurant KFC ouvre dans ce centre commercial, ce que l'on sait - actu.fr",actu.fr,https://news.google.com/rss/articles/CBMi7gFBVV95cUxPTm5Oa3JINzFfcHpvQWp3UGNGRjJobU1oNURVVDh4RTY2Ri1jOVZYU2tFcnhNdm00MDdXbzYzYTZzbGk3TVdvUVB0d0g5dHlHdGlkeUxtZ3lmREFTTEJ2LXJ6T2xiTmRlT2VjdDVhNEdRYnhxTTI0aTdlanM1bUtWN0hkWEVUUm0yb1hyVzd3bWFuR3htSU9CaVUwZmpyaXM4Qm1rLXU1MmRPTFMxOFZRR2FfZEJBQVR5d1RrZTBjYXJteFg3aEptRXp5RWFNOW5ZVXBURk53VENVWnJscUwwZ2FVSGtFZVFSZTA2VklB?oc=5,"<a href=""https://news.google.com/rss/articles/CBMi7gFBVV95cUxPTm5Oa3JINzFfcHpvQWp3UGNGRjJobU1oNURVVDh4RTY2Ri1jOVZYU2tFcnhNdm00MDdXbzYzYTZzbGk3TVdvUVB0d0g5dHlHdGlkeUxtZ3lmREFTTEJ2LXJ6T2xiTmRlT2VjdDVhNEdRYnhxTTI0aTdlanM1bUtWN0hkWEVUUm0yb1hyVzd3bWFuR3htSU9CaVUwZmpyaXM4Qm1rLXU1MmRPTFMxOFZRR2FfZEJBQVR5d1RrZTBjYXJteFg3aEptRXp5RWFNOW5ZVXBURk53VENVWnJscUwwZ2FVSGtFZVFSZTA2VklB?oc=5"" target=""_blank"">Près de Nice. Un restaurant KFC ouvre dans ce centre commercial, ce que l'on sait</a>&nbsp;&nbsp;<font color=""#6f6f6f"">actu.fr</font>","""ouverture"" restaurant OR hôtel OR bar Alpes-Maritimes",À qualifier,False
3a2897a4c478cbfe9682,2026-08-24T06:04:16Z,2025-12-03,83,Saint-Tropez,Saint-Tropez,Maisons Pariente prépare l'ouverture de l’Hôtel Saint Roch à Courchevel 1850 pour décembre 2026 - L'Hôtellerie Restauration,L'Hôtellerie Restauration,https://news.google.com/rss/articles/CBMi3gFBVV95cUxQRmNVOXdTVG1MTmtRWklxZE9IdVE5T05sVGRnVm1yQVViWVYyZTB6cVM0Vlg2Mmk4SW1hdXZkNnVaVFJaTmRqckRnbHJNYlBMZG9tLUhWQXZoWl9tZGF0NjQ2LUpMUEtlYXpJWE9mdk1aNHJ3X3h6b3lhcWZOb3NlNV80Uk5ZYmpRWFBUNFJFSWc5WTZSYy1feTBDVFAxXzZYalg1RzV0dTE2ZmU0LWdqWWRLVk52aTFCSmcwNF8wcm5yUnNDY0JwRGlyMnF4c0ZSMVlGY18yMlhSVElGWXc?oc=5,"<a href=""https://news.google.com/rss/articles/CBMi3gFBVV95cUxQRmNVOXdTVG1MTmtRWklxZE9IdVE5T05sVGRnVm1yQVViWVYyZTB6cVM0Vlg2Mmk4SW1hdXZkNnVaVFJaTmRqckRnbHJNYlBMZG9tLUhWQXZoWl9tZGF0NjQ2LUpMUEtlYXpJWE9mdk1aNHJ3X3h6b3lhcWZOb3NlNV80Uk5ZYmpRWFBUNFJFSWc5WTZSYy1feTBDVFAxXzZYalg1RzV0dTE2ZmU0LWdqWWRLVk52aTFCSmcwNF8wcm5yUnNDY0JwRGlyMnF4c0ZSMVlGY18yMlhSVElGWXc?oc=5"" target=""_blank"">Maisons Pariente prépare l'ouverture de l’Hôtel Saint Roch à Courchevel 1850 pour décembre 2026</a>&nbsp;&nbsp;<font color=""#6f6f6f"">L'Hôtellerie Restauration</font>","""ouverture"" restaurant OR plage OR hôtel Saint-Tropez",À qualifier,False
711f4a0fecc460e85cd1,2026-08-31T11:46:15Z,2025-12-01,83,Toulon,Toulon,Anthony Denon ouvre un restaurant à Toulon - l'Essentiel media,l'Essentiel media,https://news.google.com/rss/articles/CBMiqgFBVV95cUxQWUJyWk9hQVpPTGphUUc2UVMxY3JKcEZfV1dfMmpGNWR3bDJKQldOeDFWYnlqcFRGWkJJLWMyVE55clVXTDBHMmpKZ0pIRkF2UFlrUHNPUWotT0dHZkZidG9WTG41blFiSFVxNTg4X0pmVENTT0doN3hld2JEZFdQdzl0emt4Z0xWWnh1RDBsZS1aUlowdkNDbF9ZN1BHall0dy01OWZqTGlwZw?oc=5,"<a href=""https://news.google.com/rss/articles/CBMiqgFBVV95cUxQWUJyWk9hQVpPTGphUUc2UVMxY3JKcEZfV1dfMmpGNWR3bDJKQldOeDFWYnlqcFRGWkJJLWMyVE55clVXTDBHMmpKZ0pIRkF2UFlrUHNPUWotT0dHZkZidG9WTG41blFiSFVxNTg4X0pmVENTT0doN3hld2JEZFdQdzl0emt4Z0xWWnh1RDBsZS1aUlowdkNDbF9ZN1BHall0dy01OWZqTGlwZw?oc=5"" target=""_blank"">Anthony Denon ouvre un restaurant à Toulon</a>&nbsp;&nbsp;<font color=""#6f6f6f"">l'Essentiel media</font>","""ouverture"" restaurant OR bar OR hôtel Toulon",À qualifier,False
a104e3ad57e95e5bb865,2026-08-31T11:46:15Z,2025-11-28,83,Fréjus Saint-Raphaël,Est Var,"À Fréjus, un hôtel ""haut de gamme"" verra bien le jour près de la base nature - France 3 Régions",France 3 Régions,https://news.google.com/rss/articles/CBMiiwJBVV95cUxOWnprVnY3QTY5cnpLQnlWNkpaUzN0RFdmQ2lZSVg1R3c4THc0VTBZOEVUX0FmYVdDTlJsZkpSVHl1Nmh4UGJPRWhKc1BSNll3bndkbjJ5bk5fQnA1Z1BId1RKcUpjbk1pd3dnZWlJX2NaLWpHcGhzRTdPN1pTQTBYNzJTajhWakdkLU5oRzBEb0M4Z3BUY193OTlHNGxiUFV1QWFNN3JfXzUtbkFyLUNPMW9wLXFvNlY4N29YYkRFS0E0QmtfM3dBaUM3YjIxWHdEVHlRQ3ptYjNkX2dkQjViMnhDSXJ3UXJEZzR3Tl81U1g0MTI1M0o4OWN0NWV5SjNzal8wOGRPSW9WZkE?oc=5,"<a href=""https://news.google.com/rss/articles/CBMiiwJBVV95cUxOWnprVnY3QTY5cnpLQnlWNkpaUzN0RFdmQ2lZSVg1R3c4THc0VTBZOEVUX0FmYVdDTlJsZkpSVHl1Nmh4UGJPRWhKc1BSNll3bndkbjJ5bk5fQnA1Z1BId1RKcUpjbk1pd3dnZWlJX2NaLWpHcGhzRTdPN1pTQTBYNzJTajhWakdkLU5oRzBEb0M4Z3BUY193OTlHNGxiUFV1QWFNN3JfXzUtbkFyLUNPMW9wLXFvNlY4N29YYkRFS0E0QmtfM3dBaUM3YjIxWHdEVHlRQ3ptYjNkX2dkQjViMnhDSXJ3UXJEZzR3Tl81U1g0MTI1M0o4OWN0NWV5SjNzal8wOGRPSW9WZkE?oc=5"" target=""_blank"">À Fréjus, un hôtel ""haut de gamme"" verra bien le jour près de la base nature</a>&nbsp;&nbsp;<font color=""#6f6f6f"">France 3 Régions</font>","""ouverture"" restaurant OR hôtel Fréjus Saint-Raphaël",À qualifier,False
84558bc3ee32ebdab09c,2026-08-10T06:52:26Z,2025-11-21,83,Fréjus Saint-Raphaël,Est Var,Bistrot Picholine : le goût de l’authentique au quartier République - Ville de Saint-Raphaël,Ville de Saint-Raphaël,https://news.google.com/rss/articles/CBMi1wFBVV95cUxQRjJBNDdURzloenJ0U1BSMTF2cF9VcmQ2bW5obDJOcjBpbDh0WS1JbTROcHdRUkFzMEYzNWVvTDF2RmxXQlNIanE0T05CVmNCdUliclp5N1RBNnNMTXVaa2oxNExYc3R0VDF3eWVuMWtOc0ZPT2w0RzhxNWhmaFNCdVhEWWFGX29zYnR2OXpkNjNib21tNmZYQ05nWmxCa05GY3AxLXFxMmgtclpyRXQtSlY5dFRwMkJUNlB0ZzFDcFRoSXRyclgtSTI0NFhkUGotcjhkbkNhWQ?oc=5,"<a href=""https://news.google.com/rss/articles/CBMi1wFBVV95cUxQRjJBNDdURzloenJ0U1BSMTF2cF9VcmQ2bW5obDJOcjBpbDh0WS1JbTROcHdRUkFzMEYzNWVvTDF2RmxXQlNIanE0T05CVmNCdUliclp5N1RBNnNMTXVaa2oxNExYc3R0VDF3eWVuMWtOc0ZPT2w0RzhxNWhmaFNCdVhEWWFGX29zYnR2OXpkNjNib21tNmZYQ05nWmxCa05GY3AxLXFxMmgtclpyRXQtSlY5dFRwMkJUNlB0ZzFDcFRoSXRyclgtSTI0NFhkUGotcjhkbkNhWQ?oc=5"" target=""_blank"">Bistrot Picholine : le goût de l’authentique au quartier République</a>&nbsp;&nbsp;<font color=""#6f6f6f"">Ville de Saint-Raphaël</font>","""ouverture"" restaurant OR hôtel Fréjus Saint-Raphaël",À qualifier,False
0b23257c15592940f6a5,2026-08-31T11:46:15Z,2025-11-20,83,Saint-Tropez,Saint-Tropez,"Le Beauvallon à Saint-Tropez, nouvelle adresse française pour COMO Hotels & Resorts - L'Hôtellerie Restauration",L'Hôtellerie Restauration,https://news.google.com/rss/articles/CBMivwFBVV95cUxOb1hnbGpzVXJrUHg4VjBrUFJkTTBmWW5PUVFheXYzQXRTX2RnSm8xMXlrZXRNalZIZldMenZuLWpvNnN4NFZ2MThRaHQyTUwzRXNIc0NSSEdVbGVJN1cySE84LW45cGxrQ0RHQ0dDVFYtb05XeWs0dUJvM3IwS2dacFRTN1hlWEduNDg2cWdyM3AxQVlmY016SFcwb3JNeFktem03eUFUTTJaY0NGcUFpZTZ3a0U2ZG8xVWFPSW5CMA?oc=5,"<a href=""https://news.google.com/rss/articles/CBMivwFBVV95cUxOb1hnbGpzVXJrUHg4VjBrUFJkTTBmWW5PUVFheXYzQXRTX2RnSm8xMXlrZXRNalZIZldMenZuLWpvNnN4NFZ2MThRaHQyTUwzRXNIc0NSSEdVbGVJN1cySE84LW45cGxrQ0RHQ0dDVFYtb05XeWs0dUJvM3IwS2dacFRTN1hlWEduNDg2cWdyM3AxQVlmY016SFcwb3JNeFktem03eUFUTTJaY0NGcUFpZTZ3a0U2ZG8xVWFPSW5CMA?oc=5"" target=""_blank"">Le Beauvallon à Saint-Tropez, nouvelle adresse française pour COMO Hotels & Resorts</a>&nbsp;&nbsp;<font color=""#6f6f6f"">L'Hôtellerie Restauration</font>","""ouverture"" restaurant OR plage OR hôtel Saint-Tropez",À qualifier,False
a48cbe63b6281c383992,2026-08-31T11:46:15Z,2025-11-20,MC,Monaco,Monaco,Maya Collection ouvre un nouvel hôtel à Courchevel 1850 - L'Hôtellerie Restauration,L'Hôtellerie Restauration,https://news.google.com/rss/articles/CBMiqAFBVV95cUxOakl5Q0tSN3RBT2tHMzRvUUlKdEdXQk9LODdtNUdSb3d6SXptMmhySDFheExiVGlHOFZfU3BRQVp5ZEhsSXVtUHNBRnF2THczUng3THdIQ21ac3BYTm54NkpXeGFkWU1SUk1WS2N2aUJCQzJIV2U0TDFJR3l3UTBIVXdMRFdNN1NhVXNpX2JQcWNpSDRUYVVCM2tySUxPQlE5b284R2lxQU0?oc=5,"<a href=""https://news.google.com/rss/articles/CBMiqAFBVV95cUxOakl5Q0tSN3RBT2tHMzRvUUlKdEdXQk9LODdtNUdSb3d6SXptMmhySDFheExiVGlHOFZfU3BRQVp5ZEhsSXVtUHNBRnF2THczUng3THdIQ21ac3BYTm54NkpXeGFkWU1SUk1WS2N2aUJCQzJIV2U0TDFJR3l3UTBIVXdMRFdNN1NhVXNpX2JQcWNpSDRUYVVCM2tySUxPQlE5b284R2lxQU0?oc=5"" target=""_blank"">Maya Collection ouvre un nouvel hôtel à Courchevel 1850</a>&nbsp;&nbsp;<font color=""#6f6f6f"">L'Hôtellerie Restauration</font>","""ouverture"" restaurant OR hôtel OR bar Monaco",À qualifier,False
d9457e7c671d14615705,2026-08-31T11:46:15Z,2025-11-19,06,Antibes,Antibes,Le centre-ville d’Antibes poursuit sa métamorphose avec le lancement du chantier d’un hôtel 4 étoiles (et ça divise le quartier) - Nice-Matin,Nice-Matin,https://news.google.com/rss/articles/CBMi_gFBVV95cUxNaGJzYUgtVmFUWUhpRmdOczBWS2djU0Q3N01DLVJ0QmFzX0c4anV6bzRnQnZlQnRPRlIwUWlBbUU3S2RBQnRzX3lSWVBVX0MtSThyWl9sZlZPODJoS3RRYnRQVVhZSFlCN3FTU1VVSXlpOElIalNSWldwcUQtY2VLMHdrSS1ZUjVSbEhIUTlMXzZ2UGY2TU1JNnVxTU45dVpiRkFfemhtUlpZYXlXZllUQ0gyLVdlMzlLTnBnajVsVFozTkFhUDBnMm5xTnYzajdDVzA1RlFidnJQYU42TjlsdU1PdHNWT002akhiSERJTGxNRU40RzBvcTNfSjhPUQ?oc=5,"<a href=""https://news.google.com/rss/articles/CBMi_gFBVV95cUxNaGJzYUgtVmFUWUhpRmdOczBWS2djU0Q3N01DLVJ0QmFzX0c4anV6bzRnQnZlQnRPRlIwUWlBbUU3S2RBQnRzX3lSWVBVX0MtSThyWl9sZlZPODJoS3RRYnRQVVhZSFlCN3FTU1VVSXlpOElIalNSWldwcUQtY2VLMHdrSS1ZUjVSbEhIUTlMXzZ2UGY2TU1JNnVxTU45dVpiRkFfemhtUlpZYXlXZllUQ0gyLVdlMzlLTnBnajVsVFozTkFhUDBnMm5xTnYzajdDVzA1RlFidnJQYU42TjlsdU1PdHNWT002akhiSERJTGxNRU40RzBvcTNfSjhPUQ?oc=5"" target=""_blank"">Le centre-ville d’Antibes poursuit sa métamorphose avec le lancement du chantier d’un hôtel 4 étoiles (et ça divise le quartier)</a>&nbsp;&nbsp;<font color=""#6f6f6f"">Nice-Matin</font>","""ouverture"" restaurant OR hôtel OR bar Antibes",À qualifier,False
91c274eabe16c5b67ebb,2026-08-24T06:04:16Z,2025-11-18,83,Saint-Tropez,Saint-Tropez,"Ouverture avril 2026, Riviera | COMO Le Beauvallon, la renaissance d’une icône - La Tribune de l'Hôtellerie",La Tribune de l'Hôtellerie,https://news.google.com/rss/articles/CBMieEFVX3lxTE9DVHZsUUJnQTVycURQeUxRenE0TGdRWnRzalYzX3ZQc2lrdHpEQnJralFuMXZhNmlkV214djRFRHdJV2daT2hVWDRGeTV1cm9BTmdTZWZsR3ZyYVVQX2x1MVNzcHBWS0ZkcFd1eGdHemxWRmNhUDZDbw?oc=5,"<a href=""https://news.google.com/rss/articles/CBMieEFVX3lxTE9DVHZsUUJnQTVycURQeUxRenE0TGdRWnRzalYzX3ZQc2lrdHpEQnJralFuMXZhNmlkV214djRFRHdJV2daT2hVWDRGeTV1cm9BTmdTZWZsR3ZyYVVQX2x1MVNzcHBWS0ZkcFd1eGdHemxWRmNhUDZDbw?oc=5"" target=""_blank"">Ouverture avril 2026, Riviera | COMO Le Beauvallon, la renaissance d’une icône</a>&nbsp;&nbsp;<font color=""#6f6f6f"">La Tribune de l'Hôtellerie</font>","""ouverture"" restaurant OR plage OR hôtel Saint-Tropez",À qualifier,False
c605907648834c9006dd,2026-08-24T06:04:16Z,2025-11-13,83,Var,CHR général,Zannier Bendor : les réservations pour séjourner sur l’île sont ouvertes ! - mesinfos,mesinfos,https://news.google.com/rss/articles/CBMitgFBVV95cUxON2ZMUkhXSV9NckplRU13QkxxYkRIbndLcElZSHZURHkxdFY0ZlRObzZfeFdoVDJxUDNsa25KX2d0VFFUSW9sai1jUXVLTmpFNmNTWnZJRkw0NGhPRmJBLUt2enY1Q0hrbndGcjUxNEtZWmszV3FVN09ES01uVlRxSEtmdTRJTVZIT0xCejNJeEhDODd4dVlmSFRuRzNTMEo1MXJKdEdTNXFVRm9mOXNKMXVEek1RUQ?oc=5,"<a href=""https://news.google.com/rss/articles/CBMitgFBVV95cUxON2ZMUkhXSV9NckplRU13QkxxYkRIbndLcElZSHZURHkxdFY0ZlRObzZfeFdoVDJxUDNsa25KX2d0VFFUSW9sai1jUXVLTmpFNmNTWnZJRkw0NGhPRmJBLUt2enY1Q0hrbndGcjUxNEtZWmszV3FVN09ES01uVlRxSEtmdTRJTVZIT0xCejNJeEhDODd4dVlmSFRuRzNTMEo1MXJKdEdTNXFVRm9mOXNKMXVEek1RUQ?oc=5"" target=""_blank"">Zannier Bendor : les réservations pour séjourner sur l’île sont ouvertes !</a>&nbsp;&nbsp;<font color=""#6f6f6f"">mesinfos</font>","""ouverture"" restaurant OR hôtel OR bar Var",À qualifier,False
7abee57078fc10416ffd,2026-08-24T06:04:16Z,2025-11-12,83,Toulon,Toulon,"A Toulon, un nouveau bar à coquillages et traiteur de la mer - Nice-Matin",Nice-Matin,https://news.google.com/rss/articles/CBMivgFBVV95cUxPYXVGUWhJODRXMFdKd1FPQU1MU1pxcG1yNk1aSVNvSTVrcEh0M0p2SEx4SUhKcmlGaVdJcG1xakswNHRTbS1DRE1hVHJ2aG42aHY2emFJWjgtYTAtZGlLVTRQQVJZWmdsYUl5T1ZvQUxhLXRfdDhfb19WSWpZQnlBdTBUbkhGaVJxYkFZa2hmSDV1al8yR1d6QnFrbzdpY0pWbU9ZalNpT0RxRHlwbEhNS3RiSndnMm82aDZJbjRB?oc=5,"<a href=""https://news.google.com/rss/articles/CBMivgFBVV95cUxPYXVGUWhJODRXMFdKd1FPQU1MU1pxcG1yNk1aSVNvSTVrcEh0M0p2SEx4SUhKcmlGaVdJcG1xakswNHRTbS1DRE1hVHJ2aG42aHY2emFJWjgtYTAtZGlLVTRQQVJZWmdsYUl5T1ZvQUxhLXRfdDhfb19WSWpZQnlBdTBUbkhGaVJxYkFZa2hmSDV1al8yR1d6QnFrbzdpY0pWbU9ZalNpT0RxRHlwbEhNS3RiSndnMm82aDZJbjRB?oc=5"" target=""_blank"">A Toulon, un nouveau bar à coquillages et traiteur de la mer</a>&nbsp;&nbsp;<font color=""#6f6f6f"">Nice-Matin</font>","""ouverture"" restaurant OR bar OR hôtel Toulon",À qualifier,False
3528e0b54c2f2ee30adb,2026-08-24T06:04:16Z,2025-11-12,83,Hyères,Hyères,"Après deux ans de travaux, cet hôtel-restaurant rouvre ses portes à Hyères - Nice-Matin",Nice-Matin,https://news.google.com/rss/articles/CBMi0wFBVV95cUxQNHRpWXVtRmFRa2tGUHBUUm5Ma2dpU2ltWXRKaXRTZ2FpWTgxU05WTThfQ3VrWVh3ck43M2dHdzBNanlDYndwd1RCRnIwZFlzSERmNnJqdk92T2dhS2JEWVF4NnM2WFNNN2NtVWxmaHJnLXlQN3Z4R3JWc1VOZFNJdTJYY3dwX0ZTOGNZTGFvV3k4dENIZm95X3BFbDIwVWUtYXkxWm9YbXMzYVV6cjA2end5b0F6eGNiNWx4QzV4QUp5YnNSS2NxcFU2QzhjZlNtdU5F?oc=5,"<a href=""https://news.google.com/rss/articles/CBMi0wFBVV95cUxQNHRpWXVtRmFRa2tGUHBUUm5Ma2dpU2ltWXRKaXRTZ2FpWTgxU05WTThfQ3VrWVh3ck43M2dHdzBNanlDYndwd1RCRnIwZFlzSERmNnJqdk92T2dhS2JEWVF4NnM2WFNNN2NtVWxmaHJnLXlQN3Z4R3JWc1VOZFNJdTJYY3dwX0ZTOGNZTGFvV3k4dENIZm95X3BFbDIwVWUtYXkxWm9YbXMzYVV6cjA2end5b0F6eGNiNWx4QzV4QUp5YnNSS2NxcFU2QzhjZlNtdU5F?oc=5"" target=""_blank"">Après deux ans de travaux, cet hôtel-restaurant rouvre ses portes à Hyères</a>&nbsp;&nbsp;<font color=""#6f6f6f"">Nice-Matin</font>","""ouverture"" restaurant OR plage OR hôtel Hyères",À qualifier,False
fd01b69378c2f60df438,2026-08-31T11:46:15Z,2025-11-03,06,Menton,Menton,Les nouveaux hôtels de luxe qui vont ouvrir en France en 2026… - La Revue Des Hotels,La Revue Des Hotels,https://news.google.com/rss/articles/CBMi3AFBVV95cUxQQ0V2ZHlVZFp2YTVta09mMmtaME5GbHZydy1mNXBpTkZ0RDBwb01EZWJQMDA3S1ZMbVFobXBLSFUwZFVlb2tHc0F0eW9HZFYwRVpkdHFET3F5MDRNMXdBelU3VWZMS3dFcHhVTmxUcXgzdGNjVWxnQzVaNVNYOXRrdTNiZkpXNW9MeXprNDZYTkJ1R3EwdlhnZXBGSDJDcUpWTG50OUxGQXp3aEZQbENNUFdUeWV1YjBjTFhySHhYSzVZbW1WcmM1dTNOUFIwWF83blJmYmV4MDd1aURZ?oc=5,"<a href=""https://news.google.com/rss/articles/CBMi3AFBVV95cUxQQ0V2ZHlVZFp2YTVta09mMmtaME5GbHZydy1mNXBpTkZ0RDBwb01EZWJQMDA3S1ZMbVFobXBLSFUwZFVlb2tHc0F0eW9HZFYwRVpkdHFET3F5MDRNMXdBelU3VWZMS3dFcHhVTmxUcXgzdGNjVWxnQzVaNVNYOXRrdTNiZkpXNW9MeXprNDZYTkJ1R3EwdlhnZXBGSDJDcUpWTG50OUxGQXp3aEZQbENNUFdUeWV1YjBjTFhySHhYSzVZbW1WcmM1dTNOUFIwWF83blJmYmV4MDd1aURZ?oc=5"" target=""_blank"">Les nouveaux hôtels de luxe qui vont ouvrir en France en 2026…</a>&nbsp;&nbsp;<font color=""#6f6f6f"">La Revue Des Hotels</font>","""ouverture"" restaurant OR hôtel OR bar Menton",À qualifier,False
192a4ee2ad20c066ef65,2026-08-31T11:46:15Z,2025-10-21,06-83-MC,Région,Urbanisme,"Près de Nice. McDonald's veut s'installer dans cette petite commune, toute une ville s'y oppose - Actu.fr",Actu.fr,https://news.google.com/rss/articles/CBMi-gFBVV95cUxNUHZJTm94NFhOWklXaWlzdE1CU1VEQ1BTZ1NFcG1Fb1AzRU9mS1NvSjFFZGJZRGktb2g5OGtiUUJlV25RbFR3ZUNzLXFmUkhxaDIwSUQtSDRsSkNXZmtmVkxyYy1HYkNtYktZRVh3dlVZM0hoTDN1U2pPWHYzaFJaWHlaMzhFM2RNU1hsc2hNb0pNUEw2NlhvOVZuZVgtS0dYSDRlUE8yVFR6ZXhUOEQ4ZS10S3JDMlZDa2ZuaWZzOE1lcXF4aXU5V3ctd2lsdFZHNjZFMkxkUEF1SUMzMGRHN2F5dnF3WlpWalRTdTFmRWtmbFVGdkFkSGpR?oc=5,"<a href=""https://news.google.com/rss/articles/CBMi-gFBVV95cUxNUHZJTm94NFhOWklXaWlzdE1CU1VEQ1BTZ1NFcG1Fb1AzRU9mS1NvSjFFZGJZRGktb2g5OGtiUUJlV25RbFR3ZUNzLXFmUkhxaDIwSUQtSDRsSkNXZmtmVkxyYy1HYkNtYktZRVh3dlVZM0hoTDN1U2pPWHYzaFJaWHlaMzhFM2RNU1hsc2hNb0pNUEw2NlhvOVZuZVgtS0dYSDRlUE8yVFR6ZXhUOEQ4ZS10S3JDMlZDa2ZuaWZzOE1lcXF4aXU5V3ctd2lsdFZHNjZFMkxkUEF1SUMzMGRHN2F5dnF3WlpWalRTdTFmRWtmbFVGdkFkSGpR?oc=5"" target=""_blank"">Près de Nice. McDonald's veut s'installer dans cette petite commune, toute une ville s'y oppose</a>&nbsp;&nbsp;<font color=""#6f6f6f"">Actu.fr</font>","""permis de construire"" hôtel OR restaurant Côte d’Azur",À qualifier,False
7692992158f61dd47a89,2026-08-31T11:46:15Z,2025-10-15,06,Alpes-Maritimes,CHR général,"""On est très inquiets"": l'ouverture d'un McDonald's près d'un collège fait débat dans une commune des Alpes-Maritimes - BFM",BFM,https://news.google.com/rss/articles/CBMi_wFBVV95cUxQekVHUHBXOThCQ0dsN1djNVdvdmk4YkVIWDl6NmtlYzIteTJTdnNFNE11ekUya0FfSENnSFU5NjFPVy1kTFZiZUtfWEVWdngtdHB2MXdmQURCTXNrVjE2ZUZRTzBheDRhV1RTNXJwbFpBMWFLY3FtU1ZMTE9kSkd1MllNZWJFTGU2U3dwcjFQcVJGeVNRQ25EUUpzbWVMT0x0YnJ3X2JfM1hPaTVkc0hqdHhxNUVHeHlidmlMc3l0WnVCLUVRbHBLS2xVQktYYnVPeUFneFVmai1penhpTlVzc0JITERFeWpmR1g3VEFtWXpqdTdXa0FvV1haUlFFSFk?oc=5,"<a href=""https://news.google.com/rss/articles/CBMi_wFBVV95cUxQekVHUHBXOThCQ0dsN1djNVdvdmk4YkVIWDl6NmtlYzIteTJTdnNFNE11ekUya0FfSENnSFU5NjFPVy1kTFZiZUtfWEVWdngtdHB2MXdmQURCTXNrVjE2ZUZRTzBheDRhV1RTNXJwbFpBMWFLY3FtU1ZMTE9kSkd1MllNZWJFTGU2U3dwcjFQcVJGeVNRQ25EUUpzbWVMT0x0YnJ3X2JfM1hPaTVkc0hqdHhxNUVHeHlidmlMc3l0WnVCLUVRbHBLS2xVQktYYnVPeUFneFVmai1penhpTlVzc0JITERFeWpmR1g3VEFtWXpqdTdXa0FvV1haUlFFSFk?oc=5"" target=""_blank"">""On est très inquiets"": l'ouverture d'un McDonald's près d'un collège fait débat dans une commune des Alpes-Maritimes</a>&nbsp;&nbsp;<font color=""#6f6f6f"">BFM</font>","""ouverture"" restaurant OR hôtel OR bar Alpes-Maritimes",À qualifier,False
e6fd50918777c60e0213,2026-08-31T11:46:15Z,2025-10-15,06-83-MC,Région,Urbanisme,Nice : derniers rebondissements pour la Visitation - Tribuca.net,Tribuca.net,https://news.google.com/rss/articles/CBMikwFBVV95cUxQc2dWd3ZqclRCSTJRcFl2RGRSZWszallLakV0WjJSSHh0WVBEVlA2WlB1Z0wyWUVoeG5WMnFtamxpdE5JemIxVm11ek5Zb2hUNzdQSXNneG1zYWJFblhFXzdDZENlQWRCYlA4RmhkSktmbEllYlltTUNSX0drX0xOanZyYjUzZlMwcUl1NEU3ZHFoU2M?oc=5,"<a href=""https://news.google.com/rss/articles/CBMikwFBVV95cUxQc2dWd3ZqclRCSTJRcFl2RGRSZWszallLakV0WjJSSHh0WVBEVlA2WlB1Z0wyWUVoeG5WMnFtamxpdE5JemIxVm11ek5Zb2hUNzdQSXNneG1zYWJFblhFXzdDZENlQWRCYlA4RmhkSktmbEllYlltTUNSX0drX0xOanZyYjUzZlMwcUl1NEU3ZHFoU2M?oc=5"" target=""_blank"">Nice : derniers rebondissements pour la Visitation</a>&nbsp;&nbsp;<font color=""#6f6f6f"">Tribuca.net</font>","""permis de construire"" hôtel OR restaurant Côte d’Azur",À qualifier,False
e8e7eecd9aeb5320567a,2026-08-10T06:52:26Z,2025-10-15,06-83-MC,Région,Urbanisme,Un McDonald’s tout près de son collège : cette commune française dit non - Ouest-France,Ouest-France,https://news.google.com/rss/articles/CBMihwJBVV95cUxNQWp1aF9SbGk0ZUpEeVFmdWVkVWJia09YZi1nSjY3TC01eVgxRzhMMHlTQ1JqbWl1SFJmb2QzcVAwRThQYXJJM3NlaVZPZ1NqU29oYnpvbzd2amtLS3VxMVVwMFZGb0N2QUY2T0lUWkthYmZ4V0RzYXV0X2t0aVl5Y0RLaEh2cjQxamVKOVZPV0NQTkVLWkstTF80cEpreWdycGJ4NWJEZ0xrbG42blE4TVh0dUQ5QlBVNVd0cE0xMGh2MThSZ1RVb0hfbENaNVRmNXBOd1JjakJJT19zR3dtc1p2ak5MWjY1aDg4dWxQVFRNRDQydU5ESnEzQ1NzeWhSandDY2Q2aw?oc=5,"<a href=""https://news.google.com/rss/articles/CBMihwJBVV95cUxNQWp1aF9SbGk0ZUpEeVFmdWVkVWJia09YZi1nSjY3TC01eVgxRzhMMHlTQ1JqbWl1SFJmb2QzcVAwRThQYXJJM3NlaVZPZ1NqU29oYnpvbzd2amtLS3VxMVVwMFZGb0N2QUY2T0lUWkthYmZ4V0RzYXV0X2t0aVl5Y0RLaEh2cjQxamVKOVZPV0NQTkVLWkstTF80cEpreWdycGJ4NWJEZ0xrbG42blE4TVh0dUQ5QlBVNVd0cE0xMGh2MThSZ1RVb0hfbENaNVRmNXBOd1JjakJJT19zR3dtc1p2ak5MWjY1aDg4dWxQVFRNRDQydU5ESnEzQ1NzeWhSandDY2Q2aw?oc=5"" target=""_blank"">Un McDonald’s tout près de son collège : cette commune française dit non</a>&nbsp;&nbsp;<font color=""#6f6f6f"">Ouest-France</font>","""permis de construire"" hôtel OR restaurant Côte d’Azur",À qualifier,False
5ba43897c87cf9a37aa8,2026-08-31T11:46:15Z,2025-10-05,MC,Monaco,Monaco,Restaurant Anahi Monaco : tout feu tout flamme ! - Nice Premium,Nice Premium,https://news.google.com/rss/articles/CBMiigFBVV95cUxQaHVkZWJRTEtzVmdZaHRmRm1tT19uUk43bEFZMFd5SlBKbUdqWFNVZGZMRFhZbHR0UEtVZGtfYjlJT01mNjBGX05FSkVRckpnczdwN0U3SzRpNjNwZEFmenRKWjA2Y2poZ1BOU0x6ckpmUHIzSzEzZ3RWQ0xHN0lvUm5BTFhqX3NOcHc?oc=5,"<a href=""https://news.google.com/rss/articles/CBMiigFBVV95cUxQaHVkZWJRTEtzVmdZaHRmRm1tT19uUk43bEFZMFd5SlBKbUdqWFNVZGZMRFhZbHR0UEtVZGtfYjlJT01mNjBGX05FSkVRckpnczdwN0U3SzRpNjNwZEFmenRKWjA2Y2poZ1BOU0x6ckpmUHIzSzEzZ3RWQ0xHN0lvUm5BTFhqX3NOcHc?oc=5"" target=""_blank"">Restaurant Anahi Monaco : tout feu tout flamme !</a>&nbsp;&nbsp;<font color=""#6f6f6f"">Nice Premium</font>","""ouverture"" restaurant OR hôtel OR bar Monaco",À qualifier,True
4a4d8544196121e3a9a3,2026-08-17T06:00:55Z,2025-10-04,06,Antibes,Antibes,"Bagarres, malaise, police mobilisée… des tacos à 3 euros provoquent des scènes de cohue partout en France - actu.fr",actu.fr,https://news.google.com/rss/articles/CBMi2AFBVV95cUxNbTRTdTZaRjI1SUtQdG1scjdVNUZfX0s3dmpnVGptT1gwb0JDcm8wdE1qUlR2UnI0aTVJRmNIM0ktMVhLZFF4T3NGS3pGdUR0anlCbjhlZG1fRlhsWEVGeVduU3ByZDJiVEtLb0tKWlVXSDZtR3hHaEgyRUpneDRhejN6NFROV1V2RzFQLXoyN3FNUVBvTXd3Ul9QUHd5am9ad3VqTGVJWnFLYUtNQTlCc3VrdWlxSGpicHRZTERNM0VDUkNYdTUxakpaY3hZNTRjbnZReF90a1E?oc=5,"<a href=""https://news.google.com/rss/articles/CBMi2AFBVV95cUxNbTRTdTZaRjI1SUtQdG1scjdVNUZfX0s3dmpnVGptT1gwb0JDcm8wdE1qUlR2UnI0aTVJRmNIM0ktMVhLZFF4T3NGS3pGdUR0anlCbjhlZG1fRlhsWEVGeVduU3ByZDJiVEtLb0tKWlVXSDZtR3hHaEgyRUpneDRhejN6NFROV1V2RzFQLXoyN3FNUVBvTXd3Ul9QUHd5am9ad3VqTGVJWnFLYUtNQTlCc3VrdWlxSGpicHRZTERNM0VDUkNYdTUxakpaY3hZNTRjbnZReF90a1E?oc=5"" target=""_blank"">Bagarres, malaise, police mobilisée… des tacos à 3 euros provoquent des scènes de cohue partout en France</a>&nbsp;&nbsp;<font color=""#6f6f6f"">actu.fr</font>","""ouverture"" restaurant OR hôtel OR bar Antibes",À qualifier,False
45ccab8d63fd507f90d6,2026-08-10T06:52:26Z,2025-10-04,06,Antibes,Antibes,"Bagarres, malaise, police mobilisée… des tacos à 3 euros provoquent des scènes de cohue partout en France - Actu.fr",Actu.fr,https://news.google.com/rss/articles/CBMi2AFBVV95cUxNbTRTdTZaRjI1SUtQdG1scjdVNUZfX0s3dmpnVGptT1gwb0JDcm8wdE1qUlR2UnI0aTVJRmNIM0ktMVhLZFF4T3NGS3pGdUR0anlCbjhlZG1fRlhsWEVGeVduU3ByZDJiVEtLb0tKWlVXSDZtR3hHaEgyRUpneDRhejN6NFROV1V2RzFQLXoyN3FNUVBvTXd3Ul9QUHd5am9ad3VqTGVJWnFLYUtNQTlCc3VrdWlxSGpicHRZTERNM0VDUkNYdTUxakpaY3hZNTRjbnZReF90a1E?oc=5,"<a href=""https://news.google.com/rss/articles/CBMi2AFBVV95cUxNbTRTdTZaRjI1SUtQdG1scjdVNUZfX0s3dmpnVGptT1gwb0JDcm8wdE1qUlR2UnI0aTVJRmNIM0ktMVhLZFF4T3NGS3pGdUR0anlCbjhlZG1fRlhsWEVGeVduU3ByZDJiVEtLb0tKWlVXSDZtR3hHaEgyRUpneDRhejN6NFROV1V2RzFQLXoyN3FNUVBvTXd3Ul9QUHd5am9ad3VqTGVJWnFLYUtNQTlCc3VrdWlxSGpicHRZTERNM0VDUkNYdTUxakpaY3hZNTRjbnZReF90a1E?oc=5"" target=""_blank"">Bagarres, malaise, police mobilisée… des tacos à 3 euros provoquent des scènes de cohue partout en France</a>&nbsp;&nbsp;<font color=""#6f6f6f"">Actu.fr</font>","""ouverture"" restaurant OR hôtel OR bar Antibes",À qualifier,False
61096d469287ba44af26,2026-08-17T06:00:55Z,2025-10-02,06-83-MC,Région,Urbanisme,Près de Nice. Cet énorme projet immobilier validé par la justice malgré les alertes - actu.fr,actu.fr,https://news.google.com/rss/articles/CBMi9gFBVV95cUxNbUtWWUNfN240UzVCYzFMaEhtSnBpd1IxWDRmdWFjeEVGMnFvQTJiSFFwTWwtelVRQkw4T1JDb3hLUjRLVUZLQW1xS1BXblVDTnNjanduRkFoRVcyY2txTkJudWVVaDZzZ2lZc3RleFV4UkUySmt6dGxxLWtVbFRRWVhDNWRDTHJvTFBQeW1sOU9mbE5yM09zMnZaQ0NuM1JNWVVUWTZmbTVhVm5oWUVCRTFPZlhnV3BneTBaNW9xcmVNVlp4MHlJSnZnZjR4M0tBZHJmQTk3eE9HcGxsREt0aEN2UWhYdmYxbjgycV9EMWllaDdnekE?oc=5,"<a href=""https://news.google.com/rss/articles/CBMi9gFBVV95cUxNbUtWWUNfN240UzVCYzFMaEhtSnBpd1IxWDRmdWFjeEVGMnFvQTJiSFFwTWwtelVRQkw4T1JDb3hLUjRLVUZLQW1xS1BXblVDTnNjanduRkFoRVcyY2txTkJudWVVaDZzZ2lZc3RleFV4UkUySmt6dGxxLWtVbFRRWVhDNWRDTHJvTFBQeW1sOU9mbE5yM09zMnZaQ0NuM1JNWVVUWTZmbTVhVm5oWUVCRTFPZlhnV3BneTBaNW9xcmVNVlp4MHlJSnZnZjR4M0tBZHJmQTk3eE9HcGxsREt0aEN2UWhYdmYxbjgycV9EMWllaDdnekE?oc=5"" target=""_blank"">Près de Nice. Cet énorme projet immobilier validé par la justice malgré les alertes</a>&nbsp;&nbsp;<font color=""#6f6f6f"">actu.fr</font>","""permis de construire"" hôtel OR restaurant Côte d’Azur",À qualifier,False
352af258d7c9b3870e8a,2026-08-31T11:46:15Z,2025-09-29,83,Var,CHR général,Fantômes à l'Hôtel départemental des expositions du Var - Du 21/06/2025 au 29/09/2025 - Draguignan - frequence-sud.fr,frequence-sud.fr,https://news.google.com/rss/articles/CBMirAFBVV95cUxQRTJqaWhUWVZSY25KaVV5VkNuZ2t5LUhmb2o3SlF1dFlyN3dpamhsX2N5bUQxQ0JEczZ4c3FMZ3h1N2VibERWLW9ValZTS0F2YnNCaDJkc2dULTE1OGljRURhRXhfcVZKMGs1UDZ6bmxKM0h5ZTRnRlVtNGVrNGRFMElrSXFHMk5mWmRzSll1cm9OVWFndnN0M3R5cWlzR3RPVWtweUhXYnpSX0VG?oc=5,"<a href=""https://news.google.com/rss/articles/CBMirAFBVV95cUxQRTJqaWhUWVZSY25KaVV5VkNuZ2t5LUhmb2o3SlF1dFlyN3dpamhsX2N5bUQxQ0JEczZ4c3FMZ3h1N2VibERWLW9ValZTS0F2YnNCaDJkc2dULTE1OGljRURhRXhfcVZKMGs1UDZ6bmxKM0h5ZTRnRlVtNGVrNGRFMElrSXFHMk5mWmRzSll1cm9OVWFndnN0M3R5cWlzR3RPVWtweUhXYnpSX0VG?oc=5"" target=""_blank"">Fantômes à l'Hôtel départemental des expositions du Var - Du 21/06/2025 au 29/09/2025 - Draguignan</a>&nbsp;&nbsp;<font color=""#6f6f6f"">frequence-sud.fr</font>","""ouverture"" restaurant OR hôtel OR bar Var",À qualifier,False
ffc4cf961a8ffb3fe9ce,2026-08-31T11:46:15Z,2025-09-22,06-83-MC,Région,Urbanisme,"A Sainte-Maxime, l’hôtel Golf Plaza réhabilité d’ici deux ans - mesinfos",mesinfos,https://news.google.com/rss/articles/CBMisgFBVV95cUxQLW9GbmZvWENGdkFac2h5eFBORTNSVWdWSDdFWVVoVjYtWEVaMUIxb1g4WnBIWnlKbzAwc2pwM1U5bV9TWXVlUGNIS25tQTl4SUtPQUh2Z21ZclgtT0hjMnF2MUV3QVo4enpyeDcwQ0t0TjlvVkJBMExrSG9FTjFNTkdodXJSbGtaaG5Na2FQdHE5U1JwR09zakhJd2p5aWZjbU5fRTVfY001WXhIQ1RzV3pR?oc=5,"<a href=""https://news.google.com/rss/articles/CBMisgFBVV95cUxQLW9GbmZvWENGdkFac2h5eFBORTNSVWdWSDdFWVVoVjYtWEVaMUIxb1g4WnBIWnlKbzAwc2pwM1U5bV9TWXVlUGNIS25tQTl4SUtPQUh2Z21ZclgtT0hjMnF2MUV3QVo4enpyeDcwQ0t0TjlvVkJBMExrSG9FTjFNTkdodXJSbGtaaG5Na2FQdHE5U1JwR09zakhJd2p5aWZjbU5fRTVfY001WXhIQ1RzV3pR?oc=5"" target=""_blank"">A Sainte-Maxime, l’hôtel Golf Plaza réhabilité d’ici deux ans</a>&nbsp;&nbsp;<font color=""#6f6f6f"">mesinfos</font>","""permis de construire"" hôtel OR restaurant Côte d’Azur",À qualifier,False
c0389c150e2eb833a948,2026-08-24T06:04:16Z,2025-09-20,MC,Monaco,Monaco,"Journées du Patrimoine 2025 à Paris : l'Hôtel de Monaco, résidence de l'ambassadeur de Pologne - Sortir à Paris",Sortir à Paris,https://news.google.com/rss/articles/CBMi5AFBVV95cUxNa295NS1kRFR2OHpLY2pIZ1RxRERtQ2lKbnNhSmxVa21oMlBTZGNRSHVZT2FsWlRhZkhMcUdqLXM4bnpZclZ2MHRjZTc1RzN3WWNGcHdsbDJCU1JHUFFRWWlhOVlrV3JvbTlOUnZ2ektsMEhldVd1cTZ0N0x1VlJlNjJhRlo3WmM4N2xpalF1TEF5U1VRaVpxcEtIRDhPZXE2MFNJS2EwYUIxRE9HNGpLeDZKOEpVcnhYSWpCQ3c0V181VU1udmhXYzVacWZuXzh2ZE9FUU5kcHRxTjZocmRUM1o1S2Q?oc=5,"<a href=""https://news.google.com/rss/articles/CBMi5AFBVV95cUxNa295NS1kRFR2OHpLY2pIZ1RxRERtQ2lKbnNhSmxVa21oMlBTZGNRSHVZT2FsWlRhZkhMcUdqLXM4bnpZclZ2MHRjZTc1RzN3WWNGcHdsbDJCU1JHUFFRWWlhOVlrV3JvbTlOUnZ2ektsMEhldVd1cTZ0N0x1VlJlNjJhRlo3WmM4N2xpalF1TEF5U1VRaVpxcEtIRDhPZXE2MFNJS2EwYUIxRE9HNGpLeDZKOEpVcnhYSWpCQ3c0V181VU1udmhXYzVacWZuXzh2ZE9FUU5kcHRxTjZocmRUM1o1S2Q?oc=5"" target=""_blank"">Journées du Patrimoine 2025 à Paris : l'Hôtel de Monaco, résidence de l'ambassadeur de Pologne</a>&nbsp;&nbsp;<font color=""#6f6f6f"">Sortir à Paris</font>","""ouverture"" restaurant OR hôtel OR bar Monaco",À qualifier,False
d20afa1a274256226c73,2026-08-24T06:04:16Z,2025-09-09,83,Fréjus Saint-Raphaël,Est Var,"A Fréjus, le bar de nuit Le Calypso achève une première saison estivale intense - Business & Marchés",Business & Marchés,https://news.google.com/rss/articles/CBMinAFBVV95cUxPbEVsZzlWeEVFWlFYckxDc1lRWEVGV2VzUlVwM2FKNmphcWQ5NklEanl3NlIwX2hOSnBnNVgzaHBhV3gwU21qd05yNnVyOU00RUdxaEZlRElTSlZKdE05dkU2aDNEZnVBSS1aRDRoMXl3SlZpV0dUMUtGLWYteldtbGFQLVpYdXlUeWRqVEZZbm5ZQklyVXdraU9KVVc?oc=5,"<a href=""https://news.google.com/rss/articles/CBMinAFBVV95cUxPbEVsZzlWeEVFWlFYckxDc1lRWEVGV2VzUlVwM2FKNmphcWQ5NklEanl3NlIwX2hOSnBnNVgzaHBhV3gwU21qd05yNnVyOU00RUdxaEZlRElTSlZKdE05dkU2aDNEZnVBSS1aRDRoMXl3SlZpV0dUMUtGLWYteldtbGFQLVpYdXlUeWRqVEZZbm5ZQklyVXdraU9KVVc?oc=5"" target=""_blank"">A Fréjus, le bar de nuit Le Calypso achève une première saison estivale intense</a>&nbsp;&nbsp;<font color=""#6f6f6f"">Business & Marchés</font>","""ouverture"" restaurant OR hôtel Fréjus Saint-Raphaël",À qualifier,False
eaef88ab3fd339f4ab73,2026-08-24T06:04:16Z,2025-09-04,83,Saint-Tropez,Saint-Tropez,"Nicola Canuti, Hôtel Byblos – Saint-Tropez (83) : l’éloge de la simplicité - lechef.com",lechef.com,https://news.google.com/rss/articles/CBMilAFBVV95cUxNSnRaZGhmTVpOYnFaTFoycENJQnlJM1B0clZFRGxWNVlDYi1jREQtYm5XSzFkM0dsN1NVbmgyZnR3Mnp0dzlpTlNEeWJ2dmE5cTdzb2otbmdYN193ekZuMkNQaFRhV0dsT091NTlmVDFMYXN5eDF6WUlDVHNxc1RNMFNMZDI3VEc3YXA2NVh0Q1RFUlFh?oc=5,"<a href=""https://news.google.com/rss/articles/CBMilAFBVV95cUxNSnRaZGhmTVpOYnFaTFoycENJQnlJM1B0clZFRGxWNVlDYi1jREQtYm5XSzFkM0dsN1NVbmgyZnR3Mnp0dzlpTlNEeWJ2dmE5cTdzb2otbmdYN193ekZuMkNQaFRhV0dsT091NTlmVDFMYXN5eDF6WUlDVHNxc1RNMFNMZDI3VEc3YXA2NVh0Q1RFUlFh?oc=5"" target=""_blank"">Nicola Canuti, Hôtel Byblos – Saint-Tropez (83) : l’éloge de la simplicité</a>&nbsp;&nbsp;<font color=""#6f6f6f"">lechef.com</font>","""ouverture"" restaurant OR plage OR hôtel Saint-Tropez",À qualifier,False
e3f88efb26a98083f1d0,2026-08-31T11:46:15Z,2025-09-03,83,Toulon,Toulon,"Shanael (Toulon), nouvelle table gastronomique signée Anthony Denon - Bouillantes",Bouillantes,https://news.google.com/rss/articles/CBMikwFBVV95cUxPbmtYZWNsZEQ5dDZ0WFpWUm5MX1hhQ1U4ZTV3YzFtMXhPNGV6UFBWbHNCOGo4eUtxTkladTMzWnVYaXlpemRkNDVRWVNIOTAtRVYxeDFSRVJNVEdaSHc3TjZ0dVF3U2NGTnZzY0hxdklyeGRxck5aTXUtOG9Ocl9hRDBGdWNVZDZfUzlQa2Z4Y014cU0?oc=5,"<a href=""https://news.google.com/rss/articles/CBMikwFBVV95cUxPbmtYZWNsZEQ5dDZ0WFpWUm5MX1hhQ1U4ZTV3YzFtMXhPNGV6UFBWbHNCOGo4eUtxTkladTMzWnVYaXlpemRkNDVRWVNIOTAtRVYxeDFSRVJNVEdaSHc3TjZ0dVF3U2NGTnZzY0hxdklyeGRxck5aTXUtOG9Ocl9hRDBGdWNVZDZfUzlQa2Z4Y014cU0?oc=5"" target=""_blank"">Shanael (Toulon), nouvelle table gastronomique signée Anthony Denon</a>&nbsp;&nbsp;<font color=""#6f6f6f"">Bouillantes</font>","""ouverture"" restaurant OR bar OR hôtel Toulon",À qualifier,False
e8614497bf0aba2c3f04,2026-08-31T11:46:15Z,2025-09-03,83,Hyères,Hyères,Hyères : le lycée Golf Hôtel prépare la rentrée dans ses futurs locaux - mesinfos,mesinfos,https://news.google.com/rss/articles/CBMitgFBVV95cUxOZGlnaFRPR0FuMUt5VW9aN0Y0eDU2XzMxZUNlMjg5SkoxZnJQYUNUNEVaTE5IQ3hCdUFtU0xvVElsMnVGc1BwYmxnWnNmb200Z3hvaEN2TzRqS0lCR0ZVMF9QWEVHWGV2NlVhQThGUWNZME9vY1ZUZWUzS3BDek4xWUtaNzVISm1PUVdYZldPWmVoSXRfQU9Qb2JHeW9fcTg4TEhWaVhiZW43QURReE5FQWVBNVZ1Zw?oc=5,"<a href=""https://news.google.com/rss/articles/CBMitgFBVV95cUxOZGlnaFRPR0FuMUt5VW9aN0Y0eDU2XzMxZUNlMjg5SkoxZnJQYUNUNEVaTE5IQ3hCdUFtU0xvVElsMnVGc1BwYmxnWnNmb200Z3hvaEN2TzRqS0lCR0ZVMF9QWEVHWGV2NlVhQThGUWNZME9vY1ZUZWUzS3BDek4xWUtaNzVISm1PUVdYZldPWmVoSXRfQU9Qb2JHeW9fcTg4TEhWaVhiZW43QURReE5FQWVBNVZ1Zw?oc=5"" target=""_blank"">Hyères : le lycée Golf Hôtel prépare la rentrée dans ses futurs locaux</a>&nbsp;&nbsp;<font color=""#6f6f6f"">mesinfos</font>","""ouverture"" restaurant OR plage OR hôtel Hyères",À qualifier,False
31b1a0db99e611ee7b27,2026-08-24T06:04:16Z,2025-09-03,83,Hyères,Hyères,"Prévu pour la rentrée 2026, le nouveau lycée professionnel de Hyères prend forme - www.lamarseillaise.fr",www.lamarseillaise.fr,https://news.google.com/rss/articles/CBMixwFBVV95cUxNalpEOXRhNG9MTmRxYW51cnBRWmEtZS1KeFhkbmFRUmRjSFdpMlBRTGpma01wVm5uSWtJamx0RE13UzU0bU9zY3Q4XzdLUzRzSHdlVG1iOEg0N043TFFQdnJhbnRkNGZwdXJmUmRyVHZ2ZVNTaGxQYndOQWd3TThJRzVwaFlKWkZSX2ZGand1UW9JdjBfaGpudmtvLXRkNnoteDhST0ZNMmNxeENSb3Jpd1oxSzFhTXRCMExfMFlJRy1WSTlJV0hv?oc=5,"<a href=""https://news.google.com/rss/articles/CBMixwFBVV95cUxNalpEOXRhNG9MTmRxYW51cnBRWmEtZS1KeFhkbmFRUmRjSFdpMlBRTGpma01wVm5uSWtJamx0RE13UzU0bU9zY3Q4XzdLUzRzSHdlVG1iOEg0N043TFFQdnJhbnRkNGZwdXJmUmRyVHZ2ZVNTaGxQYndOQWd3TThJRzVwaFlKWkZSX2ZGand1UW9JdjBfaGpudmtvLXRkNnoteDhST0ZNMmNxeENSb3Jpd1oxSzFhTXRCMExfMFlJRy1WSTlJV0hv?oc=5"" target=""_blank"">Prévu pour la rentrée 2026, le nouveau lycée professionnel de Hyères prend forme</a>&nbsp;&nbsp;<font color=""#6f6f6f"">www.lamarseillaise.fr</font>","""ouverture"" restaurant OR plage OR hôtel Hyères",À qualifier,False
8060fff57f0f281fb90b,2026-08-31T11:46:15Z,2025-08-29,83,Fréjus Saint-Raphaël,Est Var,"Les cocktails qui ont marqué l’été sur la plage de L’Amista, à Fréjus - Business & Marchés",Business & Marchés,https://news.google.com/rss/articles/CBMijgFBVV95cUxPLTBtUXBQWGdPWkdPdjRTYVVoQTBnaEhTNnlCdFdkbkFULVQ2YW9IeG5UUmdhU0llQnpVbzJOQXlWZlZnS3dYc2hRZUZGY0d4N0xXclFjTFN3TXRFMml4UUYtZ3U2VDMwMFRrQ1Z0X0t4MlUzamgzY0RQMzBtS0NsTm52eF9TR3NUNlJpLTZR?oc=5,"<a href=""https://news.google.com/rss/articles/CBMijgFBVV95cUxPLTBtUXBQWGdPWkdPdjRTYVVoQTBnaEhTNnlCdFdkbkFULVQ2YW9IeG5UUmdhU0llQnpVbzJOQXlWZlZnS3dYc2hRZUZGY0d4N0xXclFjTFN3TXRFMml4UUYtZ3U2VDMwMFRrQ1Z0X0t4MlUzamgzY0RQMzBtS0NsTm52eF9TR3NUNlJpLTZR?oc=5"" target=""_blank"">Les cocktails qui ont marqué l’été sur la plage de L’Amista, à Fréjus</a>&nbsp;&nbsp;<font color=""#6f6f6f"">Business & Marchés</font>","""ouverture"" restaurant OR hôtel Fréjus Saint-Raphaël",À qualifier,False
50fc19691ce4df3b4077,2026-08-17T06:00:55Z,2025-08-21,MC,Monaco,Monaco,"Cédric Grolet, nouveau prince monégasque - Zepros Restauration",Zepros Restauration,https://news.google.com/rss/articles/CBMimwFBVV95cUxOS1F3TXRCSmRiSE9yWmZkanRXcGYxaVU5eUpMVTc1UDBWM0Jlb0hENHBpQmxvNExDa01ycV9BNmRMYUd4LXJtV0V2Z0RmQ1NMNGxTT0YxakJZalZKRVowWVBxd2dNSzZabm4wR1JyelF0RzJidHpfT2RBVzFOdTI2dlVvYkgzMWFDN1o3MlVpaVQ1V1prU2RBdDA4dw?oc=5,"<a href=""https://news.google.com/rss/articles/CBMimwFBVV95cUxOS1F3TXRCSmRiSE9yWmZkanRXcGYxaVU5eUpMVTc1UDBWM0Jlb0hENHBpQmxvNExDa01ycV9BNmRMYUd4LXJtV0V2Z0RmQ1NMNGxTT0YxakJZalZKRVowWVBxd2dNSzZabm4wR1JyelF0RzJidHpfT2RBVzFOdTI2dlVvYkgzMWFDN1o3MlVpaVQ1V1prU2RBdDA4dw?oc=5"" target=""_blank"">Cédric Grolet, nouveau prince monégasque</a>&nbsp;&nbsp;<font color=""#6f6f6f"">Zepros Restauration</font>","""ouverture"" restaurant OR hôtel OR bar Monaco",À qualifier,False
960285ac79fb647468cc,2026-08-31T11:46:15Z,2025-07-23,06,Alpes-Maritimes,CHR général,"Après Jean Médecin, la remontada de Quick à Nice passe par Lingostière - Tribuca.net",Tribuca.net,https://news.google.com/rss/articles/CBMirAFBVV95cUxPdFlnV0pjLWJ3U3BWMjM0Z2JIalVWTnBocjN0RGsyNlRISkZDaWpTZ3lwYkhueXlxN19DanBPTkhVZk9jdzBPbnd5VnFHWmdPdU14RkFZX3A1Vk5nVl9ZOUlvdHZoYW1IaFFOY0N4MWxuUDdHUmVjd09jNVB6SXhKZThoWjB1TXZHUW5pNVlOMnNYSVpMOUZGVEZQRllTR3dGWGcweDBPVDJ0ZUZG?oc=5,"<a href=""https://news.google.com/rss/articles/CBMirAFBVV95cUxPdFlnV0pjLWJ3U3BWMjM0Z2JIalVWTnBocjN0RGsyNlRISkZDaWpTZ3lwYkhueXlxN19DanBPTkhVZk9jdzBPbnd5VnFHWmdPdU14RkFZX3A1Vk5nVl9ZOUlvdHZoYW1IaFFOY0N4MWxuUDdHUmVjd09jNVB6SXhKZThoWjB1TXZHUW5pNVlOMnNYSVpMOUZGVEZQRllTR3dGWGcweDBPVDJ0ZUZG?oc=5"" target=""_blank"">Après Jean Médecin, la remontada de Quick à Nice passe par Lingostière</a>&nbsp;&nbsp;<font color=""#6f6f6f"">Tribuca.net</font>","""ouverture"" restaurant OR hôtel OR bar Alpes-Maritimes",À qualifier,False
f14896d5290f1aeee6bb,2026-08-31T11:46:15Z,2025-07-23,06-83-MC,Région,Recrutement,"À Toulouse, ces restaurants ont trouvé la recette du bonheur : ""On a reçu plus de 50 candidatures en 15 jours"" - Actu.fr",Actu.fr,https://news.google.com/rss/articles/CBMi8gFBVV95cUxNNS11THNJcWdtWnJESFlKdzlUbmxjalZqOVZ2bGZ5Mmwxc0FkeDAyeW5RT3NNc05uajZDVlBkR1VIcS1iX1RRUzA3MlhxOFhpSlgxSm4taHppTGVtY1JEdmtSZnVWUnJrOUNJRF9wc085VDdIczM1eS1PTW11bWt1blE2WlBCb3lvMmtjM2VpajQxMFNaRzIwYVdGSDZUQWJ2X0RhZWRWQU90QzFXbGZFOVBDRDdWVGdReFJOSjdHcXZzSXlvd1pyNENabHpwbzdYeTdvNTFnd0ptSDFQUDNGY0czNGhsWlBGeTBwNmNtSjNPZw?oc=5,"<a href=""https://news.google.com/rss/articles/CBMi8gFBVV95cUxNNS11THNJcWdtWnJESFlKdzlUbmxjalZqOVZ2bGZ5Mmwxc0FkeDAyeW5RT3NNc05uajZDVlBkR1VIcS1iX1RRUzA3MlhxOFhpSlgxSm4taHppTGVtY1JEdmtSZnVWUnJrOUNJRF9wc085VDdIczM1eS1PTW11bWt1blE2WlBCb3lvMmtjM2VpajQxMFNaRzIwYVdGSDZUQWJ2X0RhZWRWQU90QzFXbGZFOVBDRDdWVGdReFJOSjdHcXZzSXlvd1pyNENabHpwbzdYeTdvNTFnd0ptSDFQUDNGY0czNGhsWlBGeTBwNmNtSjNPZw?oc=5"" target=""_blank"">À Toulouse, ces restaurants ont trouvé la recette du bonheur : ""On a reçu plus de 50 candidatures en 15 jours""</a>&nbsp;&nbsp;<font color=""#6f6f6f"">Actu.fr</font>","recrute ""responsable de bar"" OR ""chef de rang"" ouverture Côte d’Azur",À qualifier,False
5b443b5bb38b802b052f,2026-08-17T06:00:55Z,2025-07-23,06-83-MC,Région,Recrutement,"À Toulouse, ces restaurants ont trouvé la recette du bonheur : ""On a reçu plus de 50 candidatures en 15 jours"" - actu.fr",actu.fr,https://news.google.com/rss/articles/CBMi8gFBVV95cUxNNS11THNJcWdtWnJESFlKdzlUbmxjalZqOVZ2bGZ5Mmwxc0FkeDAyeW5RT3NNc05uajZDVlBkR1VIcS1iX1RRUzA3MlhxOFhpSlgxSm4taHppTGVtY1JEdmtSZnVWUnJrOUNJRF9wc085VDdIczM1eS1PTW11bWt1blE2WlBCb3lvMmtjM2VpajQxMFNaRzIwYVdGSDZUQWJ2X0RhZWRWQU90QzFXbGZFOVBDRDdWVGdReFJOSjdHcXZzSXlvd1pyNENabHpwbzdYeTdvNTFnd0ptSDFQUDNGY0czNGhsWlBGeTBwNmNtSjNPZw?oc=5,"<a href=""https://news.google.com/rss/articles/CBMi8gFBVV95cUxNNS11THNJcWdtWnJESFlKdzlUbmxjalZqOVZ2bGZ5Mmwxc0FkeDAyeW5RT3NNc05uajZDVlBkR1VIcS1iX1RRUzA3MlhxOFhpSlgxSm4taHppTGVtY1JEdmtSZnVWUnJrOUNJRF9wc085VDdIczM1eS1PTW11bWt1blE2WlBCb3lvMmtjM2VpajQxMFNaRzIwYVdGSDZUQWJ2X0RhZWRWQU90QzFXbGZFOVBDRDdWVGdReFJOSjdHcXZzSXlvd1pyNENabHpwbzdYeTdvNTFnd0ptSDFQUDNGY0czNGhsWlBGeTBwNmNtSjNPZw?oc=5"" target=""_blank"">À Toulouse, ces restaurants ont trouvé la recette du bonheur : ""On a reçu plus de 50 candidatures en 15 jours""</a>&nbsp;&nbsp;<font color=""#6f6f6f"">actu.fr</font>","recrute ""responsable de bar"" OR ""chef de rang"" ouverture Côte d’Azur",À qualifier,False
30b1a2e6d73158fd16e6,2026-08-31T11:46:15Z,2025-07-15,83,Var,CHR général,"Saint-Laurent du Var. Playamesa, son bar, son restaurant, sa plage... - pariscotedazur.fr",pariscotedazur.fr,https://news.google.com/rss/articles/CBMiW0FVX3lxTE0tLUxTQ1FVQW82ekd3dEZXMTdyYjhuWmRGeGpCTjNwYkctNUNxdEtheTFZTk8xN3VyTWVRUDVrOFQ3VnJvdTlEQmFVQ3JNTXJLaENHTjZKN0VYZ3M?oc=5,"<a href=""https://news.google.com/rss/articles/CBMiW0FVX3lxTE0tLUxTQ1FVQW82ekd3dEZXMTdyYjhuWmRGeGpCTjNwYkctNUNxdEtheTFZTk8xN3VyTWVRUDVrOFQ3VnJvdTlEQmFVQ3JNTXJLaENHTjZKN0VYZ3M?oc=5"" target=""_blank"">Saint-Laurent du Var. Playamesa, son bar, son restaurant, sa plage...</a>&nbsp;&nbsp;<font color=""#6f6f6f"">pariscotedazur.fr</font>","""ouverture"" restaurant OR hôtel OR bar Var",À qualifier,False
3e5fbff0ed6529b98a0b,2026-08-31T11:46:15Z,2025-07-09,MC,Monaco,Monaco,Alfred Hotels inaugure un nouvel établissement à Monaco - L'Hôtellerie Restauration,L'Hôtellerie Restauration,https://news.google.com/rss/articles/CBMiqAFBVV95cUxPYnFwT19FdGtzQV9VLVhyOGNQWXFjWU9ZYmJpbm8yRXhMdXZsbXZlak1aS2w4TDc4N3puNHJRczJtWjdDRE9vVXpLVnVHclVFeTUwNjd5Szl5T2NOM1RrMGZwaFRBVE9pRGJkcnU2RzBYNFAzbWdkSmx4UGE2Q2h5aUMza1E4SjdDSGxWQjlkbjF2ZGt5czRKWGRpNlZtMUhxYWVENHRCdzY?oc=5,"<a href=""https://news.google.com/rss/articles/CBMiqAFBVV95cUxPYnFwT19FdGtzQV9VLVhyOGNQWXFjWU9ZYmJpbm8yRXhMdXZsbXZlak1aS2w4TDc4N3puNHJRczJtWjdDRE9vVXpLVnVHclVFeTUwNjd5Szl5T2NOM1RrMGZwaFRBVE9pRGJkcnU2RzBYNFAzbWdkSmx4UGE2Q2h5aUMza1E4SjdDSGxWQjlkbjF2ZGt5czRKWGRpNlZtMUhxYWVENHRCdzY?oc=5"" target=""_blank"">Alfred Hotels inaugure un nouvel établissement à Monaco</a>&nbsp;&nbsp;<font color=""#6f6f6f"">L'Hôtellerie Restauration</font>","""ouverture"" restaurant OR hôtel OR bar Monaco",À qualifier,False
62bf9e6cf53a6235e481,2026-08-31T11:46:15Z,2025-06-23,83,Var,CHR général,L’hôtel et restaurant le Château Rose vient d’ouvrir ses portes à Grimaud dans le Var - TendanceHotellerie,TendanceHotellerie,https://news.google.com/rss/articles/CBMi_wFBVV95cUxNOGpGUFVPTzlONHhFcmtSbE95YUlUNFdfd2hiUXJlQVdRQUtmYV9iWjhvWWtabzdzWlN2eXdfeHhDbU1Cdng0ck9Zdkc0OEkwM2pLcm90Snc1ejJLNTJSMnQtWkpfRnRoZVdSWTBuRl94aWs5SW4zNnh6M1NqNW0xaDIxMk5wcUg1YTNlRDJjdkxKY2ZDRTBqZkFabXg4VEFBemFLMkVqWUZUTWVRWWoxOGZ3eW9qbVJCWmtoM1YxOGhhUUN0YklPTEVEUVllLXgyMW1jR3NFZXJjb2xBME1IMEFwS3dWdzhPNVBIeFRKYlppZHBocS0xR1hTZTIxSXc?oc=5,"<a href=""https://news.google.com/rss/articles/CBMi_wFBVV95cUxNOGpGUFVPTzlONHhFcmtSbE95YUlUNFdfd2hiUXJlQVdRQUtmYV9iWjhvWWtabzdzWlN2eXdfeHhDbU1Cdng0ck9Zdkc0OEkwM2pLcm90Snc1ejJLNTJSMnQtWkpfRnRoZVdSWTBuRl94aWs5SW4zNnh6M1NqNW0xaDIxMk5wcUg1YTNlRDJjdkxKY2ZDRTBqZkFabXg4VEFBemFLMkVqWUZUTWVRWWoxOGZ3eW9qbVJCWmtoM1YxOGhhUUN0YklPTEVEUVllLXgyMW1jR3NFZXJjb2xBME1IMEFwS3dWdzhPNVBIeFRKYlppZHBocS0xR1hTZTIxSXc?oc=5"" target=""_blank"">L’hôtel et restaurant le Château Rose vient d’ouvrir ses portes à Grimaud dans le Var</a>&nbsp;&nbsp;<font color=""#6f6f6f"">TendanceHotellerie</font>","""ouverture"" restaurant OR hôtel OR bar Var",À qualifier,False
23f7fb02f42de78e8dab,2026-08-31T11:46:15Z,2025-06-19,83,Var,CHR général,Var : Le Beauvallon ouvre ses portes au public durant l'été 2025 - tourmag.com,tourmag.com,https://news.google.com/rss/articles/CBMioAFBVV95cUxPUVhfUy1sYmt1VWJQZmthX1dUNnZCR0hTb2JQUC1WRUNSVUR0M0MybVZjYjdHLU5MY296dXlYd1ByZHNvMUcxQUlUTFBuSmszWUJDdXRja3VvYlc2SXVGeUJhOFhhUWVOaHFnbkZqZFlDcGJyMkRjWnFPbE1ObWtZaEhGUHJnaGFESTB0Mk12a290VnFLUkFJakRkVEVlM3pl?oc=5,"<a href=""https://news.google.com/rss/articles/CBMioAFBVV95cUxPUVhfUy1sYmt1VWJQZmthX1dUNnZCR0hTb2JQUC1WRUNSVUR0M0MybVZjYjdHLU5MY296dXlYd1ByZHNvMUcxQUlUTFBuSmszWUJDdXRja3VvYlc2SXVGeUJhOFhhUWVOaHFnbkZqZFlDcGJyMkRjWnFPbE1ObWtZaEhGUHJnaGFESTB0Mk12a290VnFLUkFJakRkVEVlM3pl?oc=5"" target=""_blank"">Var : Le Beauvallon ouvre ses portes au public durant l'été 2025</a>&nbsp;&nbsp;<font color=""#6f6f6f"">tourmag.com</font>","""ouverture"" restaurant OR hôtel OR bar Var",À qualifier,False
058867d745a9b153fa2a,2026-08-31T11:46:15Z,2025-05-20,06,Antibes,Antibes,La renaissance du Provençal - Antibes Juan-les-Pins,Antibes Juan-les-Pins,https://news.google.com/rss/articles/CBMijwFBVV95cUxPaEd0RlNOUUh1S3prcmhvbzVlRXpzcnRFNGRNaVhudFI0VUEwWWdTOFRoWmNmZnRqcEVIX2l3VUNQMlZtYlBlNmpqVTdZNGxxNk0wZU5VNTFHWUhlSUlMT0NWejlRTnVob3pKRmIzMzhTbnBSUUZ4cmEwM0JiTnBxbW5vOUNWSzBQbE41QTJqMA?oc=5,"<a href=""https://news.google.com/rss/articles/CBMijwFBVV95cUxPaEd0RlNOUUh1S3prcmhvbzVlRXpzcnRFNGRNaVhudFI0VUEwWWdTOFRoWmNmZnRqcEVIX2l3VUNQMlZtYlBlNmpqVTdZNGxxNk0wZU5VNTFHWUhlSUlMT0NWejlRTnVob3pKRmIzMzhTbnBSUUZ4cmEwM0JiTnBxbW5vOUNWSzBQbE41QTJqMA?oc=5"" target=""_blank"">La renaissance du Provençal</a>&nbsp;&nbsp;<font color=""#6f6f6f"">Antibes Juan-les-Pins</font>","""ouverture"" restaurant OR hôtel OR bar Antibes",À qualifier,False
0af34a8b128f1869e793,2026-08-17T06:00:55Z,2025-05-20,06,Antibes,Antibes,La renaissance du Provençal - antibes-juanlespins.com,antibes-juanlespins.com,https://news.google.com/rss/articles/CBMijwFBVV95cUxPaEd0RlNOUUh1S3prcmhvbzVlRXpzcnRFNGRNaVhudFI0VUEwWWdTOFRoWmNmZnRqcEVIX2l3VUNQMlZtYlBlNmpqVTdZNGxxNk0wZU5VNTFHWUhlSUlMT0NWejlRTnVob3pKRmIzMzhTbnBSUUZ4cmEwM0JiTnBxbW5vOUNWSzBQbE41QTJqMA?oc=5,"<a href=""https://news.google.com/rss/articles/CBMijwFBVV95cUxPaEd0RlNOUUh1S3prcmhvbzVlRXpzcnRFNGRNaVhudFI0VUEwWWdTOFRoWmNmZnRqcEVIX2l3VUNQMlZtYlBlNmpqVTdZNGxxNk0wZU5VNTFHWUhlSUlMT0NWejlRTnVob3pKRmIzMzhTbnBSUUZ4cmEwM0JiTnBxbW5vOUNWSzBQbE41QTJqMA?oc=5"" target=""_blank"">La renaissance du Provençal</a>&nbsp;&nbsp;<font color=""#6f6f6f"">antibes-juanlespins.com</font>","""ouverture"" restaurant OR hôtel OR bar Antibes",À qualifier,False
cc30d141d1b31eb0c5d0,2026-08-31T11:46:15Z,2025-05-13,06,Menton,Menton,"Une nuit dans le potager d'un des meilleurs restaurants du monde, un rêve bientôt réalité ! - Time Out Paris",Time Out Paris,https://news.google.com/rss/articles/CBMigwFBVV95cUxNS2R2ODBPdTJOUnQzWFN2TkRRZHBMV0FjN1p6UEJLSnR3c1hzOFVEY1ZrckZqTVVsb1U1Z0Z4am4zUUtlSkNEc1VoZ0FaWjFIMDBPT3R0SzhqV1JjRWJyalIzZEo5aW9TdGlXUm45OWpnbC1XbWd5c2pGcXpETVZtTTVFNA?oc=5,"<a href=""https://news.google.com/rss/articles/CBMigwFBVV95cUxNS2R2ODBPdTJOUnQzWFN2TkRRZHBMV0FjN1p6UEJLSnR3c1hzOFVEY1ZrckZqTVVsb1U1Z0Z4am4zUUtlSkNEc1VoZ0FaWjFIMDBPT3R0SzhqV1JjRWJyalIzZEo5aW9TdGlXUm45OWpnbC1XbWd5c2pGcXpETVZtTTVFNA?oc=5"" target=""_blank"">Une nuit dans le potager d'un des meilleurs restaurants du monde, un rêve bientôt réalité !</a>&nbsp;&nbsp;<font color=""#6f6f6f"">Time Out Paris</font>","""ouverture"" restaurant OR hôtel OR bar Menton",À qualifier,False
309aa2cedc01d1435c7a,2026-08-31T11:46:15Z,2025-05-12,MC,Monaco,Monaco,Le prince Albert II auprès du prince Emmanuel-Philibert pour l'ouverture de son restaurant italien à Monaco - Histoires Royales,Histoires Royales,https://news.google.com/rss/articles/CBMiqwFBVV95cUxOVkdZQjJ4X21NelR1N3haeEhhUktDT2VfVW1KZUNRRUJFTjBzTllGSU5tQzRQNEFTY285REo5dFJhSk5WQkhvZDNXcTF4VTc1Q2xQZ09CNFlCc1hDTUctbW5QS0wycE9ZemVleVpjQklCdW8xUEVzV0E5aHc5VzNXRTZLSG9NUV9nVWwzSTcyaWo1RC1pRDM4UjJFMW0zaHJUaS1ZVUVaVW1nRDA?oc=5,"<a href=""https://news.google.com/rss/articles/CBMiqwFBVV95cUxOVkdZQjJ4X21NelR1N3haeEhhUktDT2VfVW1KZUNRRUJFTjBzTllGSU5tQzRQNEFTY285REo5dFJhSk5WQkhvZDNXcTF4VTc1Q2xQZ09CNFlCc1hDTUctbW5QS0wycE9ZemVleVpjQklCdW8xUEVzV0E5aHc5VzNXRTZLSG9NUV9nVWwzSTcyaWo1RC1pRDM4UjJFMW0zaHJUaS1ZVUVaVW1nRDA?oc=5"" target=""_blank"">Le prince Albert II auprès du prince Emmanuel-Philibert pour l'ouverture de son restaurant italien à Monaco</a>&nbsp;&nbsp;<font color=""#6f6f6f"">Histoires Royales</font>","""ouverture"" restaurant OR hôtel OR bar Monaco",À qualifier,False
0e14dbb54d837395bf03,2026-08-31T11:46:15Z,2025-05-02,06,Alpes-Maritimes,CHR général,"Michelin 2025 : Francesco Fezza, la nouvelle sensation du Château de Théoule - L'Hôtellerie Restauration",L'Hôtellerie Restauration,https://news.google.com/rss/articles/CBMisAFBVV95cUxQU3Y5UjVaSXVOV0tTX1ljY0xQcjRDUzM0Z3dxMm10WWtQNEZ3aUhfNXVYWnl2QmxSMmQ5T3RaUDJMY21GZ0JNNzRpcC1jaXlkenFyZzk5a3hDWG90dzh2N0FDWTI4TTJtel9oQV9uMnpFd3hrUDlfYUViWE5wMjlqSUg2YlBFbzJqelZDV19aUHZSU2RudVg5RHM5VC10VmRDckQ2MXkwSGJ0MXJNaXV4Yw?oc=5,"<a href=""https://news.google.com/rss/articles/CBMisAFBVV95cUxQU3Y5UjVaSXVOV0tTX1ljY0xQcjRDUzM0Z3dxMm10WWtQNEZ3aUhfNXVYWnl2QmxSMmQ5T3RaUDJMY21GZ0JNNzRpcC1jaXlkenFyZzk5a3hDWG90dzh2N0FDWTI4TTJtel9oQV9uMnpFd3hrUDlfYUViWE5wMjlqSUg2YlBFbzJqelZDV19aUHZSU2RudVg5RHM5VC10VmRDckQ2MXkwSGJ0MXJNaXV4Yw?oc=5"" target=""_blank"">Michelin 2025 : Francesco Fezza, la nouvelle sensation du Château de Théoule</a>&nbsp;&nbsp;<font color=""#6f6f6f"">L'Hôtellerie Restauration</font>","""ouverture"" restaurant OR hôtel OR bar Alpes-Maritimes",À qualifier,False
a9de77d49f35d1048de2,2026-08-31T11:46:15Z,2025-04-26,83,Fréjus Saint-Raphaël,Est Var,Les 5 meilleures paillotes autour de Saint-Raphaël - Generation Voyage,Generation Voyage,https://news.google.com/rss/articles/CBMicEFVX3lxTFBVeDRnVHpYRWt6MnNROW1hdzBsWGYtREFSWV9NdHhSSzdmUHVFTWVfQmg3QzhGMXlRdHFSLUNibWRPOWMzc2hieTR5X1YyUUh1WHUwelFRcUtVclhlcE5IQjRkWUFVNG9wQTVRa3BOd3o?oc=5,"<a href=""https://news.google.com/rss/articles/CBMicEFVX3lxTFBVeDRnVHpYRWt6MnNROW1hdzBsWGYtREFSWV9NdHhSSzdmUHVFTWVfQmg3QzhGMXlRdHFSLUNibWRPOWMzc2hieTR5X1YyUUh1WHUwelFRcUtVclhlcE5IQjRkWUFVNG9wQTVRa3BOd3o?oc=5"" target=""_blank"">Les 5 meilleures paillotes autour de Saint-Raphaël</a>&nbsp;&nbsp;<font color=""#6f6f6f"">Generation Voyage</font>","""ouverture"" restaurant OR hôtel Fréjus Saint-Raphaël",À qualifier,False
a2b8a95727d1f0a9b2f1,2026-08-17T06:00:55Z,2025-04-26,83,Fréjus Saint-Raphaël,Est Var,Les 5 meilleures paillotes autour de Saint-Raphaël - generationvoyage.fr,generationvoyage.fr,https://news.google.com/rss/articles/CBMicEFVX3lxTFBVeDRnVHpYRWt6MnNROW1hdzBsWGYtREFSWV9NdHhSSzdmUHVFTWVfQmg3QzhGMXlRdHFSLUNibWRPOWMzc2hieTR5X1YyUUh1WHUwelFRcUtVclhlcE5IQjRkWUFVNG9wQTVRa3BOd3o?oc=5,"<a href=""https://news.google.com/rss/articles/CBMicEFVX3lxTFBVeDRnVHpYRWt6MnNROW1hdzBsWGYtREFSWV9NdHhSSzdmUHVFTWVfQmg3QzhGMXlRdHFSLUNibWRPOWMzc2hieTR5X1YyUUh1WHUwelFRcUtVclhlcE5IQjRkWUFVNG9wQTVRa3BOd3o?oc=5"" target=""_blank"">Les 5 meilleures paillotes autour de Saint-Raphaël</a>&nbsp;&nbsp;<font color=""#6f6f6f"">generationvoyage.fr</font>","""ouverture"" restaurant OR hôtel Fréjus Saint-Raphaël",À qualifier,False
6f6d0fd24386827bf85b,2026-08-17T06:00:55Z,2025-04-15,06,Antibes,Antibes,"Il a été distingué avec son ""Meilleur restaurant du monde"": ce chef renommé débarque dans un nouvel hôtel de luxe près de Nice cet été - Nice-Presse",Nice-Presse,https://news.google.com/rss/articles/CBMi6wFBVV95cUxNajhUSVFlZldScnMwbE5RQUZaQjhFQkliUnVYUUdFRnVKWlZzZU5ILV91aTFGSFJmV0ZmRlRVVzlzNHhIblpwbGxnNEV0Ui16a1RDT0tUX1ItdFl5bHh2YXJUWE5fNkF3YUpMWEZxZmduQXFoM0RhZ08xRTRhUFNiQnd1OFg0N2dKMy1qZ3dHVVdIYTRScU4tb2FneWVLN01aelhsWWxIcFlPbjF6UzZ1TlJQakNJRWhjYldNUGJIdG9DM2t2Rl9Pc05WbndXd0J2LWhnTGZIWmVJLUhEQTZsT2w1a1A4VTJtZ1g0?oc=5,"<a href=""https://news.google.com/rss/articles/CBMi6wFBVV95cUxNajhUSVFlZldScnMwbE5RQUZaQjhFQkliUnVYUUdFRnVKWlZzZU5ILV91aTFGSFJmV0ZmRlRVVzlzNHhIblpwbGxnNEV0Ui16a1RDT0tUX1ItdFl5bHh2YXJUWE5fNkF3YUpMWEZxZmduQXFoM0RhZ08xRTRhUFNiQnd1OFg0N2dKMy1qZ3dHVVdIYTRScU4tb2FneWVLN01aelhsWWxIcFlPbjF6UzZ1TlJQakNJRWhjYldNUGJIdG9DM2t2Rl9Pc05WbndXd0J2LWhnTGZIWmVJLUhEQTZsT2w1a1A4VTJtZ1g0?oc=5"" target=""_blank"">Il a été distingué avec son ""Meilleur restaurant du monde"": ce chef renommé débarque dans un nouvel hôtel de luxe près de Nice cet été</a>&nbsp;&nbsp;<font color=""#6f6f6f"">Nice-Presse</font>","""ouverture"" restaurant OR hôtel OR bar Antibes",À qualifier,False
a0d6342735617c7ae08b,2026-08-31T11:46:15Z,2025-03-25,83,Var,CHR général,Un Mama Shelter ouvrira à Toulon fin 2027 - L'Hôtellerie Restauration,L'Hôtellerie Restauration,https://news.google.com/rss/articles/CBMilgFBVV95cUxOMjdKUnhKTHNNUVVRM1RjUERUTktmZU5IV0l0Z3Q0YWx4QzFPajBxZWhVUXZaMzNfSWVJTFlua0Roa0IwWmh5d0JHZW40Sm5pVENySlM5YzhyTXdicTlYQzhrT0ZVb2FmTWRzZ1NrZ0ptZlFlM29pYzdWQ0JZbzhQaVAzY3ktdndxd0lEN3VBV1hXdWxrekE?oc=5,"<a href=""https://news.google.com/rss/articles/CBMilgFBVV95cUxOMjdKUnhKTHNNUVVRM1RjUERUTktmZU5IV0l0Z3Q0YWx4QzFPajBxZWhVUXZaMzNfSWVJTFlua0Roa0IwWmh5d0JHZW40Sm5pVENySlM5YzhyTXdicTlYQzhrT0ZVb2FmTWRzZ1NrZ0ptZlFlM29pYzdWQ0JZbzhQaVAzY3ktdndxd0lEN3VBV1hXdWxrekE?oc=5"" target=""_blank"">Un Mama Shelter ouvrira à Toulon fin 2027</a>&nbsp;&nbsp;<font color=""#6f6f6f"">L'Hôtellerie Restauration</font>","""ouverture"" restaurant OR hôtel OR bar Var",À qualifier,False
fbb5d9e3d806d5875d24,2026-08-31T11:46:15Z,2025-03-22,06,Menton,Menton,"Expo, apéro, dodo: à Menton, un week-end entre citrons et jardins - Le Figaro",Le Figaro,https://news.google.com/rss/articles/CBMirgFBVV95cUxPQzctbExzakZ1YTJSTF9SVnkta3FvOFl0eUlIM1lwb1hleExyU01Sd2ZKajZ1OEl5ajRnZnRSSFdZVzE4aEFacUNVeHFLcmstNWNNYTZFOXp5cS10dG95U295Mno2RE9MNkJHYktJVFhQQkdlMXpLY3gzWFFaS3c0WERrdzFGM25xS25vcTdZeldHQ3V2RzUwZDl0ZVNKUVpSaUlXSkgtSnE2VXF3R2c?oc=5,"<a href=""https://news.google.com/rss/articles/CBMirgFBVV95cUxPQzctbExzakZ1YTJSTF9SVnkta3FvOFl0eUlIM1lwb1hleExyU01Sd2ZKajZ1OEl5ajRnZnRSSFdZVzE4aEFacUNVeHFLcmstNWNNYTZFOXp5cS10dG95U295Mno2RE9MNkJHYktJVFhQQkdlMXpLY3gzWFFaS3c0WERrdzFGM25xS25vcTdZeldHQ3V2RzUwZDl0ZVNKUVpSaUlXSkgtSnE2VXF3R2c?oc=5"" target=""_blank"">Expo, apéro, dodo: à Menton, un week-end entre citrons et jardins</a>&nbsp;&nbsp;<font color=""#6f6f6f"">Le Figaro</font>","""ouverture"" restaurant OR hôtel OR bar Menton",À qualifier,True
687c9af98d2e01de3b78,2026-08-24T06:04:16Z,2025-03-21,83,Toulon,Toulon,Mama Shelter dévoile son futur hôtel dans le centre-ville de Toulon - Made in Marseille,Made in Marseille,https://news.google.com/rss/articles/CBMimwFBVV95cUxNd1l5bE42cG41Q3ZzWXBzV3N4SGZOUE13MlZXZ3lCOTI5ZzUxQ2dOWTVLaGlRbTVjSVFQWFprbFdnYVh4cXJ1MFVraVJfeEtOWXFyaGxwLUQ3UzVLYTBhUEgwS01lLUxfMDVSRWpKajVGX0I2N1J2SW9yelFna1VkQzlHbXh1eEhQMDNadkVYcVN1QUMzTlZKM2pxcw?oc=5,"<a href=""https://news.google.com/rss/articles/CBMimwFBVV95cUxNd1l5bE42cG41Q3ZzWXBzV3N4SGZOUE13MlZXZ3lCOTI5ZzUxQ2dOWTVLaGlRbTVjSVFQWFprbFdnYVh4cXJ1MFVraVJfeEtOWXFyaGxwLUQ3UzVLYTBhUEgwS01lLUxfMDVSRWpKajVGX0I2N1J2SW9yelFna1VkQzlHbXh1eEhQMDNadkVYcVN1QUMzTlZKM2pxcw?oc=5"" target=""_blank"">Mama Shelter dévoile son futur hôtel dans le centre-ville de Toulon</a>&nbsp;&nbsp;<font color=""#6f6f6f"">Made in Marseille</font>","""ouverture"" restaurant OR bar OR hôtel Toulon",À qualifier,False
3ffd161d49f28481b511,2026-08-31T11:46:15Z,2025-03-18,06-83-MC,Région,Urbanisme,"La folie des grandeurs du Maybourne Riviera, palace qatari de la Côte d’Azur, en procès - Libération",Libération,https://news.google.com/rss/articles/CBMi6gFBVV95cUxORzA2aHp6VWJsMlhwOUx4MXZqVzA3X0R3Z19ydmd5OFpuTFV3MUFWWkowUU5nQVdqdTdRS0dBRFBHT1Z1SkVyZjdmYXRWZUkxRVF0WWlMblJIZGsyNkV5c1lqLW12YmhFU0dwOTJTUDlGWHNhSE9VYUNHVUNSREI2SGtMX2pGM0RUUHRCWEw3OURDcjdJT0pHdm56M0NOZDZaRnc1dFdqb1pNMW9LQkxIQ3VFTHp5YTJZcS1BZjhGbk96c0N1V0t1V3VfdTB3VWoxZTVxSjJsdjdsRElFMVFtSWEzMGNhMFp5SWc?oc=5,"<a href=""https://news.google.com/rss/articles/CBMi6gFBVV95cUxORzA2aHp6VWJsMlhwOUx4MXZqVzA3X0R3Z19ydmd5OFpuTFV3MUFWWkowUU5nQVdqdTdRS0dBRFBHT1Z1SkVyZjdmYXRWZUkxRVF0WWlMblJIZGsyNkV5c1lqLW12YmhFU0dwOTJTUDlGWHNhSE9VYUNHVUNSREI2SGtMX2pGM0RUUHRCWEw3OURDcjdJT0pHdm56M0NOZDZaRnc1dFdqb1pNMW9LQkxIQ3VFTHp5YTJZcS1BZjhGbk96c0N1V0t1V3VfdTB3VWoxZTVxSjJsdjdsRElFMVFtSWEzMGNhMFp5SWc?oc=5"" target=""_blank"">La folie des grandeurs du Maybourne Riviera, palace qatari de la Côte d’Azur, en procès</a>&nbsp;&nbsp;<font color=""#6f6f6f"">Libération</font>","""permis de construire"" hôtel OR restaurant Côte d’Azur",À qualifier,False
c7361d9752f911f4bb7d,2026-08-10T06:52:26Z,2025-03-13,06,Antibes,Antibes,Près de Nice. Cet hôtel transformé en résidence de luxe : les apparts vendus des millions - Actu.fr,Actu.fr,https://news.google.com/rss/articles/CBMi7gFBVV95cUxNelNCaW5Jc2YzNldFb2ZmVEphd0FSMnBiUlhmOVFWc2VEV3Jvb2J3Y0d2Zy1EWlpORFJBVWhTMFkyOXQzaXAtazFRcFRsMUR3dVV1b0QzTDFPb1NDTGdOenlzNVYwTHM1dWh3VkwwV0hDd1RtbldhRG9ZWGdDUTBPaWx2OEc5S0pMNC1GcFZwMlM5cFhKY3ZENGV5MGpwVTdocWZybHZXRUJQcjBoZThERi1QQ3p6Tnh6TWh2clFxZlV4M3RZWnNNM2Q0RnpRUFB1cWRoYjlIMkpwdjY0b19TaDhvQnNZRXBjLWpNbFFn?oc=5,"<a href=""https://news.google.com/rss/articles/CBMi7gFBVV95cUxNelNCaW5Jc2YzNldFb2ZmVEphd0FSMnBiUlhmOVFWc2VEV3Jvb2J3Y0d2Zy1EWlpORFJBVWhTMFkyOXQzaXAtazFRcFRsMUR3dVV1b0QzTDFPb1NDTGdOenlzNVYwTHM1dWh3VkwwV0hDd1RtbldhRG9ZWGdDUTBPaWx2OEc5S0pMNC1GcFZwMlM5cFhKY3ZENGV5MGpwVTdocWZybHZXRUJQcjBoZThERi1QQ3p6Tnh6TWh2clFxZlV4M3RZWnNNM2Q0RnpRUFB1cWRoYjlIMkpwdjY0b19TaDhvQnNZRXBjLWpNbFFn?oc=5"" target=""_blank"">Près de Nice. Cet hôtel transformé en résidence de luxe : les apparts vendus des millions</a>&nbsp;&nbsp;<font color=""#6f6f6f"">Actu.fr</font>","""ouverture"" restaurant OR hôtel OR bar Antibes",À qualifier,False
ad0c6b98879d92e1e70c,2026-08-31T11:46:15Z,2025-02-21,06-83-MC,Région,Urbanisme,Nice: le permis de construire pour un hôtel 4 étoiles sur l'ancienne cité de la Buffa accordé - BFM,BFM,https://news.google.com/rss/articles/CBMi4AFBVV95cUxOLWN3YWROaklxREhiMERlNHRrWDc3d2lYYVpRNHpYcE5qbXZPSUhjTHo2Mlp2T3JiU1ZYV3VURnY4cko5Q0JJRlVGMjkzWW1HMV8wa2FfdFhwTmFiSUt5bmR6RXhZdUd0V0NPSDFPYWo0Snh5WElYME9QNXQ5dnVqWHZPM3pQU1ZnMXNqc2hoQVBZOEtQTm5mWHF5cG4wTzJoaWdfalk5V0xPNUU4amZBQ09heDFMRDBiMWVLcHladDNTWFZNODZWNFg2Q0R4Q1liYnp0Qy10UnZxM0FOdTUwaQ?oc=5,"<a href=""https://news.google.com/rss/articles/CBMi4AFBVV95cUxOLWN3YWROaklxREhiMERlNHRrWDc3d2lYYVpRNHpYcE5qbXZPSUhjTHo2Mlp2T3JiU1ZYV3VURnY4cko5Q0JJRlVGMjkzWW1HMV8wa2FfdFhwTmFiSUt5bmR6RXhZdUd0V0NPSDFPYWo0Snh5WElYME9QNXQ5dnVqWHZPM3pQU1ZnMXNqc2hoQVBZOEtQTm5mWHF5cG4wTzJoaWdfalk5V0xPNUU4amZBQ09heDFMRDBiMWVLcHladDNTWFZNODZWNFg2Q0R4Q1liYnp0Qy10UnZxM0FOdTUwaQ?oc=5"" target=""_blank"">Nice: le permis de construire pour un hôtel 4 étoiles sur l'ancienne cité de la Buffa accordé</a>&nbsp;&nbsp;<font color=""#6f6f6f"">BFM</font>","""permis de construire"" hôtel OR restaurant Côte d’Azur",À qualifier,False
7990fc35f17815d8a3ee,2026-08-31T11:46:15Z,2025-02-15,06,Menton,Menton,"Ouverture 2026, Riviera | À Menton, le futur 5* opéré par Paris Society devrait ouvrir en 2026 - La Tribune de l'Hôtellerie",La Tribune de l'Hôtellerie,https://news.google.com/rss/articles/CBMiwwFBVV95cUxPUkpZRE1Jdk9kTVQ3c2ZWSFJMT3A1VTA5YXZfUk5QUmItVWNVOFJfN1AwdzdiVVZnWWdxLWg4b0tsWjlibWVFd1BxRVlWVzF0YVJSZUhqaHFCRVYtTjE4TzFPNjJmTjAwVVVCX01nX3BxbjUxLTZHNmV3Tzd4cEJJUFJKQ3d1bGlQbjZPbDZLRlFmNDVxbW1fTDVWa0NKME1WUkZod0NpR0VQdFFlams0RUgwS2VDclU5SFRUVF9kTFZ4Nmc?oc=5,"<a href=""https://news.google.com/rss/articles/CBMiwwFBVV95cUxPUkpZRE1Jdk9kTVQ3c2ZWSFJMT3A1VTA5YXZfUk5QUmItVWNVOFJfN1AwdzdiVVZnWWdxLWg4b0tsWjlibWVFd1BxRVlWVzF0YVJSZUhqaHFCRVYtTjE4TzFPNjJmTjAwVVVCX01nX3BxbjUxLTZHNmV3Tzd4cEJJUFJKQ3d1bGlQbjZPbDZLRlFmNDVxbW1fTDVWa0NKME1WUkZod0NpR0VQdFFlams0RUgwS2VDclU5SFRUVF9kTFZ4Nmc?oc=5"" target=""_blank"">Ouverture 2026, Riviera | À Menton, le futur 5* opéré par Paris Society devrait ouvrir en 2026</a>&nbsp;&nbsp;<font color=""#6f6f6f"">La Tribune de l'Hôtellerie</font>","""ouverture"" restaurant OR hôtel OR bar Menton",À qualifier,False
8c660154ed0fc4268d56,2026-08-31T11:46:15Z,2025-02-15,06,Menton,Menton,"""J'y crois plus que jamais"" : le nouvel hôtel de luxe de Menton devrait ouvrir ses portes en 2026 - France 3 Régions",France 3 Régions,https://news.google.com/rss/articles/CBMinwJBVV95cUxQektWcEtCR18wc0VjeXpHVkRQUUp0b2hPNzBQQzVVaUJrdWNxM0dxcXdCR0FoeDhQTW14aUN0OUFtNnF4OW9NWkJ2X1F6LWFtZ3V1TjdCRlJSQmx3TnVsWjF5LWE3dmNZNk1UNE56b0lEc3FZREtfT2ttLVVEQUlFd2lmMFdJclpxZWlvZTlnN0dBWGRTTzZXMjktSEphUDRtVURtSmVtZEVYaElCVDFYN3FmNVVqMUJESGhLOUhjRXpEZnhuMEFCdzNPX1hyNnBDemRlUlFEbHFyLWhwU2N3cmlwN085Sjd0TUVfTWxLX1JDU2dKV3cxX1VjaXlPaXU0SnB4QkZsdDBENGZNNFFwNlB5R1kzTzBpa2xwQzJYMA?oc=5,"<a href=""https://news.google.com/rss/articles/CBMinwJBVV95cUxQektWcEtCR18wc0VjeXpHVkRQUUp0b2hPNzBQQzVVaUJrdWNxM0dxcXdCR0FoeDhQTW14aUN0OUFtNnF4OW9NWkJ2X1F6LWFtZ3V1TjdCRlJSQmx3TnVsWjF5LWE3dmNZNk1UNE56b0lEc3FZREtfT2ttLVVEQUlFd2lmMFdJclpxZWlvZTlnN0dBWGRTTzZXMjktSEphUDRtVURtSmVtZEVYaElCVDFYN3FmNVVqMUJESGhLOUhjRXpEZnhuMEFCdzNPX1hyNnBDemRlUlFEbHFyLWhwU2N3cmlwN085Sjd0TUVfTWxLX1JDU2dKV3cxX1VjaXlPaXU0SnB4QkZsdDBENGZNNFFwNlB5R1kzTzBpa2xwQzJYMA?oc=5"" target=""_blank"">""J'y crois plus que jamais"" : le nouvel hôtel de luxe de Menton devrait ouvrir ses portes en 2026</a>&nbsp;&nbsp;<font color=""#6f6f6f"">France 3 Régions</font>","""ouverture"" restaurant OR hôtel OR bar Menton",À qualifier,False
932b50aebefb6c32419b,2026-08-31T11:46:15Z,2025-01-07,MC,Monaco,Monaco,"« The Prince of Venice », le deuxième restaurant d’Emmanuel-Philibert de Savoie ouvrira à Monaco - Monaco Tribune",Monaco Tribune,https://news.google.com/rss/articles/CBMiygFBVV95cUxPTk5fY0NFeFMtQUJWZENySHJmOVpkUlJGSnJsc1NSUXBWLUlJRnhEeE02VVNRUVU2TWdTU0pfR05lczFuZ1dpVGs4c2J2a3lRQk9xNGI3akFHOThqa3ZGcGItakVXWHNfTGJKVlFkTlJNSUg2ZjdJUTdEY19wZGg3LVF0eDRkQmljenE5STVTTUo1SHE0dTM4aGpDbWtJdFFNb3FKUHU1YVBlUUFoNWJuVUQwaGp1WVc4cHBDSWpwYmNGRUdCcWl1U21R?oc=5,"<a href=""https://news.google.com/rss/articles/CBMiygFBVV95cUxPTk5fY0NFeFMtQUJWZENySHJmOVpkUlJGSnJsc1NSUXBWLUlJRnhEeE02VVNRUVU2TWdTU0pfR05lczFuZ1dpVGs4c2J2a3lRQk9xNGI3akFHOThqa3ZGcGItakVXWHNfTGJKVlFkTlJNSUg2ZjdJUTdEY19wZGg3LVF0eDRkQmljenE5STVTTUo1SHE0dTM4aGpDbWtJdFFNb3FKUHU1YVBlUUFoNWJuVUQwaGp1WVc4cHBDSWpwYmNGRUdCcWl1U21R?oc=5"" target=""_blank"">« The Prince of Venice », le deuxième restaurant d’Emmanuel-Philibert de Savoie ouvrira à Monaco</a>&nbsp;&nbsp;<font color=""#6f6f6f"">Monaco Tribune</font>","""ouverture"" restaurant OR hôtel OR bar Monaco",À qualifier,False
270f1e66cb078d595484,2026-08-24T06:04:16Z,2025-01-07,06-83-MC,Région,Urbanisme,Le Relais des Moines va créer son hôtel - LA GAZETTE ECO,LA GAZETTE ECO,https://news.google.com/rss/articles/CBMimwFBVV95cUxQblFOeTlWQ3pfekY0UWp0ZGVVdVkwTmpLS3B5SDVJV3Y0UFptamVYeWhCbmttZHd5N250RGt0bG5xd2xRanRQa3ZlLWNiNWthSnlaZlBnWjVmanZ1dl9mRVl2cnhUZHVYYmpMU3JyckdtRTVuSGlVLV9JYU9Oa0JybWMxX3FqSnhUSzR2ZjZvMzhtaEhhTlV3N0hXbw?oc=5,"<a href=""https://news.google.com/rss/articles/CBMimwFBVV95cUxQblFOeTlWQ3pfekY0UWp0ZGVVdVkwTmpLS3B5SDVJV3Y0UFptamVYeWhCbmttZHd5N250RGt0bG5xd2xRanRQa3ZlLWNiNWthSnlaZlBnWjVmanZ1dl9mRVl2cnhUZHVYYmpMU3JyckdtRTVuSGlVLV9JYU9Oa0JybWMxX3FqSnhUSzR2ZjZvMzhtaEhhTlV3N0hXbw?oc=5"" target=""_blank"">Le Relais des Moines va créer son hôtel</a>&nbsp;&nbsp;<font color=""#6f6f6f"">LA GAZETTE ECO</font>","""permis de construire"" hôtel OR restaurant Côte d’Azur",À qualifier,False
835a8e0cad729d123b26,2026-08-31T11:46:15Z,2024-12-20,83,Fréjus Saint-Raphaël,Est Var,Saint-Raphaël : l'hôtel de la Gare change de main mais pas de vocation - mesinfos,mesinfos,https://news.google.com/rss/articles/CBMizAFBVV95cUxQd1R3cjBZLUUxY1M0Y2liYkVhZF9WbG9JMzZhMk1SaHZaa3ZncWZQMFhkSUZVRmU0c0NBTGJzeDZOU1lXaWQyUl9IVTV3Q2kwMmoyYmRLbVpVT28xdDY3SGVNNGN2al80VU5ObG5ERjhWSVpLRXNkVnBoVkdBMHFKVmx5OTBsd0xna3NCbUVUU2ZVLXJDS0hmVm95M2dFRjlOUkV1Q1Fla09RdlJOaUVJcDA2SnIzaWUxMTVfZjkyeG01cTFIdk4tbnlXaHc?oc=5,"<a href=""https://news.google.com/rss/articles/CBMizAFBVV95cUxQd1R3cjBZLUUxY1M0Y2liYkVhZF9WbG9JMzZhMk1SaHZaa3ZncWZQMFhkSUZVRmU0c0NBTGJzeDZOU1lXaWQyUl9IVTV3Q2kwMmoyYmRLbVpVT28xdDY3SGVNNGN2al80VU5ObG5ERjhWSVpLRXNkVnBoVkdBMHFKVmx5OTBsd0xna3NCbUVUU2ZVLXJDS0hmVm95M2dFRjlOUkV1Q1Fla09RdlJOaUVJcDA2SnIzaWUxMTVfZjkyeG01cTFIdk4tbnlXaHc?oc=5"" target=""_blank"">Saint-Raphaël : l'hôtel de la Gare change de main mais pas de vocation</a>&nbsp;&nbsp;<font color=""#6f6f6f"">mesinfos</font>","""ouverture"" restaurant OR hôtel Fréjus Saint-Raphaël",À qualifier,False
e38198e018badcb1430f,2026-08-31T11:46:15Z,2024-12-12,83,Saint-Tropez,Saint-Tropez,Un hôtel signé Oetker Collection ouvrira à Saint-Tropez en 2027 - yonder.fr,yonder.fr,https://news.google.com/rss/articles/CBMie0FVX3lxTE5BZWcydkw1cGIwTDZfN2JxTnVUcXVfWVFocVMwUi00NzhsUHVKZEVEOFdxTlpfSDJqeEZueE91MUgtU2VEb0F0RFhIdmdReXcxbjEzcXhuOGZpaHZMTWRmblAxR0g1R3NNdU5Bb1ZrSnBBZ01FUFlnRjVUNA?oc=5,"<a href=""https://news.google.com/rss/articles/CBMie0FVX3lxTE5BZWcydkw1cGIwTDZfN2JxTnVUcXVfWVFocVMwUi00NzhsUHVKZEVEOFdxTlpfSDJqeEZueE91MUgtU2VEb0F0RFhIdmdReXcxbjEzcXhuOGZpaHZMTWRmblAxR0g1R3NNdU5Bb1ZrSnBBZ01FUFlnRjVUNA?oc=5"" target=""_blank"">Un hôtel signé Oetker Collection ouvrira à Saint-Tropez en 2027</a>&nbsp;&nbsp;<font color=""#6f6f6f"">yonder.fr</font>","""ouverture"" restaurant OR plage OR hôtel Saint-Tropez",À qualifier,False
2cf1d7eb4bbb231d1361,2026-08-10T06:52:26Z,2024-12-02,83,Saint-Tropez,Saint-Tropez,Un nouvel hôtel de luxe à Saint-Tropez : qui est derrière ? - Le Figaro,Le Figaro,https://news.google.com/rss/articles/CBMipgFBVV95cUxNN2JwM2NiWHBfN0w5YTFiVkpaSUtLMHBjSU9Dd0tnZ01LQ2FYWDhSUHBpWVlGelNSTGNsanE4UHF3Wmd0Yl94NzRmekFHak04SHpwTjMyVTVqeTJzMXlobVp6WVdzSWNpYUtXNS1wV3pYaG5pblE3bWx1Mm9EOXF5V1hzVnBVeG5hMFNyeWdpMFBFdnc1Wk02aXBzTldycEZqcFNUWHhn?oc=5,"<a href=""https://news.google.com/rss/articles/CBMipgFBVV95cUxNN2JwM2NiWHBfN0w5YTFiVkpaSUtLMHBjSU9Dd0tnZ01LQ2FYWDhSUHBpWVlGelNSTGNsanE4UHF3Wmd0Yl94NzRmekFHak04SHpwTjMyVTVqeTJzMXlobVp6WVdzSWNpYUtXNS1wV3pYaG5pblE3bWx1Mm9EOXF5V1hzVnBVeG5hMFNyeWdpMFBFdnc1Wk02aXBzTldycEZqcFNUWHhn?oc=5"" target=""_blank"">Un nouvel hôtel de luxe à Saint-Tropez : qui est derrière ?</a>&nbsp;&nbsp;<font color=""#6f6f6f"">Le Figaro</font>","""ouverture"" restaurant OR plage OR hôtel Saint-Tropez",À qualifier,False
59136c1e3026b191052f,2026-08-31T11:46:15Z,2024-11-04,83,Fréjus Saint-Raphaël,Est Var,"Saint-Raphaël : pour cause d'économies, l'ouverture du musée Miss France reportée - mesinfos",mesinfos,https://news.google.com/rss/articles/CBMiqwFBVV95cUxNWW8tSnlMVUxkWC15cTlzTXBhV2RkbWd3em1lU2VuLVRmNEZEZ0hSUEhCRXAxaWhmMEJOay1XaHJMREdkVUJ3TjU3YktlbjdEcGlwQ2o1bmxnY2tHUW1TX0RncURaakxjRS1NTDJtV0dPZHNrLW13U2VVaG40Wk1lMlVYUFJaMWZuMWdUME1KbHlPQUsta0RZeXFLeGJZT3NENFVpalBGbk54blE?oc=5,"<a href=""https://news.google.com/rss/articles/CBMiqwFBVV95cUxNWW8tSnlMVUxkWC15cTlzTXBhV2RkbWd3em1lU2VuLVRmNEZEZ0hSUEhCRXAxaWhmMEJOay1XaHJMREdkVUJ3TjU3YktlbjdEcGlwQ2o1bmxnY2tHUW1TX0RncURaakxjRS1NTDJtV0dPZHNrLW13U2VVaG40Wk1lMlVYUFJaMWZuMWdUME1KbHlPQUsta0RZeXFLeGJZT3NENFVpalBGbk54blE?oc=5"" target=""_blank"">Saint-Raphaël : pour cause d'économies, l'ouverture du musée Miss France reportée</a>&nbsp;&nbsp;<font color=""#6f6f6f"">mesinfos</font>","""ouverture"" restaurant OR hôtel Fréjus Saint-Raphaël",À qualifier,False
8198c75a8ea0a1484ed2,2026-08-31T11:46:15Z,2024-09-23,83,Fréjus Saint-Raphaël,Est Var,Saint-Raphaël : l'hôtel Les Roches Rouges s'agrandit - mesinfos,mesinfos,https://news.google.com/rss/articles/CBMipAFBVV95cUxPMHVLSHg0cy1tUDl4b3dkc3cxYzhyV0ZtUDVteVktamcwM1otVUEwOGw1UUxGYWVfTG9VbTZleWxqZUJzMmJ1VVpCYTdONFMxTTVaejdwQkhuakVSMGtEZzB5bTlYZkdfVWs3Tlh4UUNZMGpLSk5iNFkxQm95Zk1BTWszQlEyVXBMQVhldjNxVU9haTFmYnQ1bkVRdnRZZ0JTZ2VoQw?oc=5,"<a href=""https://news.google.com/rss/articles/CBMipAFBVV95cUxPMHVLSHg0cy1tUDl4b3dkc3cxYzhyV0ZtUDVteVktamcwM1otVUEwOGw1UUxGYWVfTG9VbTZleWxqZUJzMmJ1VVpCYTdONFMxTTVaejdwQkhuakVSMGtEZzB5bTlYZkdfVWs3Tlh4UUNZMGpLSk5iNFkxQm95Zk1BTWszQlEyVXBMQVhldjNxVU9haTFmYnQ1bkVRdnRZZ0JTZ2VoQw?oc=5"" target=""_blank"">Saint-Raphaël : l'hôtel Les Roches Rouges s'agrandit</a>&nbsp;&nbsp;<font color=""#6f6f6f"">mesinfos</font>","""ouverture"" restaurant OR hôtel Fréjus Saint-Raphaël",À qualifier,False
11594455df68786c2197,2026-08-31T11:46:15Z,2024-09-08,06-83-MC,Région,Urbanisme,Alpes Méditerranée Développement va construire un hôtel 4* - LA GAZETTE ECO,LA GAZETTE ECO,https://news.google.com/rss/articles/CBMisAFBVV95cUxNU2JXbG1BSzhSYTdmZXpQS0hkTGpUaXIweUFaaXRrRUE3cUFkOHBpZTJFNno2VTB2T3dHU2hyNUwwU2lISFJLN3RpT09NbmIwekJCY2xmcTVMN0NpNUg1cGIxbk54Ty1ZNG5YTkZacFl0V2ctel9rMUp3ZHJMMEduVFVYdVB3Uk1qQ2I0U1FDcDktUjlRRWZ3RjlGWGdNbnhtRHE5WWhwcXk3Q1FLbWpFZA?oc=5,"<a href=""https://news.google.com/rss/articles/CBMisAFBVV95cUxNU2JXbG1BSzhSYTdmZXpQS0hkTGpUaXIweUFaaXRrRUE3cUFkOHBpZTJFNno2VTB2T3dHU2hyNUwwU2lISFJLN3RpT09NbmIwekJCY2xmcTVMN0NpNUg1cGIxbk54Ty1ZNG5YTkZacFl0V2ctel9rMUp3ZHJMMEduVFVYdVB3Uk1qQ2I0U1FDcDktUjlRRWZ3RjlGWGdNbnhtRHE5WWhwcXk3Q1FLbWpFZA?oc=5"" target=""_blank"">Alpes Méditerranée Développement va construire un hôtel 4*</a>&nbsp;&nbsp;<font color=""#6f6f6f"">LA GAZETTE ECO</font>","""permis de construire"" hôtel OR restaurant Côte d’Azur",À qualifier,False
5e9522482e77bcf197aa,2026-08-31T11:46:15Z,2024-09-06,83,Fréjus Saint-Raphaël,Est Var,L'Exicurien : une tradition française de passion et de qualité - Ville de Saint-Raphaël,Ville de Saint-Raphaël,https://news.google.com/rss/articles/CBMi0AFBVV95cUxPVlBfSFNWZ21NamJTamE1LWFmM0ZoZjg4Nk9sTXFoN1VPSmdmcnd2eHJCUTkzYVJGNkIwQ1FIZEZYd3dIckR5YTBuZjVkb0luRXQtYVVxOUZSNFpSUFEyZ29vX041c3B2QmZOT2tGZ25sbjV1aDlWM1BDbGJuVm9jS2o5ME1WekRjZHBTbXNpM0VCc2JGNVFWNWpzSkRDMEJvNU9UVk94U1BZVFNlZWg0bVpfQ2cwcFByQVVMUVA0VHR4OG54QWJzaldmLWYtWFIz?oc=5,"<a href=""https://news.google.com/rss/articles/CBMi0AFBVV95cUxPVlBfSFNWZ21NamJTamE1LWFmM0ZoZjg4Nk9sTXFoN1VPSmdmcnd2eHJCUTkzYVJGNkIwQ1FIZEZYd3dIckR5YTBuZjVkb0luRXQtYVVxOUZSNFpSUFEyZ29vX041c3B2QmZOT2tGZ25sbjV1aDlWM1BDbGJuVm9jS2o5ME1WekRjZHBTbXNpM0VCc2JGNVFWNWpzSkRDMEJvNU9UVk94U1BZVFNlZWg0bVpfQ2cwcFByQVVMUVA0VHR4OG54QWJzaldmLWYtWFIz?oc=5"" target=""_blank"">L'Exicurien : une tradition française de passion et de qualité</a>&nbsp;&nbsp;<font color=""#6f6f6f"">Ville de Saint-Raphaël</font>","""ouverture"" restaurant OR hôtel Fréjus Saint-Raphaël",À qualifier,False
87b362eef9d11cff9a71,2026-08-17T06:00:55Z,2024-07-01,83,Saint-Tropez,Saint-Tropez,L'été à Saint-Tropez : nos meilleures adresses hôtels et restaurants - Harper's BAZAAR France,Harper's BAZAAR France,https://news.google.com/rss/articles/CBMirwFBVV95cUxQQ1E5Rm13MnZ1MTE0dUxnVXNMdHBHN0VvWEJoTkFOeWUxR1c1bjZsdjNWZjd5eHFNTVFqMjlrNU1yN192bkRWNUNta1E2Q1pVbXFQOVpYb3ZhR3lvNjd2UlpvczFjc1NPeGNpeDdqZWo3aDc4S1FXRXVvVVY5RGZDTVREbEI4QlRKUUlYMFV5VlJMNzJHNGY2LTBRS1JEekYxVEt0d3dlLVZVcWh2OUlz?oc=5,"<a href=""https://news.google.com/rss/articles/CBMirwFBVV95cUxQQ1E5Rm13MnZ1MTE0dUxnVXNMdHBHN0VvWEJoTkFOeWUxR1c1bjZsdjNWZjd5eHFNTVFqMjlrNU1yN192bkRWNUNta1E2Q1pVbXFQOVpYb3ZhR3lvNjd2UlpvczFjc1NPeGNpeDdqZWo3aDc4S1FXRXVvVVY5RGZDTVREbEI4QlRKUUlYMFV5VlJMNzJHNGY2LTBRS1JEekYxVEt0d3dlLVZVcWh2OUlz?oc=5"" target=""_blank"">L'été à Saint-Tropez : nos meilleures adresses hôtels et restaurants</a>&nbsp;&nbsp;<font color=""#6f6f6f"">Harper's BAZAAR France</font>","""ouverture"" restaurant OR plage OR hôtel Saint-Tropez",À qualifier,False
7b83ff3191ffd9e45bd0,2026-08-17T06:00:55Z,2024-06-28,MC,Monaco,Monaco,Le restaurant japonais de Yannick Alléno ouvrira ses portes à Monaco le 10 juillet - l\'Observateur de Monaco,l\'Observateur de Monaco,https://news.google.com/rss/articles/CBMixgFBVV95cUxQc3VjbWZLNjBXRmJCbGZaZnJ4U00tWkhEYnhXbzRHMTQ3WEpucXAya181Tl9NWGNtMEVLWkNBS1JKRHNDWEZSeW1RQkZnM3RTMHBOVnBKT0MxRVZ6dEczT1VmS2RLZzNvb1BDMzl2M2NtYmpEdlBpOXczQVRVUEFOeFZFOG1VQ2o2eEtMRVBDek1rWEFuOE1LcjlweHkxcEdvOTFCY3BJdWVMNk9DdURrNW0xaXh0NXJ6dUV5NFJ1S3FZeHYxR3c?oc=5,"<a href=""https://news.google.com/rss/articles/CBMixgFBVV95cUxQc3VjbWZLNjBXRmJCbGZaZnJ4U00tWkhEYnhXbzRHMTQ3WEpucXAya181Tl9NWGNtMEVLWkNBS1JKRHNDWEZSeW1RQkZnM3RTMHBOVnBKT0MxRVZ6dEczT1VmS2RLZzNvb1BDMzl2M2NtYmpEdlBpOXczQVRVUEFOeFZFOG1VQ2o2eEtMRVBDek1rWEFuOE1LcjlweHkxcEdvOTFCY3BJdWVMNk9DdURrNW0xaXh0NXJ6dUV5NFJ1S3FZeHYxR3c?oc=5"" target=""_blank"">Le restaurant japonais de Yannick Alléno ouvrira ses portes à Monaco le 10 juillet</a>&nbsp;&nbsp;<font color=""#6f6f6f"">l\'Observateur de Monaco</font>","""ouverture"" restaurant OR hôtel OR bar Monaco",À qualifier,False
6b17c57a0878eff0a672,2026-08-31T11:46:15Z,2024-06-24,06-83-MC,Région,Recrutement,Canua Island : de nombreux postes à pourvoir sur la plage flottante de la Côte d’Azur - Cannes Actus,Cannes Actus,https://news.google.com/rss/articles/CBMiwgFBVV95cUxQUlEwR0UxYmNESFNNbDI5VXBsNnl5cE5RdkNhVUFURHppcmEybTVsMFhCUE4wQjFvR2F0SnVFM3NaSmdZcWhrcDU0UlhCekNPZURpUVNHTjlPU3l1bG5INXBYbmw0cTBpSTFnVDN0THMzbldoNG9wNjh2ZkhXcnVRNXFXd2lBVkdLNnEwcGMxcU9lbFNIbE40REh2TmdpLWpWTG5TTUdVME1NVVRJS05aT3ZBNUY5U0I3X2RHczhtZ2Nhdw?oc=5,"<a href=""https://news.google.com/rss/articles/CBMiwgFBVV95cUxQUlEwR0UxYmNESFNNbDI5VXBsNnl5cE5RdkNhVUFURHppcmEybTVsMFhCUE4wQjFvR2F0SnVFM3NaSmdZcWhrcDU0UlhCekNPZURpUVNHTjlPU3l1bG5INXBYbmw0cTBpSTFnVDN0THMzbldoNG9wNjh2ZkhXcnVRNXFXd2lBVkdLNnEwcGMxcU9lbFNIbE40REh2TmdpLWpWTG5TTUdVME1NVVRJS05aT3ZBNUY5U0I3X2RHczhtZ2Nhdw?oc=5"" target=""_blank"">Canua Island : de nombreux postes à pourvoir sur la plage flottante de la Côte d’Azur</a>&nbsp;&nbsp;<font color=""#6f6f6f"">Cannes Actus</font>","recrute ""responsable de bar"" OR ""chef de rang"" ouverture Côte d’Azur",À qualifier,True
04eefd5f49897b685bf8,2026-08-31T11:46:15Z,2024-06-05,MC,Monaco,Monaco,"Ouverture de l'Abysse Monte-Carlo par le Chefs Yannick Alléno et Yasunari Okazaki à l'Hôtel Hermitage Monte-Carlo, SBM - TendanceHotellerie",TendanceHotellerie,https://news.google.com/rss/articles/CBMiqgJBVV95cUxQWHJMZzZDeWx6SVZPYmwtMW5tcEJqa0ZVVDFjTEQ4bUUyVW5GWnV3cU45YWdOdjlGVl9sSEhZWnVYVjVVVUZjUXJyY1lsQnJBUmg2Y3BKVDkxQ3pIQ1JkUHRDSzlqRzcydHpYZzJCbHlFYnBTYWlsWmdXV01CYjhwZmZKYWZaakxCZ3ZWWWllRUk5TWFwVGEzRkdSUzlPdTczM09xWjJrc3BFQ2JRLUI3b1BMb3hnXzJuYXBtNm5wZG9Qb25WX3hDaEw2VDAway1ONldvV2MzRXZsSzJkWWp5bzhwMHFRVGNoc0VaRWhCTGtFTWRYQ3hMYVNwMFJYWG9JbUpKZEo1enZKTDhBcklnOFQ1Yjhnem1GSFdyYlgwODloNVBMZVhzWTNB?oc=5,"<a href=""https://news.google.com/rss/articles/CBMiqgJBVV95cUxQWHJMZzZDeWx6SVZPYmwtMW5tcEJqa0ZVVDFjTEQ4bUUyVW5GWnV3cU45YWdOdjlGVl9sSEhZWnVYVjVVVUZjUXJyY1lsQnJBUmg2Y3BKVDkxQ3pIQ1JkUHRDSzlqRzcydHpYZzJCbHlFYnBTYWlsWmdXV01CYjhwZmZKYWZaakxCZ3ZWWWllRUk5TWFwVGEzRkdSUzlPdTczM09xWjJrc3BFQ2JRLUI3b1BMb3hnXzJuYXBtNm5wZG9Qb25WX3hDaEw2VDAway1ONldvV2MzRXZsSzJkWWp5bzhwMHFRVGNoc0VaRWhCTGtFTWRYQ3hMYVNwMFJYWG9JbUpKZEo1enZKTDhBcklnOFQ1Yjhnem1GSFdyYlgwODloNVBMZVhzWTNB?oc=5"" target=""_blank"">Ouverture de l'Abysse Monte-Carlo par le Chefs Yannick Alléno et Yasunari Okazaki à l'Hôtel Hermitage Monte-Carlo, SBM</a>&nbsp;&nbsp;<font color=""#6f6f6f"">TendanceHotellerie</font>","""ouverture"" restaurant OR hôtel OR bar Monaco",À qualifier,False
ab23b7bff000ce46ccfd,2026-08-31T11:46:15Z,2024-06-05,MC,Monaco,Monaco,Le Chef étoilé Sébastien Sanjou inaugure son restaurant Marius à Monaco - TendanceHotellerie,TendanceHotellerie,https://news.google.com/rss/articles/CBMi7AFBVV95cUxObHRnOUJKd1hxWGQxMXM1b2xnU2FwSUl2T1Q1R2xnZG0tU1BUZms4N2UxaHpRSm1tdi12cE93WXlRdEFhZjdSUUFFSlFnRlFJQ283NEV6ZXBtUE92azJOZ1JhY3BiZVpCZkxkNGRTNWZoOURwVHJVdnREdy1YVjgyRVNKbU84T2VSc3NZM3pHY0Y4Zi1oU1VEbXlCM2paSEVXbm9ITFltUlQza0tVeDJMMjhLNGstRG1Jc1gxelZKQ2dBZjhMUENyRFNyVnF3M2hhSVZaYzdnWkc4cEhtMTJqTTFtZEtwNE14bmVMOQ?oc=5,"<a href=""https://news.google.com/rss/articles/CBMi7AFBVV95cUxObHRnOUJKd1hxWGQxMXM1b2xnU2FwSUl2T1Q1R2xnZG0tU1BUZms4N2UxaHpRSm1tdi12cE93WXlRdEFhZjdSUUFFSlFnRlFJQ283NEV6ZXBtUE92azJOZ1JhY3BiZVpCZkxkNGRTNWZoOURwVHJVdnREdy1YVjgyRVNKbU84T2VSc3NZM3pHY0Y4Zi1oU1VEbXlCM2paSEVXbm9ITFltUlQza0tVeDJMMjhLNGstRG1Jc1gxelZKQ2dBZjhMUENyRFNyVnF3M2hhSVZaYzdnWkc4cEhtMTJqTTFtZEtwNE14bmVMOQ?oc=5"" target=""_blank"">Le Chef étoilé Sébastien Sanjou inaugure son restaurant Marius à Monaco</a>&nbsp;&nbsp;<font color=""#6f6f6f"">TendanceHotellerie</font>","""ouverture"" restaurant OR hôtel OR bar Monaco",À qualifier,False
87000a548b8c77149cb6,2026-08-31T11:46:15Z,2024-05-22,83,Var,CHR général,"Lou Calen, Cotignac (Var) : 10 nouvelles chambres, 1 nouveau restaurant et un Bar à Pastis cet été - TendanceHotellerie",TendanceHotellerie,https://news.google.com/rss/articles/CBMiiAJBVV95cUxOdUE4S1RublQxYzhTNEw5RzVLZXdTOWNZSEFhUUJqNWpjUkNMZU10V2lqZzI0ZE8xU0pxTTVxUFIxekU0Vl9US3N2Zm9Cb0V2TzBndnE4cXRtOFNlV2RGazNmYVRONWE1dVlOUDdBWHd3Y01IdWcyVlJNcWtVSDRUZ2VwTlhIR3V5bldQcXdORmVWM25BZzdaNW9BaTlPbGlmQUdkUDlJc0ZkeVhFSWlXT243LUdhUGk2OGt6ZGRkcVlqakhpamJLcjBMZUpaT3J1a0lhQWN3NXUxMjMyQ3BUSmhQeGZJN0JJTlBuYmwtRmVtM0VBYkJFb2RsZVlReEd6S2REQUl4SGo?oc=5,"<a href=""https://news.google.com/rss/articles/CBMiiAJBVV95cUxOdUE4S1RublQxYzhTNEw5RzVLZXdTOWNZSEFhUUJqNWpjUkNMZU10V2lqZzI0ZE8xU0pxTTVxUFIxekU0Vl9US3N2Zm9Cb0V2TzBndnE4cXRtOFNlV2RGazNmYVRONWE1dVlOUDdBWHd3Y01IdWcyVlJNcWtVSDRUZ2VwTlhIR3V5bldQcXdORmVWM25BZzdaNW9BaTlPbGlmQUdkUDlJc0ZkeVhFSWlXT243LUdhUGk2OGt6ZGRkcVlqakhpamJLcjBMZUpaT3J1a0lhQWN3NXUxMjMyQ3BUSmhQeGZJN0JJTlBuYmwtRmVtM0VBYkJFb2RsZVlReEd6S2REQUl4SGo?oc=5"" target=""_blank"">Lou Calen, Cotignac (Var) : 10 nouvelles chambres, 1 nouveau restaurant et un Bar à Pastis cet été</a>&nbsp;&nbsp;<font color=""#6f6f6f"">TendanceHotellerie</font>","""ouverture"" restaurant OR hôtel OR bar Var",À qualifier,False
eddb7b57ae9c5d4dc0dc,2026-08-31T11:46:15Z,2024-04-20,06-83-MC,Région,Urbanisme,Un nouvel hôtel haut de gamme au coeur des vignes bourguignonnes - Les Echos,Les Echos,https://news.google.com/rss/articles/CBMivwFBVV95cUxQWGl6UEFPcE5iY3BVcUJ2Y1NCTEdaS29BTVBoc09FU3dkRGR5alp1dmVlT1RJU25JM1I2MFN5MC05X3lkalEyOC1rOVdBUFJTemVOQ1hmTlFoODc3TGdVaHRtQWEwT1RWUXh1US1uUFpNYW1KbzMyRmVIdE14WWJsT19UR0hkOThkSUpaTWJtS0xKNlB2aktqUG1tWVRxZTVFdDdwQzZONF9MX1FXWTN2T0RKSFZXSFplb0FWOTFGYw?oc=5,"<a href=""https://news.google.com/rss/articles/CBMivwFBVV95cUxQWGl6UEFPcE5iY3BVcUJ2Y1NCTEdaS29BTVBoc09FU3dkRGR5alp1dmVlT1RJU25JM1I2MFN5MC05X3lkalEyOC1rOVdBUFJTemVOQ1hmTlFoODc3TGdVaHRtQWEwT1RWUXh1US1uUFpNYW1KbzMyRmVIdE14WWJsT19UR0hkOThkSUpaTWJtS0xKNlB2aktqUG1tWVRxZTVFdDdwQzZONF9MX1FXWTN2T0RKSFZXSFplb0FWOTFGYw?oc=5"" target=""_blank"">Un nouvel hôtel haut de gamme au coeur des vignes bourguignonnes</a>&nbsp;&nbsp;<font color=""#6f6f6f"">Les Echos</font>","""permis de construire"" hôtel OR restaurant Côte d’Azur",À qualifier,False
96d31c16b5767975d0e3,2026-08-17T06:00:55Z,2024-04-15,83,Fréjus Saint-Raphaël,Est Var,Plages de Fréjus et Saint-Raphaël: on prend (presque) les mêmes et on recommence - Nice-Matin,Nice-Matin,https://news.google.com/rss/articles/CBMiuwFBVV95cUxQUUJRa2o4WFFORHFxRGx5a1otNk1UNXowY2ZDdk44UVB1UC1KS2hnQ004MmRFRHVGd0lCd0RfZEdqTEhaQnZhSDRreXNHY2QyMUtSckRWTnR6U1VaX09LMUJyMFRuZTdSSWp2cGItNV9ISkZjQlUtWlU0d0lJVTI2SnNxM1lWdHRXVXBfRWpmWTdwNy1GOWNpOE1JUHBta3V6dk5BM1NCYTF5NVlkeG9hT0tXaUNGQU1JTHBV?oc=5,"<a href=""https://news.google.com/rss/articles/CBMiuwFBVV95cUxQUUJRa2o4WFFORHFxRGx5a1otNk1UNXowY2ZDdk44UVB1UC1KS2hnQ004MmRFRHVGd0lCd0RfZEdqTEhaQnZhSDRreXNHY2QyMUtSckRWTnR6U1VaX09LMUJyMFRuZTdSSWp2cGItNV9ISkZjQlUtWlU0d0lJVTI2SnNxM1lWdHRXVXBfRWpmWTdwNy1GOWNpOE1JUHBta3V6dk5BM1NCYTF5NVlkeG9hT0tXaUNGQU1JTHBV?oc=5"" target=""_blank"">Plages de Fréjus et Saint-Raphaël: on prend (presque) les mêmes et on recommence</a>&nbsp;&nbsp;<font color=""#6f6f6f"">Nice-Matin</font>","""ouverture"" restaurant OR hôtel Fréjus Saint-Raphaël",À qualifier,False
5ead89b3c03f3cfc7324,2026-08-24T06:04:16Z,2024-03-13,06,Menton,Menton,Une nouvelle adresse à Menton pour Radisson Hotel Group - L'Hôtellerie Restauration,L'Hôtellerie Restauration,https://news.google.com/rss/articles/CBMiqAFBVV95cUxQVTRIMXVvanIxbFBBUkVHZUVONnFpWWE0aHdiNkdXTlF6UlNxV0JsQi1hMTgtRE9GUm9BUElPNXdFc1RDWWVBVnJpUjJrekpSNEJZU0k0ajZjekNZbzZxSmpfV1kybDF1eWRjTWhDRUJxT1A3VlhvUlk5ci1lLWlFelRmV3p3SEx2UWtHYUdPdXRZNW1kM2pjdG1hdjB1QW50OGlDN0cwbGY?oc=5,"<a href=""https://news.google.com/rss/articles/CBMiqAFBVV95cUxQVTRIMXVvanIxbFBBUkVHZUVONnFpWWE0aHdiNkdXTlF6UlNxV0JsQi1hMTgtRE9GUm9BUElPNXdFc1RDWWVBVnJpUjJrekpSNEJZU0k0ajZjekNZbzZxSmpfV1kybDF1eWRjTWhDRUJxT1A3VlhvUlk5ci1lLWlFelRmV3p3SEx2UWtHYUdPdXRZNW1kM2pjdG1hdjB1QW50OGlDN0cwbGY?oc=5"" target=""_blank"">Une nouvelle adresse à Menton pour Radisson Hotel Group</a>&nbsp;&nbsp;<font color=""#6f6f6f"">L'Hôtellerie Restauration</font>","""ouverture"" restaurant OR hôtel OR bar Menton",À qualifier,False
27abde92f93ac2f4ed59,2026-08-24T06:04:16Z,2024-02-06,MC,Monaco,Monaco,Smakelijk ! : la première brasserie belge a Monte-Carlo ouvre ses portes en février2024 - TendanceHotellerie,TendanceHotellerie,https://news.google.com/rss/articles/CBMi_AFBVV95cUxNb2RzYm9YNG5yVkgzNUREWk9rRUU2Rk5JVS1vdjNYNzFhZlZ0YzdvZ1ZGQlNRS19UYWZUcVhoN2ViVFltUnZtQXlHTlNPZklvX2FhSGUwQUpHb0ZrVUFIdkFlRkpBQkhTS0xUMzJHMVROOWhLVmtTLTdDUVgwZzl3cmlWUVVWaTVPYV9Db0dMSVBwdEQ4T3VoNkpMTXRrd3RHWDFPMS0yMEcyRkpGUC1icU55V0xSSlZTbUtaYzVYRWh5bzlYdHlqM0lZczZBWHNhU3FXRVpMemZ3RXE2bWxITlB1LWNTTUdoaHpxUjR4V2o0VHp3Q2lfRWd4a3o?oc=5,"<a href=""https://news.google.com/rss/articles/CBMi_AFBVV95cUxNb2RzYm9YNG5yVkgzNUREWk9rRUU2Rk5JVS1vdjNYNzFhZlZ0YzdvZ1ZGQlNRS19UYWZUcVhoN2ViVFltUnZtQXlHTlNPZklvX2FhSGUwQUpHb0ZrVUFIdkFlRkpBQkhTS0xUMzJHMVROOWhLVmtTLTdDUVgwZzl3cmlWUVVWaTVPYV9Db0dMSVBwdEQ4T3VoNkpMTXRrd3RHWDFPMS0yMEcyRkpGUC1icU55V0xSSlZTbUtaYzVYRWh5bzlYdHlqM0lZczZBWHNhU3FXRVpMemZ3RXE2bWxITlB1LWNTTUdoaHpxUjR4V2o0VHp3Q2lfRWd4a3o?oc=5"" target=""_blank"">Smakelijk ! : la première brasserie belge a Monte-Carlo ouvre ses portes en février2024</a>&nbsp;&nbsp;<font color=""#6f6f6f"">TendanceHotellerie</font>","""ouverture"" restaurant OR hôtel OR bar Monaco",À qualifier,False
6e3b70423d143f11ec5a,2026-08-10T06:52:26Z,2024-01-17,83,Fréjus Saint-Raphaël,Est Var,"« La franchise Easy Sushi est une grande famille construite autour de la valeur travail », Vincent Veziano (fondateur Easy Sushi) - Toute la Franchise",Toute la Franchise,https://news.google.com/rss/articles/CBMiswFBVV95cUxQOUp4MGkteWNtS0NZbkdGTmxwazhBRXcyLTVaaDNhY0UtVXc5WXFrbHdLRm40WXMzamwxQjRoTHEzTjlLa3BZNUhvWVVpMTljVTJpZzJzamprUWQxWE8xaGh1R09sOVRyTTZaN1p6ZzZQWTNhSkpEd3l3SDIyYXJsSDV2R1RMWkdSSEtnS2RCQ1ZfYU1fX2pTbU93UDZvRWVxSklGUmt1ZGVwdEVFWEhOenZNWQ?oc=5,"<a href=""https://news.google.com/rss/articles/CBMiswFBVV95cUxQOUp4MGkteWNtS0NZbkdGTmxwazhBRXcyLTVaaDNhY0UtVXc5WXFrbHdLRm40WXMzamwxQjRoTHEzTjlLa3BZNUhvWVVpMTljVTJpZzJzamprUWQxWE8xaGh1R09sOVRyTTZaN1p6ZzZQWTNhSkpEd3l3SDIyYXJsSDV2R1RMWkdSSEtnS2RCQ1ZfYU1fX2pTbU93UDZvRWVxSklGUmt1ZGVwdEVFWEhOenZNWQ?oc=5"" target=""_blank"">« La franchise Easy Sushi est une grande famille construite autour de la valeur travail », Vincent Veziano (fondateur Easy Sushi)</a>&nbsp;&nbsp;<font color=""#6f6f6f"">Toute la Franchise</font>","""ouverture"" restaurant OR hôtel Fréjus Saint-Raphaël",À qualifier,False
e5affac221353b2755d8,2026-08-10T06:52:26Z,2024-01-12,83,Saint-Tropez,Saint-Tropez,Ouverture du premier hôtel du groupe AREV Collection à Saint Tropez - TendanceHotellerie,TendanceHotellerie,https://news.google.com/rss/articles/CBMi5wFBVV95cUxQNUYzVGdqWFZPNVYzRk1qcUdBNGhVbXRjalFUVjg0U3dZU1o3T2puc1p4cVNQbTVPMzBRU2JkbzJrdkg0ZGo4ZVF6eGNnRkcxUkhvRXlHYWlwdmdHME5VcFhyek1hTy1pUWQ0bnhIRTJDSTd4dTY5ZFM5ZnZST05FTjFtY3pUc0pSUGUzS0pualp2dWYxODdJUU1kVjFMak5JVFlYN1RuTFVTZ01xS3JZd1NmN0JyaUVRUzJWQl90M21HUFVkX0NYLTJXU1E0QW9ycHZ0YTJkY0tVQzFab0hnd3poak9GaFk?oc=5,"<a href=""https://news.google.com/rss/articles/CBMi5wFBVV95cUxQNUYzVGdqWFZPNVYzRk1qcUdBNGhVbXRjalFUVjg0U3dZU1o3T2puc1p4cVNQbTVPMzBRU2JkbzJrdkg0ZGo4ZVF6eGNnRkcxUkhvRXlHYWlwdmdHME5VcFhyek1hTy1pUWQ0bnhIRTJDSTd4dTY5ZFM5ZnZST05FTjFtY3pUc0pSUGUzS0pualp2dWYxODdJUU1kVjFMak5JVFlYN1RuTFVTZ01xS3JZd1NmN0JyaUVRUzJWQl90M21HUFVkX0NYLTJXU1E0QW9ycHZ0YTJkY0tVQzFab0hnd3poak9GaFk?oc=5"" target=""_blank"">Ouverture du premier hôtel du groupe AREV Collection à Saint Tropez</a>&nbsp;&nbsp;<font color=""#6f6f6f"">TendanceHotellerie</font>","""ouverture"" restaurant OR plage OR hôtel Saint-Tropez",À qualifier,False
df977334a8cdf9565775,2026-08-10T06:52:26Z,2024-01-12,83,Saint-Tropez,Saint-Tropez,AREV Collection dévoile son tout premier hôtel à Saint-Tropez - Hospitality ON,Hospitality ON,https://news.google.com/rss/articles/CBMioAFBVV95cUxNVmtZTWlKcm1HbnBLS3hvRXJlUkJHZWZabXFtWFUtSTZ6T2FseFJfbVhhMWp5T2xqbk1JZmJ1dV92UE1Pa3BrXzRVNjhxS1pTNXMzUkZGX21YalNCZmE3ajV5enh1NkRUa0xqQjBMRkV4LUJJaVBSUi1BeG5iWXVZV2ZHRTE5dU9VY2k2ZzZzX0Z0azFoTjQtWENHNTR4ejA0?oc=5,"<a href=""https://news.google.com/rss/articles/CBMioAFBVV95cUxNVmtZTWlKcm1HbnBLS3hvRXJlUkJHZWZabXFtWFUtSTZ6T2FseFJfbVhhMWp5T2xqbk1JZmJ1dV92UE1Pa3BrXzRVNjhxS1pTNXMzUkZGX21YalNCZmE3ajV5enh1NkRUa0xqQjBMRkV4LUJJaVBSUi1BeG5iWXVZV2ZHRTE5dU9VY2k2ZzZzX0Z0azFoTjQtWENHNTR4ejA0?oc=5"" target=""_blank"">AREV Collection dévoile son tout premier hôtel à Saint-Tropez</a>&nbsp;&nbsp;<font color=""#6f6f6f"">Hospitality ON</font>","""ouverture"" restaurant OR plage OR hôtel Saint-Tropez",À qualifier,False
2c5f9c5f89d9aaac74e4,2026-08-31T11:46:15Z,2023-11-27,06-83-MC,Région,Recrutement,"Une journée avec Nicolas Metaireau, maître d'hôtel au Train bleu - L'Hôtellerie Restauration",L'Hôtellerie Restauration,https://news.google.com/rss/articles/CBMiswFBVV95cUxPZTJPc2trXzBiQ0hLY2Y4SUVIbkJKUHN3RnlwaE1UTGZGQm1aa2dlMndmczQtbnBycFl3eWtPS0M2bkVmZFJKQkZoY3E4R0d5SXhSZzJJUmZmcFhTUVhINDZMZzhPb1BnVlVXa1N1NmgtYnQwWkpVenQ2blFXNnZ5dnZGWDA0T25QcXRnTTluVFBkbUd6TVVDaHVwcVREMVRhd1ZvWlNhVGR5UmpRVmp5WEd1RQ?oc=5,"<a href=""https://news.google.com/rss/articles/CBMiswFBVV95cUxPZTJPc2trXzBiQ0hLY2Y4SUVIbkJKUHN3RnlwaE1UTGZGQm1aa2dlMndmczQtbnBycFl3eWtPS0M2bkVmZFJKQkZoY3E4R0d5SXhSZzJJUmZmcFhTUVhINDZMZzhPb1BnVlVXa1N1NmgtYnQwWkpVenQ2blFXNnZ5dnZGWDA0T25QcXRnTTluVFBkbUd6TVVDaHVwcVREMVRhd1ZvWlNhVGR5UmpRVmp5WEd1RQ?oc=5"" target=""_blank"">Une journée avec Nicolas Metaireau, maître d'hôtel au Train bleu</a>&nbsp;&nbsp;<font color=""#6f6f6f"">L'Hôtellerie Restauration</font>","recrute ""responsable de bar"" OR ""chef de rang"" ouverture Côte d’Azur",À qualifier,False
88ca4fe9b6a3778590cf,2026-08-10T06:52:26Z,2023-11-24,06,Antibes,Antibes,"Ouverture de L'Apogée Courchevel, dernier-né d'Oetker Collection - L'Hôtellerie Restauration",L'Hôtellerie Restauration,https://news.google.com/rss/articles/CBMiqwFBVV95cUxOYk5lZGFWdnBqeVpReEdLcGUyODhVNHVESWFkakxRM19QMVJycnV3S1BSanM2M0NjYThYdjg5enFfNFBVSFB5XzdOR01lakViREFvRWRmNHpEbDZfX1FDZ3lhMmRKXzkwRVRCY040ZGlpWXEtdjQzUDNDblpuS2pFeU5CVmlmUzExY0xhdWRVV29JLVRxRnlfX1ltVG9QQnBfdFhqdnRzWVdkUWs?oc=5,"<a href=""https://news.google.com/rss/articles/CBMiqwFBVV95cUxOYk5lZGFWdnBqeVpReEdLcGUyODhVNHVESWFkakxRM19QMVJycnV3S1BSanM2M0NjYThYdjg5enFfNFBVSFB5XzdOR01lakViREFvRWRmNHpEbDZfX1FDZ3lhMmRKXzkwRVRCY040ZGlpWXEtdjQzUDNDblpuS2pFeU5CVmlmUzExY0xhdWRVV29JLVRxRnlfX1ltVG9QQnBfdFhqdnRzWVdkUWs?oc=5"" target=""_blank"">Ouverture de L'Apogée Courchevel, dernier-né d'Oetker Collection</a>&nbsp;&nbsp;<font color=""#6f6f6f"">L'Hôtellerie Restauration</font>","""ouverture"" restaurant OR hôtel OR bar Antibes",À qualifier,False
0af71f9b11dbc9303cd3,2026-08-17T06:00:55Z,2023-11-20,06-83-MC,Région,Urbanisme,L'hôtel Les Chardons ne sort toujours pas de terre - LA GAZETTE ECO,LA GAZETTE ECO,https://news.google.com/rss/articles/CBMisAFBVV95cUxPSXBLTVBYd25QNHF1SWpsLXQxUjNaWmp1ZFhzSTJWc2ZmaC1ILTZpNW9YczFmS0l4N1VUdFBhM3VsZUlFWm5EcXZoU1c5Y0pjZVNWZTB2b1JzTlpYUnpXZmZzQnhWOUdGbW92REd1dHdfY1J3UDN2VTFKUHVsMFQ5aS1fa0Q3NC1BZ21BMmItb2VoQS1fUjhTT19tVURtUzZ5VVpxelRUVTdzZkZZVzdDUg?oc=5,"<a href=""https://news.google.com/rss/articles/CBMisAFBVV95cUxPSXBLTVBYd25QNHF1SWpsLXQxUjNaWmp1ZFhzSTJWc2ZmaC1ILTZpNW9YczFmS0l4N1VUdFBhM3VsZUlFWm5EcXZoU1c5Y0pjZVNWZTB2b1JzTlpYUnpXZmZzQnhWOUdGbW92REd1dHdfY1J3UDN2VTFKUHVsMFQ5aS1fa0Q3NC1BZ21BMmItb2VoQS1fUjhTT19tVURtUzZ5VVpxelRUVTdzZkZZVzdDUg?oc=5"" target=""_blank"">L'hôtel Les Chardons ne sort toujours pas de terre</a>&nbsp;&nbsp;<font color=""#6f6f6f"">LA GAZETTE ECO</font>","""permis de construire"" hôtel OR restaurant Côte d’Azur",À qualifier,False
09c877b958671b2ca630,2026-08-31T11:46:15Z,2023-11-18,06,Alpes-Maritimes,CHR général,"Alpes-Maritimes : trois ans après son ouverture, ce restaurant est sélectionné par le prestigieux classement ""La liste"" - France 3 Régions",France 3 Régions,https://news.google.com/rss/articles/CBMisgJBVV95cUxORUJzVng0NV9peGdzMkVMbHBHek5JWGJaYXd1ZnZYZDhZQmNuTGVBUWN5SjhMQ05XRU9LVktPWTF1MmN6RTJKRXRUVEdTV0drckVaUUV2SnMyQjN2TGp0YzN5UnplMGZKaGdMREhsenlURzhnRU4xODZ2X0hIc29CM1Q2dHBBSEpTaXk1azJqSU9OT1pFbFNyYWJQV2NtZXhwYlE3R2Z3NWt5Q0xzZ184VW80YWYtUFVFVU9ja0ZnSXZTSUY5WHRDMzltakEwNFN4ZC1yWUI3SnZFdUhnb0p4V0s2czNSblI2ZDhzalhfQy1nUERCMUxtM3Q3aXg3emVkbnVjZ0Y3MnkzZUw3d0Jub2w4YjF6aWhvVG04cld3anM4bXdEYU9QRlpTOGlmREdTamc?oc=5,"<a href=""https://news.google.com/rss/articles/CBMisgJBVV95cUxORUJzVng0NV9peGdzMkVMbHBHek5JWGJaYXd1ZnZYZDhZQmNuTGVBUWN5SjhMQ05XRU9LVktPWTF1MmN6RTJKRXRUVEdTV0drckVaUUV2SnMyQjN2TGp0YzN5UnplMGZKaGdMREhsenlURzhnRU4xODZ2X0hIc29CM1Q2dHBBSEpTaXk1azJqSU9OT1pFbFNyYWJQV2NtZXhwYlE3R2Z3NWt5Q0xzZ184VW80YWYtUFVFVU9ja0ZnSXZTSUY5WHRDMzltakEwNFN4ZC1yWUI3SnZFdUhnb0p4V0s2czNSblI2ZDhzalhfQy1nUERCMUxtM3Q3aXg3emVkbnVjZ0Y3MnkzZUw3d0Jub2w4YjF6aWhvVG04cld3anM4bXdEYU9QRlpTOGlmREdTamc?oc=5"" target=""_blank"">Alpes-Maritimes : trois ans après son ouverture, ce restaurant est sélectionné par le prestigieux classement ""La liste""</a>&nbsp;&nbsp;<font color=""#6f6f6f"">France 3 Régions</font>","""ouverture"" restaurant OR hôtel OR bar Alpes-Maritimes",À qualifier,False
893ae7aa77441c3f21ca,2026-08-31T11:46:15Z,2023-10-09,06,Alpes-Maritimes,CHR général,"Délicieuse pause gourmande à La Plage Blanche, à Théoule-sur-Mer - Business & Marchés",Business & Marchés,https://news.google.com/rss/articles/CBMilwFBVV95cUxPRll6elR2cEZKMHRfOW84OWNRNGNpVDZQdUpPQlBJTmRCMkx3STEyMUhFdjVJdTd3RkN6VWd2TkZvcV82U3hHSGh3c3lMNUNVdG9sRWpXNjNzc1oxR0IyN0VNMUVYMEhPeDZ4dWpLX3BYLVZ3SGJVMzVhT3lkNmJfSzJrWG1rZVdzRE5yaDZrLTlNS3dEVTRv?oc=5,"<a href=""https://news.google.com/rss/articles/CBMilwFBVV95cUxPRll6elR2cEZKMHRfOW84OWNRNGNpVDZQdUpPQlBJTmRCMkx3STEyMUhFdjVJdTd3RkN6VWd2TkZvcV82U3hHSGh3c3lMNUNVdG9sRWpXNjNzc1oxR0IyN0VNMUVYMEhPeDZ4dWpLX3BYLVZ3SGJVMzVhT3lkNmJfSzJrWG1rZVdzRE5yaDZrLTlNS3dEVTRv?oc=5"" target=""_blank"">Délicieuse pause gourmande à La Plage Blanche, à Théoule-sur-Mer</a>&nbsp;&nbsp;<font color=""#6f6f6f"">Business & Marchés</font>","""ouverture"" restaurant OR hôtel OR bar Alpes-Maritimes",À qualifier,False
943ea942e8184e38f903,2026-08-31T11:46:15Z,2023-09-13,83,Fréjus Saint-Raphaël,Est Var,"Restauration : à Saint-Raphaël, la belle fin d’été du Viking Steakhouse - Business & Marchés",Business & Marchés,https://news.google.com/rss/articles/CBMilgFBVV95cUxNczV0bWpqV1JMOVhicjFJVUhRRE5ycUhOa1ljemQ1TVM5OTB1V3I3dDZ6Wk5vZDlVbjVOMVVYanpLbV9zZnlkUWJqV2luOC1qT2QtRDlzTE5HT0N1UUxabWhvRkJVbnFOUHhJTjJiNHBJcnpEd05fWERyeHJ2aUlXQm9HaG5sLVd4bEZ0eHBJRV9KaEVOd2c?oc=5,"<a href=""https://news.google.com/rss/articles/CBMilgFBVV95cUxNczV0bWpqV1JMOVhicjFJVUhRRE5ycUhOa1ljemQ1TVM5OTB1V3I3dDZ6Wk5vZDlVbjVOMVVYanpLbV9zZnlkUWJqV2luOC1qT2QtRDlzTE5HT0N1UUxabWhvRkJVbnFOUHhJTjJiNHBJcnpEd05fWERyeHJ2aUlXQm9HaG5sLVd4bEZ0eHBJRV9KaEVOd2c?oc=5"" target=""_blank"">Restauration : à Saint-Raphaël, la belle fin d’été du Viking Steakhouse</a>&nbsp;&nbsp;<font color=""#6f6f6f"">Business & Marchés</font>","""ouverture"" restaurant OR hôtel Fréjus Saint-Raphaël",À qualifier,False
ab9712206fa1626d4370,2026-08-10T06:52:26Z,2023-06-01,06,Antibes,Antibes,Soleil et douceur de vivre à Antibes : cap sur les meilleures adresses - Harper's BAZAAR France,Harper's BAZAAR France,https://news.google.com/rss/articles/CBMisAFBVV95cUxPbHFsSEpoZmFLUmYzUzhVb2wybmE4U2l6dVB5M0h0cFNaZS1WODloaEE1Q0NaN0FncHVQSmpnQkNITFpIOHRRSm44ODk0b1YwN2ZIX2xkSVZaeWZRdTBYQ3J4SnVERElsY0d5bXFMUW9GeXVQRTZoQW9sR2ZVRUJqSEpOa0VEYjEydUp4UDJWSXVOU2lzWnFqZXBFZTdQZ09zWG1LMU8yZkRtMmdfWEFhQg?oc=5,"<a href=""https://news.google.com/rss/articles/CBMisAFBVV95cUxPbHFsSEpoZmFLUmYzUzhVb2wybmE4U2l6dVB5M0h0cFNaZS1WODloaEE1Q0NaN0FncHVQSmpnQkNITFpIOHRRSm44ODk0b1YwN2ZIX2xkSVZaeWZRdTBYQ3J4SnVERElsY0d5bXFMUW9GeXVQRTZoQW9sR2ZVRUJqSEpOa0VEYjEydUp4UDJWSXVOU2lzWnFqZXBFZTdQZ09zWG1LMU8yZkRtMmdfWEFhQg?oc=5"" target=""_blank"">Soleil et douceur de vivre à Antibes : cap sur les meilleures adresses</a>&nbsp;&nbsp;<font color=""#6f6f6f"">Harper's BAZAAR France</font>","""ouverture"" restaurant OR hôtel OR bar Antibes",À qualifier,False
2d74e2953a71c6ca30a1,2026-08-31T11:46:15Z,2023-05-27,83,Var,CHR général,Chamas Tacos inaugure un nouveau restaurant à Toulon Grand Var - Toute la Franchise,Toute la Franchise,https://news.google.com/rss/articles/CBMipAFBVV95cUxPSVRzM3JlWURDUW5KanQzMkI2OW8yczhIRVllTTZJdWpsZWVOTElaT3gxeUZHUEJnZ2lRSzFoSU5CUGsxbFZTdmhRNEdNcDh5TEJvdlpCd2g0Q1d2aFRLYzREcS1OdUZKNHd0dlpRNEtoSFZkRmhhZ24zUkhwS2l2eWV3Ul91TGJEb05oLU9JdklLVUZqSHY1ZUNDTW94WFJhOWc4cw?oc=5,"<a href=""https://news.google.com/rss/articles/CBMipAFBVV95cUxPSVRzM3JlWURDUW5KanQzMkI2OW8yczhIRVllTTZJdWpsZWVOTElaT3gxeUZHUEJnZ2lRSzFoSU5CUGsxbFZTdmhRNEdNcDh5TEJvdlpCd2g0Q1d2aFRLYzREcS1OdUZKNHd0dlpRNEtoSFZkRmhhZ24zUkhwS2l2eWV3Ul91TGJEb05oLU9JdklLVUZqSHY1ZUNDTW94WFJhOWc4cw?oc=5"" target=""_blank"">Chamas Tacos inaugure un nouveau restaurant à Toulon Grand Var</a>&nbsp;&nbsp;<font color=""#6f6f6f"">Toute la Franchise</font>","""ouverture"" restaurant OR hôtel OR bar Var",À qualifier,False
493dbb34675246e3c411,2026-08-31T11:46:15Z,2023-05-11,83,Var,CHR général,5- Horaires d’ouverture et de fermeture des débits de boissons dans le Var - Les services de l’État dans le Var,Les services de l’État dans le Var,https://news.google.com/rss/articles/CBMirgJBVV95cUxOU0dETkkwQWFIYkluT3dDU184aXNOcE13bS12UzZtdTJ0LVBFQ1UtcThySDdJOFhsNGFWM0RSTDhQNkw4V1pwaEdTMDdnUnNrT1BEZjhrSURJRW9rTGhGZHlfSGVwRDJVcGdQY1FsaWhhWV9uQW9Pd2dkTU5nNGZ5YmVMSVpoU1FpcEc1TjNHZGl5cVlTWWNhNzI0eEdiLVRSV3g2ekpUQWxLaGVPaVd5YV9JQnRDNGVJcU1lN0JWTHpqcnBPcmJBbjR4LTBOYmtUS01WZ0dqSEREb1RkQkt6czNMVEJ1dk1zbTVTNWhoQVpnYkhPNkRPZFQwaUhJTEhCSm1CT3l2YTZ4YWRWQmI4Y3p4el9EalAwbjFld1ZuUndTSkVSUzN5N3FmaS0tQQ?oc=5,"<a href=""https://news.google.com/rss/articles/CBMirgJBVV95cUxOU0dETkkwQWFIYkluT3dDU184aXNOcE13bS12UzZtdTJ0LVBFQ1UtcThySDdJOFhsNGFWM0RSTDhQNkw4V1pwaEdTMDdnUnNrT1BEZjhrSURJRW9rTGhGZHlfSGVwRDJVcGdQY1FsaWhhWV9uQW9Pd2dkTU5nNGZ5YmVMSVpoU1FpcEc1TjNHZGl5cVlTWWNhNzI0eEdiLVRSV3g2ekpUQWxLaGVPaVd5YV9JQnRDNGVJcU1lN0JWTHpqcnBPcmJBbjR4LTBOYmtUS01WZ0dqSEREb1RkQkt6czNMVEJ1dk1zbTVTNWhoQVpnYkhPNkRPZFQwaUhJTEhCSm1CT3l2YTZ4YWRWQmI4Y3p4el9EalAwbjFld1ZuUndTSkVSUzN5N3FmaS0tQQ?oc=5"" target=""_blank"">5- Horaires d’ouverture et de fermeture des débits de boissons dans le Var</a>&nbsp;&nbsp;<font color=""#6f6f6f"">Les services de l’État dans le Var</font>","""ouverture"" restaurant OR hôtel OR bar Var",À qualifier,False
c3aee1e1c8f88177c0c0,2026-08-31T11:46:15Z,2023-05-11,83,Hyères,Hyères,5- Horaires d’ouverture et de fermeture des débits de boissons dans le Var - Les services de l’État dans le Var,Les services de l’État dans le Var,https://news.google.com/rss/articles/CBMixAJBVV95cUxNVS1FOTQ2aDAwRXlRZUUxQ19oY1I0YURudnY1S05FYTBLRFJVVFRpUWtKQVA5X3M3cTJlZk1qSjBHbHVwMmczMWtRbjlyMmJWeDFRYmxyUG9xcURrUlhHOWVYNWJVRS0yZThRbmhLbm0zWFpPVVhaeXYwaU5CQm91REZnbHB6VzdfbHRXMjhac09CNUY4RTJ1b2VEekxnbU4tZEoyQnlZb0pUdk9HWm1EcXBCX1ZJZHdpcl9YNjF6WXhwenpaNU1jQXFkR3l0SHdqck5odzF0TUxvZTFLdHVmYzAzLWlSb3R5QjB0SFU1QnlaOVVxN3lnNDM2VzVtQWxlb2kyQmVtejlxYUVZc3FoQVNlbE5QWERFMG9OcGJrYTVrWXZuaExBUURFOGlnMW5yMnhCSHdKN1R0d1pIY2c1U1g5MDg?oc=5,"<a href=""https://news.google.com/rss/articles/CBMixAJBVV95cUxNVS1FOTQ2aDAwRXlRZUUxQ19oY1I0YURudnY1S05FYTBLRFJVVFRpUWtKQVA5X3M3cTJlZk1qSjBHbHVwMmczMWtRbjlyMmJWeDFRYmxyUG9xcURrUlhHOWVYNWJVRS0yZThRbmhLbm0zWFpPVVhaeXYwaU5CQm91REZnbHB6VzdfbHRXMjhac09CNUY4RTJ1b2VEekxnbU4tZEoyQnlZb0pUdk9HWm1EcXBCX1ZJZHdpcl9YNjF6WXhwenpaNU1jQXFkR3l0SHdqck5odzF0TUxvZTFLdHVmYzAzLWlSb3R5QjB0SFU1QnlaOVVxN3lnNDM2VzVtQWxlb2kyQmVtejlxYUVZc3FoQVNlbE5QWERFMG9OcGJrYTVrWXZuaExBUURFOGlnMW5yMnhCSHdKN1R0d1pIY2c1U1g5MDg?oc=5"" target=""_blank"">5- Horaires d’ouverture et de fermeture des débits de boissons dans le Var</a>&nbsp;&nbsp;<font color=""#6f6f6f"">Les services de l’État dans le Var</font>","""ouverture"" restaurant OR plage OR hôtel Hyères",À qualifier,False
8bc288806833055e5d1a,2026-08-31T11:46:15Z,2023-03-16,06,Antibes,Antibes,"Nouveau né de la collection Adresses Hotels, le Cap d'Antibes Beach Hôtel se renouvelle en boutique hôtel exceptionnel les pieds dans l'eau - TendanceHotellerie",TendanceHotellerie,https://news.google.com/rss/articles/CBMixgJBVV95cUxORE11U2swRDc0dEVoZTRwcTM5bEZqRHItVTJCSGpteWw2Ymlhai1ZZVBBb1I3QTl6TlljODhFWDdsYVZ5dDVhZ0ZDUms2SUhEN2hVT2RRRk5EUFBER09LOGhjS2d3YTdQZGRzM3dCMlQwaWlOeVF6TEZYWmNubUFQdG1hMmdHNEFzNWE3SnIzUDhtUGR2ZnFTU1AzWDdsTVNTU0FjbUJFTTJyb0tWRjJDcDI1RldNRmhyblNwRkdwY3ZNcHM1S1d3eEJyMVM0dXBCRDNmZllKTjg4ME13ZHhYMnp1clFGMXZUS3c2aDRRVm5wMy1LRkctRkc1QzVrSHNQcVZyTEMtcjhNLVVnOV9CX0Y0aTQ4dnN2SWUxUkVTUHpxVllEVDI0SkUyWWFZUGJHOWVnODFva2tINUpZRWpVcG01VkNRdw?oc=5,"<a href=""https://news.google.com/rss/articles/CBMixgJBVV95cUxORE11U2swRDc0dEVoZTRwcTM5bEZqRHItVTJCSGpteWw2Ymlhai1ZZVBBb1I3QTl6TlljODhFWDdsYVZ5dDVhZ0ZDUms2SUhEN2hVT2RRRk5EUFBER09LOGhjS2d3YTdQZGRzM3dCMlQwaWlOeVF6TEZYWmNubUFQdG1hMmdHNEFzNWE3SnIzUDhtUGR2ZnFTU1AzWDdsTVNTU0FjbUJFTTJyb0tWRjJDcDI1RldNRmhyblNwRkdwY3ZNcHM1S1d3eEJyMVM0dXBCRDNmZllKTjg4ME13ZHhYMnp1clFGMXZUS3c2aDRRVm5wMy1LRkctRkc1QzVrSHNQcVZyTEMtcjhNLVVnOV9CX0Y0aTQ4dnN2SWUxUkVTUHpxVllEVDI0SkUyWWFZUGJHOWVnODFva2tINUpZRWpVcG01VkNRdw?oc=5"" target=""_blank"">Nouveau né de la collection Adresses Hotels, le Cap d'Antibes Beach Hôtel se renouvelle en boutique hôtel exceptionnel les pieds dans l'eau</a>&nbsp;&nbsp;<font color=""#6f6f6f"">TendanceHotellerie</font>","""ouverture"" restaurant OR hôtel OR bar Antibes",À qualifier,False
1e47f3ee833d364749cc,2026-08-31T11:46:15Z,2023-02-24,06,Antibes,Antibes,Plusieurs nominations à l'Hôtel du Cap-Eden-Roc - L'Hôtellerie Restauration,L'Hôtellerie Restauration,https://news.google.com/rss/articles/CBMiswFBVV95cUxQNEpOOElabHlQY25fMGY4STJaZWNEd3kxN3k5SEJCOG5Id2o4TG9ZRVZYQm5IdDhUUWRwWVZVRDBkZUhsSnlpLW54WlpEcEF1MENKMnJ6ZFkzLXpRbU95SHNXVGI5bFVUaDNjMHpUVWVjVkRLekZaYkV1UTI3Q2N4MlRUZ1JxOE9kVUdoN0U4YkxZTDV5Zk93RjlFaFU1WjJpUEQxYkVTNExZVFplTlM5a1ZPUQ?oc=5,"<a href=""https://news.google.com/rss/articles/CBMiswFBVV95cUxQNEpOOElabHlQY25fMGY4STJaZWNEd3kxN3k5SEJCOG5Id2o4TG9ZRVZYQm5IdDhUUWRwWVZVRDBkZUhsSnlpLW54WlpEcEF1MENKMnJ6ZFkzLXpRbU95SHNXVGI5bFVUaDNjMHpUVWVjVkRLekZaYkV1UTI3Q2N4MlRUZ1JxOE9kVUdoN0U4YkxZTDV5Zk93RjlFaFU1WjJpUEQxYkVTNExZVFplTlM5a1ZPUQ?oc=5"" target=""_blank"">Plusieurs nominations à l'Hôtel du Cap-Eden-Roc</a>&nbsp;&nbsp;<font color=""#6f6f6f"">L'Hôtellerie Restauration</font>","""ouverture"" restaurant OR hôtel OR bar Antibes",À qualifier,False
48ad5f03367ce060695a,2026-08-31T11:46:15Z,2023-02-08,06,Antibes,Antibes,Hôtellerie de luxe : la frénésie d'ouvertures en 2023 🔑 - tourmag.com,tourmag.com,https://news.google.com/rss/articles/CBMiowFBVV95cUxQbmR1SEtYZnMyWHdyRzd6SzF4VEI4TDNnb05GWEdxZ0NFX3pLMFVJUTRoUVJ6RkZVc3ZjQUFPaDF3bi03RkFoSUN4VE91S2xEbi1pUEZUa1BRX1ZrWVRxZHhENGhtZ1NWNEdrOGZfWGEyQzdLOFg0TFdDYUpfV1NFODJ1SHJ3VDRFNGs5Y2l5TkI0Z1BqdndCM1dBSzlVOHYzYkF3?oc=5,"<a href=""https://news.google.com/rss/articles/CBMiowFBVV95cUxQbmR1SEtYZnMyWHdyRzd6SzF4VEI4TDNnb05GWEdxZ0NFX3pLMFVJUTRoUVJ6RkZVc3ZjQUFPaDF3bi03RkFoSUN4VE91S2xEbi1pUEZUa1BRX1ZrWVRxZHhENGhtZ1NWNEdrOGZfWGEyQzdLOFg0TFdDYUpfV1NFODJ1SHJ3VDRFNGs5Y2l5TkI0Z1BqdndCM1dBSzlVOHYzYkF3?oc=5"" target=""_blank"">Hôtellerie de luxe : la frénésie d'ouvertures en 2023 🔑</a>&nbsp;&nbsp;<font color=""#6f6f6f"">tourmag.com</font>","""ouverture"" restaurant OR hôtel OR bar Antibes",À qualifier,False
6fc36bfdbadce5fc10b5,2026-08-17T06:00:55Z,2022-12-19,06,Antibes,Antibes,Hôtels : les 40 ouvertures les plus attendues de 2023 - yonder.fr,yonder.fr,https://news.google.com/rss/articles/CBMikwFBVV95cUxPNUR3bF92VHNqQzliRmhMYzZjM2t0b2lpbWVHNUtzeWZhR2xtTmpMVERlRjUxSWxkZGMwRlZxc25RLUYtUEdHMVNnNTlFc2h0RE1VVFhsbHVyRko5ZW9fdXBBRW9ZZVNlNklsQnpaVVd5RDJnSW91WEQ4SzBMT3FzV0NxV28xQ0xPRDJJQ0FzUmJ3VGM?oc=5,"<a href=""https://news.google.com/rss/articles/CBMikwFBVV95cUxPNUR3bF92VHNqQzliRmhMYzZjM2t0b2lpbWVHNUtzeWZhR2xtTmpMVERlRjUxSWxkZGMwRlZxc25RLUYtUEdHMVNnNTlFc2h0RE1VVFhsbHVyRko5ZW9fdXBBRW9ZZVNlNklsQnpaVVd5RDJnSW91WEQ4SzBMT3FzV0NxV28xQ0xPRDJJQ0FzUmJ3VGM?oc=5"" target=""_blank"">Hôtels : les 40 ouvertures les plus attendues de 2023</a>&nbsp;&nbsp;<font color=""#6f6f6f"">yonder.fr</font>","""ouverture"" restaurant OR hôtel OR bar Antibes",À qualifier,False
1e9c920f329abe6df62e,2026-08-17T06:00:55Z,2022-11-16,06,Alpes-Maritimes,CHR général,Maison Albar Hotels annonce l'ouverture du Victoria à Nice en 2023 - L'Hôtellerie Restauration,L'Hôtellerie Restauration,https://news.google.com/rss/articles/CBMitwFBVV95cUxOTUtHWFNmNktKV0h2TXc2RmZKakdPT3FnNExzRXNjakttR3RWNDBOMVFEUDhORkt4QkpYN0pZbE9vWGhEX0JSNjVnaU5tRlZTRUl2dV9SZnFWa3BfanZ6b0EyNkpXLWJYQy1LUnIzQXVsTEl2MHBnM3VzeHhHRnVOMVk2Z3BYdUlpM2ZTOS1mMGRmQlJidXVfNmpsdnFmeFlpeE9hQ0NJdVkyRjJwZS1KS296b21FZlk?oc=5,"<a href=""https://news.google.com/rss/articles/CBMitwFBVV95cUxOTUtHWFNmNktKV0h2TXc2RmZKakdPT3FnNExzRXNjakttR3RWNDBOMVFEUDhORkt4QkpYN0pZbE9vWGhEX0JSNjVnaU5tRlZTRUl2dV9SZnFWa3BfanZ6b0EyNkpXLWJYQy1LUnIzQXVsTEl2MHBnM3VzeHhHRnVOMVk2Z3BYdUlpM2ZTOS1mMGRmQlJidXVfNmpsdnFmeFlpeE9hQ0NJdVkyRjJwZS1KS296b21FZlk?oc=5"" target=""_blank"">Maison Albar Hotels annonce l'ouverture du Victoria à Nice en 2023</a>&nbsp;&nbsp;<font color=""#6f6f6f"">L'Hôtellerie Restauration</font>","""ouverture"" restaurant OR hôtel OR bar Alpes-Maritimes",À qualifier,False
5d3337266bb582bd5acc,2026-08-31T11:46:15Z,2022-07-26,83,Hyères,Hyères,Hyères: près de 25.000 personnes demandent l'ouverture d'une plage pour les chiens - BFM,BFM,https://news.google.com/rss/articles/CBMixwFBVV95cUxPdWNiek9UNm1OeVB0enpTSUltWGJLRzM4UU1XOVNWRTh1dFBnVHkxLXNsUUR4MUlfdERJU3paQWVXOXo1ZFY5MktxVTc4ZGJ0WWFlc0l2Z2h6ZENNMzRvYkxJVVpWZlNkSlJvRFhZdUFHUnRINjhKLXdhcWY5NUhBUFZ5dGR6T3gyVFNIcUU1RTJ1NGRrVXB4U0FGM0lXbFlwVnJtRjlwQTJod2N6YVY1SDhqbDBVY2xRSS1ZYXppMERrZFZqc0ZN?oc=5,"<a href=""https://news.google.com/rss/articles/CBMixwFBVV95cUxPdWNiek9UNm1OeVB0enpTSUltWGJLRzM4UU1XOVNWRTh1dFBnVHkxLXNsUUR4MUlfdERJU3paQWVXOXo1ZFY5MktxVTc4ZGJ0WWFlc0l2Z2h6ZENNMzRvYkxJVVpWZlNkSlJvRFhZdUFHUnRINjhKLXdhcWY5NUhBUFZ5dGR6T3gyVFNIcUU1RTJ1NGRrVXB4U0FGM0lXbFlwVnJtRjlwQTJod2N6YVY1SDhqbDBVY2xRSS1ZYXppMERrZFZqc0ZN?oc=5"" target=""_blank"">Hyères: près de 25.000 personnes demandent l'ouverture d'une plage pour les chiens</a>&nbsp;&nbsp;<font color=""#6f6f6f"">BFM</font>","""ouverture"" restaurant OR plage OR hôtel Hyères",À qualifier,False
0a24f1bdf4740d98c6e7,2026-08-31T11:46:15Z,2022-06-23,06,Menton,Menton,Le chef Mauro Colagreco ouvrira un boutique hôtel à proximité du Mirazur à Menton pour permettre à ses... - Food & Sens,Food & Sens,https://news.google.com/rss/articles/CBMimAJBVV95cUxNLThVQ2JiOFBYSENLTTRoSXNLUGdHdjBzSTNjMTJzTHRQeTVDX00xU1Ruc2V0Y2w1N2NfQ1luaW1YWHhDYXRuVllVUzZ4dHVNQlRkWWkwX2Q4QmZwZXloTXVEQVA3QVdFRVJCc3NwS19TWEJSQWgtanRnaFlUMW9WOGRLVkVQUGE4NmI5Q0JJMzZWaXJhTFBQZmNNVTVPd0dHakJJay1maV9zZm1ReHgyY0hYalhJQWc3U2FaSDlxd2ZXc09ZYWsyc2drblhKdlNjZW13WENJTHVWaVBzMUQ4OUhucWtPWmsxYVZoWEkzcVFjX1RVdkZRZWc2bXc4dmtobHpPbV9WNVVYRWdya2IySGRIYTN3T2Jx0gGeAkFVX3lxTE5SdEd2TzhsaFA1aFVjclZ0LU1kaHNsT2l6bDdlYmNJNTJsSC16dGFvR1ZvSW5DTGpQNFk5bW51Vm5vNFZGMllpRVdjTjNFd1RaVVVUWnZOUnBuTDM2b0g2aDZobDhsbXVLRnBsMGh1OXBQdlV0M0Q4cEdfVGZ2QkkzWWhadGVHcmJlR3VTMXhZY2F6UHVjRElUZkhvMG1MNVpEdXd6Sm9FSmx2T0xKQTBYeFZlR2g0am4wazlPRm9kVzRWRG83ZkItVGR1amdyTmdPeU50NDdzNzlsR0hYN3dDa3JyV3RnT1B0eXo4VWNYTkM4Z2RoR3ZNYnRxcGJPVjg2SWhMaTBudHBKaWNiMnpUelNqVlBNTGVYbjNTemc?oc=5,"<a href=""https://news.google.com/rss/articles/CBMimAJBVV95cUxNLThVQ2JiOFBYSENLTTRoSXNLUGdHdjBzSTNjMTJzTHRQeTVDX00xU1Ruc2V0Y2w1N2NfQ1luaW1YWHhDYXRuVllVUzZ4dHVNQlRkWWkwX2Q4QmZwZXloTXVEQVA3QVdFRVJCc3NwS19TWEJSQWgtanRnaFlUMW9WOGRLVkVQUGE4NmI5Q0JJMzZWaXJhTFBQZmNNVTVPd0dHakJJay1maV9zZm1ReHgyY0hYalhJQWc3U2FaSDlxd2ZXc09ZYWsyc2drblhKdlNjZW13WENJTHVWaVBzMUQ4OUhucWtPWmsxYVZoWEkzcVFjX1RVdkZRZWc2bXc4dmtobHpPbV9WNVVYRWdya2IySGRIYTN3T2Jx0gGeAkFVX3lxTE5SdEd2TzhsaFA1aFVjclZ0LU1kaHNsT2l6bDdlYmNJNTJsSC16dGFvR1ZvSW5DTGpQNFk5bW51Vm5vNFZGMllpRVdjTjNFd1RaVVVUWnZOUnBuTDM2b0g2aDZobDhsbXVLRnBsMGh1OXBQdlV0M0Q4cEdfVGZ2QkkzWWhadGVHcmJlR3VTMXhZY2F6UHVjRElUZkhvMG1MNVpEdXd6Sm9FSmx2T0xKQTBYeFZlR2g0am4wazlPRm9kVzRWRG83ZkItVGR1amdyTmdPeU50NDdzNzlsR0hYN3dDa3JyV3RnT1B0eXo4VWNYTkM4Z2RoR3ZNYnRxcGJPVjg2SWhMaTBudHBKaWNiMnpUelNqVlBNTGVYbjNTemc?oc=5"" target=""_blank"">Le chef Mauro Colagreco ouvrira un boutique hôtel à proximité du Mirazur à Menton pour permettre à ses...</a>&nbsp;&nbsp;<font color=""#6f6f6f"">Food & Sens</font>","""ouverture"" restaurant OR hôtel OR bar Menton",À qualifier,False
c54d602e0e8735f51cca,2026-08-24T06:04:16Z,2022-06-23,83,Hyères,Hyères,"Stéphane Lelièvre ouvre Le Hameau des Pesquiers, son quatorzième établissement - L'Hôtellerie Restauration",L'Hôtellerie Restauration,https://news.google.com/rss/articles/CBMixgFBVV95cUxOTERnRkNGa3c0UXNzamxWT2EtQVZtYUEyVk5zaVhNZE96NTM5SzZycGpUVVZfRDJOdFdMTmRCMVBqSTFYR3Jmc3Z5b2hmVk1aY3V4YXJyQkZnTXhtY3ZkYzZoU0RUbFpneW1qZ1NKNklnaU8xaGhRci1OMnRMemc1X0ZrQlRaRU9FbG1NNDI0UF9GN1JrSkU0N092QzZvQk10YzlOYWlQN05sbTlpWHZCb1lGTGxIZUk2cjl4MDhFMkU4eXdwYnc?oc=5,"<a href=""https://news.google.com/rss/articles/CBMixgFBVV95cUxOTERnRkNGa3c0UXNzamxWT2EtQVZtYUEyVk5zaVhNZE96NTM5SzZycGpUVVZfRDJOdFdMTmRCMVBqSTFYR3Jmc3Z5b2hmVk1aY3V4YXJyQkZnTXhtY3ZkYzZoU0RUbFpneW1qZ1NKNklnaU8xaGhRci1OMnRMemc1X0ZrQlRaRU9FbG1NNDI0UF9GN1JrSkU0N092QzZvQk10YzlOYWlQN05sbTlpWHZCb1lGTGxIZUk2cjl4MDhFMkU4eXdwYnc?oc=5"" target=""_blank"">Stéphane Lelièvre ouvre Le Hameau des Pesquiers, son quatorzième établissement</a>&nbsp;&nbsp;<font color=""#6f6f6f"">L'Hôtellerie Restauration</font>","""ouverture"" restaurant OR plage OR hôtel Hyères",À qualifier,False
895eb0fafa2b0d3d1a0d,2026-08-17T06:00:55Z,2022-06-23,06,Menton,Menton,Le chef Mauro Colagreco ouvrira un boutique hôtel à proximité du Mirazur à Menton pour permettre à ses... - Food & Sens,Food & Sens,https://news.google.com/rss/articles/CBMimgJBVV95cUxQb29INGVCMkVSMHZBMkw0NlpPT3BIM0xPTnpDS1c3bjBJeWVXS0p2dUU4WVdGYUduUjY3VENpTFpIeHFEUVpuZDVQY0FjejE1MHpnZGktUnVpN2JIN1lndEpRZ3pMQkh5ZlFjNzF6X0szRXRLVVdfMG9zYmxseWxQQTRqdF9ZRXhUbDlPZndJR0U5UFhEaEdqc2g5S0hzSFNFbDUyeUJwM0doMnlGWkcwNmVJWFJvUVdFSWUyX3lKcTYxTnVWUnF6alFTMVJJZ0FtbTlvWnZXSjdCUmV4QzIwNTlhQmRVM2xfTXdHY1FOOHN3bThYbWtIbl91Wm9tbE9XVXVPS2pkZkxBNXZkaFRZNk04YnlvckNQd2fSAZ4CQVVfeXFMTlJ0R3ZPOGxoUDVoVWNyVnQtTWRoc2xPaXpsN2ViY0k1MmxILXp0YW9HVm9JbkNMalA0WTltbnVWbm80VkYyWWlFV2NOM0V3VFpVVVRadk5ScG5MMzZvSDZoNmhsOGxtdUtGcGwwaHU5cFB2VXQzRDhwR19UZnZCSTNZaFp0ZUdyYmVHdVMxeFljYXpQdWNESVRmSG8wbUw1WkR1d3pKb0VKbHZPTEpBMFh4VmVHaDRqbjBrOU9Gb2RXNFZEbzdmQi1UZHVqZ3JOZ095TnQ0N3M3OWxHSFg3d0NrcnJXdGdPUHR5ejhVY1hOQzhnZGhHdk1idHFwYk9WODZJaExpMG50cEppY2IyelR6U2pWUE1MZVhuM1N6Zw?oc=5,"<a href=""https://news.google.com/rss/articles/CBMimgJBVV95cUxQb29INGVCMkVSMHZBMkw0NlpPT3BIM0xPTnpDS1c3bjBJeWVXS0p2dUU4WVdGYUduUjY3VENpTFpIeHFEUVpuZDVQY0FjejE1MHpnZGktUnVpN2JIN1lndEpRZ3pMQkh5ZlFjNzF6X0szRXRLVVdfMG9zYmxseWxQQTRqdF9ZRXhUbDlPZndJR0U5UFhEaEdqc2g5S0hzSFNFbDUyeUJwM0doMnlGWkcwNmVJWFJvUVdFSWUyX3lKcTYxTnVWUnF6alFTMVJJZ0FtbTlvWnZXSjdCUmV4QzIwNTlhQmRVM2xfTXdHY1FOOHN3bThYbWtIbl91Wm9tbE9XVXVPS2pkZkxBNXZkaFRZNk04YnlvckNQd2fSAZ4CQVVfeXFMTlJ0R3ZPOGxoUDVoVWNyVnQtTWRoc2xPaXpsN2ViY0k1MmxILXp0YW9HVm9JbkNMalA0WTltbnVWbm80VkYyWWlFV2NOM0V3VFpVVVRadk5ScG5MMzZvSDZoNmhsOGxtdUtGcGwwaHU5cFB2VXQzRDhwR19UZnZCSTNZaFp0ZUdyYmVHdVMxeFljYXpQdWNESVRmSG8wbUw1WkR1d3pKb0VKbHZPTEpBMFh4VmVHaDRqbjBrOU9Gb2RXNFZEbzdmQi1UZHVqZ3JOZ095TnQ0N3M3OWxHSFg3d0NrcnJXdGdPUHR5ejhVY1hOQzhnZGhHdk1idHFwYk9WODZJaExpMG50cEppY2IyelR6U2pWUE1MZVhuM1N6Zw?oc=5"" target=""_blank"">Le chef Mauro Colagreco ouvrira un boutique hôtel à proximité du Mirazur à Menton pour permettre à ses...</a>&nbsp;&nbsp;<font color=""#6f6f6f"">Food & Sens</font>","""ouverture"" restaurant OR hôtel OR bar Menton",À qualifier,False
fa3c1b621b30e19e1277,2026-08-24T06:04:16Z,2022-06-17,06,Menton,Menton,"Mauro Colagreco : « Nous avons un grand projet hôtelier, à côté du Mirazur » - Monaco Hebdo",Monaco Hebdo,https://news.google.com/rss/articles/CBMie0FVX3lxTE5YUi1aaVZFaXNfaWRVUFMyOWw1Y1V4R2E0c1J2NkN6Z2N0bS04RjVGZE1idmJWX25Vd0FGVEdjVjJENlE1ZXhOaklnOHFoQkY4VUxGUHE4YVJnOVJXbERjMG1OUmlVaEp6R3FjUkZyclpKejFmTEd4c1o3bw?oc=5,"<a href=""https://news.google.com/rss/articles/CBMie0FVX3lxTE5YUi1aaVZFaXNfaWRVUFMyOWw1Y1V4R2E0c1J2NkN6Z2N0bS04RjVGZE1idmJWX25Vd0FGVEdjVjJENlE1ZXhOaklnOHFoQkY4VUxGUHE4YVJnOVJXbERjMG1OUmlVaEp6R3FjUkZyclpKejFmTEd4c1o3bw?oc=5"" target=""_blank"">Mauro Colagreco : « Nous avons un grand projet hôtelier, à côté du Mirazur »</a>&nbsp;&nbsp;<font color=""#6f6f6f"">Monaco Hebdo</font>","""ouverture"" restaurant OR hôtel OR bar Menton",À qualifier,False
da313010df4b6c7bff32,2026-08-31T11:46:15Z,2022-06-15,06,Antibes,Antibes,MGallery Hôtel collection développe son offre sur la Côte d'AZur avec l'ouverture de l'hôtel le 1932 Hôtel & Spa Cap d'Antibes - TendanceHotellerie,TendanceHotellerie,https://news.google.com/rss/articles/CBMiswJBVV95cUxQbkN2V0luMHRGTWRHbmdtdWpibjU5VDRBOE9RVl9pYzZjNmJmZS1mc25lY3cwcjJublNXWEFBRDB5MFdoUjVCTzRMMUZHNzcyRU92aVkteUxzOFg1NkYzREN5ZUlVSnhSUVd3d3hOVklRUmdhTG9Ga2duQ0JjVWt1YXlTRTVWcmhtbEtmSUxuaElBV3BwWVZsSmo5cHdydk1sclRzdFRydDJicU42ZUtwQi1kQlBFbVp5cWd6UVp2dnUwWHJGNXdKTTdZVEhYZENob2s4Qll6T3lvSk4yaGJTRzdjNmZOYzZscktIa3NERTd5d3Q2SjAxMFFIeE1YeGZjR1Q0M3diTGJsY1ZrTmtkMGFLZFA0LTg0eVAtY0ZCbGQ5QnBoa1JiRDJQOUVQaWlYbktj?oc=5,"<a href=""https://news.google.com/rss/articles/CBMiswJBVV95cUxQbkN2V0luMHRGTWRHbmdtdWpibjU5VDRBOE9RVl9pYzZjNmJmZS1mc25lY3cwcjJublNXWEFBRDB5MFdoUjVCTzRMMUZHNzcyRU92aVkteUxzOFg1NkYzREN5ZUlVSnhSUVd3d3hOVklRUmdhTG9Ga2duQ0JjVWt1YXlTRTVWcmhtbEtmSUxuaElBV3BwWVZsSmo5cHdydk1sclRzdFRydDJicU42ZUtwQi1kQlBFbVp5cWd6UVp2dnUwWHJGNXdKTTdZVEhYZENob2s4Qll6T3lvSk4yaGJTRzdjNmZOYzZscktIa3NERTd5d3Q2SjAxMFFIeE1YeGZjR1Q0M3diTGJsY1ZrTmtkMGFLZFA0LTg0eVAtY0ZCbGQ5QnBoa1JiRDJQOUVQaWlYbktj?oc=5"" target=""_blank"">MGallery Hôtel collection développe son offre sur la Côte d'AZur avec l'ouverture de l'hôtel le 1932 Hôtel & Spa Cap d'Antibes</a>&nbsp;&nbsp;<font color=""#6f6f6f"">TendanceHotellerie</font>","""ouverture"" restaurant OR hôtel OR bar Antibes",À qualifier,False
9700ebd3b80cfe1f3faf,2026-08-31T11:46:15Z,2022-04-15,MC,Monaco,Monaco,Yannick Alléno prend la route du sud et installe un Pavyllon à l’Hôtel Hermitage Monte Carlo R... - Food & Sens,Food & Sens,https://news.google.com/rss/articles/CBMi8AFBVV95cUxPQWYwZFJ0aEx0NzQxUVhIUDVSUjB5amFVRTRTVWJEN3UwZ3NzaXItLXF3MXhOV2plTFY0YjFuc3JVSTBhQndYZWU1RWVRRmI2SkdBNkJjUTJVMEw0VXVMbkstbjRQUDR3aFZxck1UREJ3cU94NmJzVkFHMWJlU0NHR0hTOG4zRV9aSlBqZ2Nrelg5dG5tQ3lpUmpneWE1UEo2dGxqWDQ1TTV6aHlORWprSlNuaXRjZ3AzeThZTUNCUC1ybGhMTFljSTY0WkdhWDRkY3pHWUYtd3pCMEhtZXU5OG96bDZ0WFBKbzJnWFQ4VkLSAfABQVVfeXFMT0FmMGRSdGhMdDc0MVFYSFA1UlIweWphVUU0U1ViRDd1MGdzc2lyLS1xdzF4TldqZUxWNGIxbnNyVUkwYUJ3WGVlNUVlUUZiNkpHQTZCY1EyVTBMNFV1TG5LLW40UFA0d2hWcXJNVERCd3FPeDZic1ZBRzFiZVNDR0dIUzhuM0VfWkpQamdja3pYOXRubUN5aVJqZ3lhNVBKNnRsalg0NU01emh5TkVqa0pTbml0Y2dwM3k4WU1DQlAtcmxoTExZY0k2NFpHYVg0ZGN6R1lGLXd6QjBIbWV1OThvemw2dFhQSm8yZ1hUOFZC?oc=5,"<a href=""https://news.google.com/rss/articles/CBMi8AFBVV95cUxPQWYwZFJ0aEx0NzQxUVhIUDVSUjB5amFVRTRTVWJEN3UwZ3NzaXItLXF3MXhOV2plTFY0YjFuc3JVSTBhQndYZWU1RWVRRmI2SkdBNkJjUTJVMEw0VXVMbkstbjRQUDR3aFZxck1UREJ3cU94NmJzVkFHMWJlU0NHR0hTOG4zRV9aSlBqZ2Nrelg5dG5tQ3lpUmpneWE1UEo2dGxqWDQ1TTV6aHlORWprSlNuaXRjZ3AzeThZTUNCUC1ybGhMTFljSTY0WkdhWDRkY3pHWUYtd3pCMEhtZXU5OG96bDZ0WFBKbzJnWFQ4VkLSAfABQVVfeXFMT0FmMGRSdGhMdDc0MVFYSFA1UlIweWphVUU0U1ViRDd1MGdzc2lyLS1xdzF4TldqZUxWNGIxbnNyVUkwYUJ3WGVlNUVlUUZiNkpHQTZCY1EyVTBMNFV1TG5LLW40UFA0d2hWcXJNVERCd3FPeDZic1ZBRzFiZVNDR0dIUzhuM0VfWkpQamdja3pYOXRubUN5aVJqZ3lhNVBKNnRsalg0NU01emh5TkVqa0pTbml0Y2dwM3k4WU1DQlAtcmxoTExZY0k2NFpHYVg0ZGN6R1lGLXd6QjBIbWV1OThvemw2dFhQSm8yZ1hUOFZC?oc=5"" target=""_blank"">Yannick Alléno prend la route du sud et installe un Pavyllon à l’Hôtel Hermitage Monte Carlo R...</a>&nbsp;&nbsp;<font color=""#6f6f6f"">Food & Sens</font>","""ouverture"" restaurant OR hôtel OR bar Monaco",À qualifier,False
3e53f49aba56b5f10bd7,2026-08-17T06:00:55Z,2022-04-15,MC,Monaco,Monaco,Yannick Alléno prend la route du sud et installe un Pavyllon à l’Hôtel Hermitage Monte Carlo R... - Food & Sens,Food & Sens,https://news.google.com/rss/articles/CBMi7wFBVV95cUxObDVYRGZHX0JzbDVnTndHSEx4ZERTMkhFM3plbFBncXFhYXdFaUQ1UDY5RENaX2RnYWROTlhjQ0lnM0I5bnJNRGFVU2Y5cnNPWnZkSjl4WEZWd09nS2JROUpNYzhzQkRSRVZSWGxrQzFacndsM1lldFNEZHVzQVVLeHNIVmhZRFVtNVRQRFAySkRrTHNSMHJRS2ZKcE9xbXBjMk9jQVMybVNiOUswOTRfVnh3N1NFdWlhY0FMVThCZDBTdy0wZnVwWnNIMmZQR2dJcklVaU9NZUVsSUZGQWVyX1RXZjhxdkdSQ2lXSjUza9IB7wFBVV95cUxObDVYRGZHX0JzbDVnTndHSEx4ZERTMkhFM3plbFBncXFhYXdFaUQ1UDY5RENaX2RnYWROTlhjQ0lnM0I5bnJNRGFVU2Y5cnNPWnZkSjl4WEZWd09nS2JROUpNYzhzQkRSRVZSWGxrQzFacndsM1lldFNEZHVzQVVLeHNIVmhZRFVtNVRQRFAySkRrTHNSMHJRS2ZKcE9xbXBjMk9jQVMybVNiOUswOTRfVnh3N1NFdWlhY0FMVThCZDBTdy0wZnVwWnNIMmZQR2dJcklVaU9NZUVsSUZGQWVyX1RXZjhxdkdSQ2lXSjUzaw?oc=5,"<a href=""https://news.google.com/rss/articles/CBMi7wFBVV95cUxObDVYRGZHX0JzbDVnTndHSEx4ZERTMkhFM3plbFBncXFhYXdFaUQ1UDY5RENaX2RnYWROTlhjQ0lnM0I5bnJNRGFVU2Y5cnNPWnZkSjl4WEZWd09nS2JROUpNYzhzQkRSRVZSWGxrQzFacndsM1lldFNEZHVzQVVLeHNIVmhZRFVtNVRQRFAySkRrTHNSMHJRS2ZKcE9xbXBjMk9jQVMybVNiOUswOTRfVnh3N1NFdWlhY0FMVThCZDBTdy0wZnVwWnNIMmZQR2dJcklVaU9NZUVsSUZGQWVyX1RXZjhxdkdSQ2lXSjUza9IB7wFBVV95cUxObDVYRGZHX0JzbDVnTndHSEx4ZERTMkhFM3plbFBncXFhYXdFaUQ1UDY5RENaX2RnYWROTlhjQ0lnM0I5bnJNRGFVU2Y5cnNPWnZkSjl4WEZWd09nS2JROUpNYzhzQkRSRVZSWGxrQzFacndsM1lldFNEZHVzQVVLeHNIVmhZRFVtNVRQRFAySkRrTHNSMHJRS2ZKcE9xbXBjMk9jQVMybVNiOUswOTRfVnh3N1NFdWlhY0FMVThCZDBTdy0wZnVwWnNIMmZQR2dJcklVaU9NZUVsSUZGQWVyX1RXZjhxdkdSQ2lXSjUzaw?oc=5"" target=""_blank"">Yannick Alléno prend la route du sud et installe un Pavyllon à l’Hôtel Hermitage Monte Carlo R...</a>&nbsp;&nbsp;<font color=""#6f6f6f"">Food & Sens</font>","""ouverture"" restaurant OR hôtel OR bar Monaco",À qualifier,False
bbf97aae20c1a6913bea,2026-08-31T11:46:15Z,2021-10-09,MC,Monaco,Monaco,Maybourne Riviera : le nouvel hôtel ultra luxe qui domine Monaco - yonder.fr,yonder.fr,https://news.google.com/rss/articles/CBMilwFBVV95cUxQWEJRdDFpSTQ2aE9abkt0YmR3M20tSlBFR25QQWNnM19WS2dUeDk5NGRtNTNpX1d3bVVCd2V6cGZXTXZ4MWxXb3RvdEtKYnFaVWJQV1VQWEtlbS1TVEtzX3k1UHhxRzZocU1hT0E3Q2xSUmYzLVM5aUZ5dEV4MVpNamFZTWlSQUtEX24zZnVFWldBUDcxQ29n?oc=5,"<a href=""https://news.google.com/rss/articles/CBMilwFBVV95cUxQWEJRdDFpSTQ2aE9abkt0YmR3M20tSlBFR25QQWNnM19WS2dUeDk5NGRtNTNpX1d3bVVCd2V6cGZXTXZ4MWxXb3RvdEtKYnFaVWJQV1VQWEtlbS1TVEtzX3k1UHhxRzZocU1hT0E3Q2xSUmYzLVM5aUZ5dEV4MVpNamFZTWlSQUtEX24zZnVFWldBUDcxQ29n?oc=5"" target=""_blank"">Maybourne Riviera : le nouvel hôtel ultra luxe qui domine Monaco</a>&nbsp;&nbsp;<font color=""#6f6f6f"">yonder.fr</font>","""ouverture"" restaurant OR hôtel OR bar Monaco",À qualifier,False
cd9aa51f13f873332aaa,2026-08-10T06:52:26Z,2021-10-09,MC,Monaco,Monaco,Maybourne Riviera : l'hôtel ultra luxe qui domine Monaco - yonder.fr,yonder.fr,https://news.google.com/rss/articles/CBMilwFBVV95cUxQWEJRdDFpSTQ2aE9abkt0YmR3M20tSlBFR25QQWNnM19WS2dUeDk5NGRtNTNpX1d3bVVCd2V6cGZXTXZ4MWxXb3RvdEtKYnFaVWJQV1VQWEtlbS1TVEtzX3k1UHhxRzZocU1hT0E3Q2xSUmYzLVM5aUZ5dEV4MVpNamFZTWlSQUtEX24zZnVFWldBUDcxQ29n?oc=5,"<a href=""https://news.google.com/rss/articles/CBMilwFBVV95cUxQWEJRdDFpSTQ2aE9abkt0YmR3M20tSlBFR25QQWNnM19WS2dUeDk5NGRtNTNpX1d3bVVCd2V6cGZXTXZ4MWxXb3RvdEtKYnFaVWJQV1VQWEtlbS1TVEtzX3k1UHhxRzZocU1hT0E3Q2xSUmYzLVM5aUZ5dEV4MVpNamFZTWlSQUtEX24zZnVFWldBUDcxQ29n?oc=5"" target=""_blank"">Maybourne Riviera : l'hôtel ultra luxe qui domine Monaco</a>&nbsp;&nbsp;<font color=""#6f6f6f"">yonder.fr</font>","""ouverture"" restaurant OR hôtel OR bar Monaco",À qualifier,False
8e9d9648edbaac75ab7d,2026-08-10T06:52:26Z,2021-05-07,MC,Monaco,Monaco,Ouverture du restaurant Yannick Alléno à l’Hôtel Hermitage Monte-Carlo le 19 mai 2021 - TendanceHotellerie,TendanceHotellerie,https://news.google.com/rss/articles/CBMi_wFBVV95cUxQSDdSUTJ1VXVNeFpNOXRaWEJ5UlZhUE1XS1Q3YmlySDN2ano5Sk80YXlQRlk2NFNnSFNBcjlUU296Q3pFRzBXQTVfeXhEQ2FuVVpTRUNEd1JNdV96S1ZrejNoTlhCaHVxS0p1SG9PYkllZk96RTlzMjVxbkVBS2ZsNHE3RXlhalB5YlhWOWpDZUNfc0hfeW9Bek1qN09JaURsNDZVSFEyV3RtRXF1TDhzUUotOXpSX2RhQV9UaDRsU3NtdXEyVjFyWklnUnluY3lQMzRuZDRxSHRZSkVGRF9KVmhmTEtwWC1lSXlERHB0aWl3SWNNdDVzVEZCUXNuMFU?oc=5,"<a href=""https://news.google.com/rss/articles/CBMi_wFBVV95cUxQSDdSUTJ1VXVNeFpNOXRaWEJ5UlZhUE1XS1Q3YmlySDN2ano5Sk80YXlQRlk2NFNnSFNBcjlUU296Q3pFRzBXQTVfeXhEQ2FuVVpTRUNEd1JNdV96S1ZrejNoTlhCaHVxS0p1SG9PYkllZk96RTlzMjVxbkVBS2ZsNHE3RXlhalB5YlhWOWpDZUNfc0hfeW9Bek1qN09JaURsNDZVSFEyV3RtRXF1TDhzUUotOXpSX2RhQV9UaDRsU3NtdXEyVjFyWklnUnluY3lQMzRuZDRxSHRZSkVGRF9KVmhmTEtwWC1lSXlERHB0aWl3SWNNdDVzVEZCUXNuMFU?oc=5"" target=""_blank"">Ouverture du restaurant Yannick Alléno à l’Hôtel Hermitage Monte-Carlo le 19 mai 2021</a>&nbsp;&nbsp;<font color=""#6f6f6f"">TendanceHotellerie</font>","""ouverture"" restaurant OR hôtel OR bar Monaco",À qualifier,False
7a467d582c4366e81411,2026-08-31T11:46:15Z,2021-04-28,06-83-MC,Région,Recrutement,Pôle Emploi recrute un valet / une femme de chambre - ici.fr,ici.fr,https://news.google.com/rss/articles/CBMirwFBVV95cUxPN1FVTVZXdlZHWGdzVmtWR1lZamZxaVJoTGxKLTNBTkhUV3RJZDBRaHY2Z0hoZUFDUmJkLW9kUzFOVXB3Vmp5RXBOTHB0djdIdFMwZTRreW1ZVlR2MTNaU2Vjd3lpRFJrWjRpYV9MQVp5WGNVT003SVR4M19UYTRMZVA2ZktXSFFleG90YXprMWhvdjlLS0c1cWV1Y2prRjdSRXh0U0lzV05Ld01FQ1U0?oc=5,"<a href=""https://news.google.com/rss/articles/CBMirwFBVV95cUxPN1FVTVZXdlZHWGdzVmtWR1lZamZxaVJoTGxKLTNBTkhUV3RJZDBRaHY2Z0hoZUFDUmJkLW9kUzFOVXB3Vmp5RXBOTHB0djdIdFMwZTRreW1ZVlR2MTNaU2Vjd3lpRFJrWjRpYV9MQVp5WGNVT003SVR4M19UYTRMZVA2ZktXSFFleG90YXprMWhvdjlLS0c1cWV1Y2prRjdSRXh0U0lzV05Ld01FQ1U0?oc=5"" target=""_blank"">Pôle Emploi recrute un valet / une femme de chambre</a>&nbsp;&nbsp;<font color=""#6f6f6f"">ici.fr</font>","recrute ""responsable de bar"" OR ""chef de rang"" ouverture Côte d’Azur",À qualifier,False
d66227a66de9e594995b,2026-08-31T11:46:15Z,2021-01-29,06-83-MC,Région,Urbanisme,Var. Un projet d’hôtel de luxe porté par Richard Virenque suspendu par le tribunal administratif - Ouest-France,Ouest-France,https://news.google.com/rss/articles/CBMihwJBVV95cUxOdjhIc01aYTZWSHVxeUQ4Q0ZYNlRPTV9IajljYmFXWUxhUzJCdjJlX0pVUThnUGQ3VHBzT3hBbE5Bd1pvc0hRbERsQnhhNTdmMlVBeXp6VE9waU9XRmZtU2QxMVRFYk1DNzVFRnozQXhjZXpyVzI3TnZ4R2RfRGI1VUhkc0sxSE1sVU9NcTlSZ0NmUl9rX0RBZE1FRVREZXNkN0hkZWNlZzNjdkJhYWh3WUxFRVBmWTNyU1pHSUxScHQ5SnJkMGdlNGZjNTJiOG5Oc1pQLTN3RllsUnRROS1KQjBGNU5sOXNNUV9lZ0Z2aUVXVWtNSVlJWWxMZnh5dl9yLVRISldBbw?oc=5,"<a href=""https://news.google.com/rss/articles/CBMihwJBVV95cUxOdjhIc01aYTZWSHVxeUQ4Q0ZYNlRPTV9IajljYmFXWUxhUzJCdjJlX0pVUThnUGQ3VHBzT3hBbE5Bd1pvc0hRbERsQnhhNTdmMlVBeXp6VE9waU9XRmZtU2QxMVRFYk1DNzVFRnozQXhjZXpyVzI3TnZ4R2RfRGI1VUhkc0sxSE1sVU9NcTlSZ0NmUl9rX0RBZE1FRVREZXNkN0hkZWNlZzNjdkJhYWh3WUxFRVBmWTNyU1pHSUxScHQ5SnJkMGdlNGZjNTJiOG5Oc1pQLTN3RllsUnRROS1KQjBGNU5sOXNNUV9lZ0Z2aUVXVWtNSVlJWWxMZnh5dl9yLVRISldBbw?oc=5"" target=""_blank"">Var. Un projet d’hôtel de luxe porté par Richard Virenque suspendu par le tribunal administratif</a>&nbsp;&nbsp;<font color=""#6f6f6f"">Ouest-France</font>","""permis de construire"" hôtel OR restaurant Côte d’Azur",À qualifier,False
43f835241843085cb7ac,2026-08-31T11:46:15Z,2018-09-17,06-83-MC,Région,Recrutement,Le nouveau casino Partouche de Pornic recrute avant son ouverture en novembre - Actu.fr,Actu.fr,https://news.google.com/rss/articles/CBMixgFBVV95cUxOd2ZqRXBPanlHNGZobXBFWXo3NWsyc25vWDBhdlJSbWxVdXJ2ZFFHWk9QMjFIOHpMeWN3a21vNGNEWm1KSnlHVzdoVlAtZW5ESENuZkQwZ0pwc3dzTXFsYkppcGc5WmFCbGI0RUgtNXpqVGlFdW1na0EtNDA0UXRzeExvaEJENmI5eWVNcl9NMm5udTdRdWhTZTZTWjZnQ0R3cHNoM08zSndNeHRoWHN6S05SWTBZYjFkdGVGQmY5U2NiS2JzNmc?oc=5,"<a href=""https://news.google.com/rss/articles/CBMixgFBVV95cUxOd2ZqRXBPanlHNGZobXBFWXo3NWsyc25vWDBhdlJSbWxVdXJ2ZFFHWk9QMjFIOHpMeWN3a21vNGNEWm1KSnlHVzdoVlAtZW5ESENuZkQwZ0pwc3dzTXFsYkppcGc5WmFCbGI0RUgtNXpqVGlFdW1na0EtNDA0UXRzeExvaEJENmI5eWVNcl9NMm5udTdRdWhTZTZTWjZnQ0R3cHNoM08zSndNeHRoWHN6S05SWTBZYjFkdGVGQmY5U2NiS2JzNmc?oc=5"" target=""_blank"">Le nouveau casino Partouche de Pornic recrute avant son ouverture en novembre</a>&nbsp;&nbsp;<font color=""#6f6f6f"">Actu.fr</font>","recrute ""responsable de bar"" OR ""chef de rang"" ouverture Côte d’Azur",À qualifier,False
68c703e213662e4b98c1,2026-08-17T06:00:55Z,2018-09-17,06-83-MC,Région,Recrutement,Le nouveau casino Partouche de Pornic recrute avant son ouverture en novembre - actu.fr,actu.fr,https://news.google.com/rss/articles/CBMixgFBVV95cUxOd2ZqRXBPanlHNGZobXBFWXo3NWsyc25vWDBhdlJSbWxVdXJ2ZFFHWk9QMjFIOHpMeWN3a21vNGNEWm1KSnlHVzdoVlAtZW5ESENuZkQwZ0pwc3dzTXFsYkppcGc5WmFCbGI0RUgtNXpqVGlFdW1na0EtNDA0UXRzeExvaEJENmI5eWVNcl9NMm5udTdRdWhTZTZTWjZnQ0R3cHNoM08zSndNeHRoWHN6S05SWTBZYjFkdGVGQmY5U2NiS2JzNmc?oc=5,"<a href=""https://news.google.com/rss/articles/CBMixgFBVV95cUxOd2ZqRXBPanlHNGZobXBFWXo3NWsyc25vWDBhdlJSbWxVdXJ2ZFFHWk9QMjFIOHpMeWN3a21vNGNEWm1KSnlHVzdoVlAtZW5ESENuZkQwZ0pwc3dzTXFsYkppcGc5WmFCbGI0RUgtNXpqVGlFdW1na0EtNDA0UXRzeExvaEJENmI5eWVNcl9NMm5udTdRdWhTZTZTWjZnQ0R3cHNoM08zSndNeHRoWHN6S05SWTBZYjFkdGVGQmY5U2NiS2JzNmc?oc=5"" target=""_blank"">Le nouveau casino Partouche de Pornic recrute avant son ouverture en novembre</a>&nbsp;&nbsp;<font color=""#6f6f6f"">actu.fr</font>","recrute ""responsable de bar"" OR ""chef de rang"" ouverture Côte d’Azur",À qualifier,False
b102a81a0783695be229,2026-08-10T06:52:26Z,2018-08-13,83,Fréjus Saint-Raphaël,Est Var,"A Fréjus, la rhumerie Kokonut va se transformer pour s’ouvrir à la franchise - Business & Marchés",Business & Marchés,https://news.google.com/rss/articles/CBMijgFBVV95cUxOM0k0T2pnRXpDZ2dST2wxUWxDUHVfcm9vY3BhR1RsZ2k0NTd3SldIUjVLeVdrbkp1VDBpbFNlWGV5TDZYNnMwRHFrMGtJYTFhY0VjUTV0WExWcTdwaGs1NXloN1lqWE9xaHUxM0FEY3JDeGt1TmFUUUtGbWRSVXRDSlNxTjZZcEpWN2FsRXZB?oc=5,"<a href=""https://news.google.com/rss/articles/CBMijgFBVV95cUxOM0k0T2pnRXpDZ2dST2wxUWxDUHVfcm9vY3BhR1RsZ2k0NTd3SldIUjVLeVdrbkp1VDBpbFNlWGV5TDZYNnMwRHFrMGtJYTFhY0VjUTV0WExWcTdwaGs1NXloN1lqWE9xaHUxM0FEY3JDeGt1TmFUUUtGbWRSVXRDSlNxTjZZcEpWN2FsRXZB?oc=5"" target=""_blank"">A Fréjus, la rhumerie Kokonut va se transformer pour s’ouvrir à la franchise</a>&nbsp;&nbsp;<font color=""#6f6f6f"">Business & Marchés</font>","""ouverture"" restaurant OR hôtel Fréjus Saint-Raphaël",À qualifier,False
31ba017ae8c52069af3a,2026-08-24T06:04:16Z,2018-03-12,06-83-MC,Région,Recrutement,Charles Orboin – Paul Bocuse en 1 mot : » Humain « - Food & Sens,Food & Sens,https://news.google.com/rss/articles/CBMihwFBVV95cUxNdkljV2ZCMndvV0dqTFpWM0pyY3psRV94VzlLNDhWTThnNWRLMllESWpNb3ktRnhObnV6QWlrM2tYOXd3c1VXcEJkTVZaSTJ1aEVfaVVXMWJ0ckpnMVhTNlRwbmlSRlV6QnZLSEtucnp5MEpJLVcyOXVocnJLTDk0RzkzS1NPU1XSAYcBQVVfeXFMTXZJY1dmQjJ3b1dHakxaVjNKcmN6bEVfeFc5SzQ4Vk04ZzVkSzJZRElqTW95LUZ4Tm51ekFpazNrWDl3d3NVV3BCZE1WWkkydWhFX2lVVzFidHJKZzFYUzZUcG5pUkZVekJ2S0hLbnJ6eTBKSS1XMjl1aHJyS0w5NEc5M0tTT1NV?oc=5,"<a href=""https://news.google.com/rss/articles/CBMihwFBVV95cUxNdkljV2ZCMndvV0dqTFpWM0pyY3psRV94VzlLNDhWTThnNWRLMllESWpNb3ktRnhObnV6QWlrM2tYOXd3c1VXcEJkTVZaSTJ1aEVfaVVXMWJ0ckpnMVhTNlRwbmlSRlV6QnZLSEtucnp5MEpJLVcyOXVocnJLTDk0RzkzS1NPU1XSAYcBQVVfeXFMTXZJY1dmQjJ3b1dHakxaVjNKcmN6bEVfeFc5SzQ4Vk04ZzVkSzJZRElqTW95LUZ4Tm51ekFpazNrWDl3d3NVV3BCZE1WWkkydWhFX2lVVzFidHJKZzFYUzZUcG5pUkZVekJ2S0hLbnJ6eTBKSS1XMjl1aHJyS0w5NEc5M0tTT1NV?oc=5"" target=""_blank"">Charles Orboin – Paul Bocuse en 1 mot : » Humain «</a>&nbsp;&nbsp;<font color=""#6f6f6f"">Food & Sens</font>","recrute ""responsable de bar"" OR ""chef de rang"" ouverture Côte d’Azur",À qualifier,False
a9081c2b34ca3b54c301,2026-08-24T06:04:16Z,2017-11-09,06-83-MC,Région,Recrutement,Emploi. L'ACAPARS propose 30 postes à pourvoir - Actu.fr,Actu.fr,https://news.google.com/rss/articles/CBMingFBVV95cUxQNmFXc1hrUm9tRGV0V3dGWUVzUmdhTURMcG5oNzQzTVpVcWh5STBRNUptbnpSb1ltc3hNZWRLTXZLeXZYblhCX1RuQWFQT3IydWJIZ09MMGdWdWhZZmhTQVZXME1VZWh3NjVXZG1BV2tWQk9mMTZPak11dEgwQkJSbTltbTJTRnNycGE2cWdnUDRidUxmVTJvV3lNLXhrZw?oc=5,"<a href=""https://news.google.com/rss/articles/CBMingFBVV95cUxQNmFXc1hrUm9tRGV0V3dGWUVzUmdhTURMcG5oNzQzTVpVcWh5STBRNUptbnpSb1ltc3hNZWRLTXZLeXZYblhCX1RuQWFQT3IydWJIZ09MMGdWdWhZZmhTQVZXME1VZWh3NjVXZG1BV2tWQk9mMTZPak11dEgwQkJSbTltbTJTRnNycGE2cWdnUDRidUxmVTJvV3lNLXhrZw?oc=5"" target=""_blank"">Emploi. L'ACAPARS propose 30 postes à pourvoir</a>&nbsp;&nbsp;<font color=""#6f6f6f"">Actu.fr</font>","recrute ""responsable de bar"" OR ""chef de rang"" ouverture Côte d’Azur",À qualifier,False
a0d89ae2bb57f303af60,2026-08-17T06:00:55Z,2017-11-09,06-83-MC,Région,Recrutement,Emploi. L'ACAPARS propose 30 postes à pourvoir - actu.fr,actu.fr,https://news.google.com/rss/articles/CBMingFBVV95cUxQNmFXc1hrUm9tRGV0V3dGWUVzUmdhTURMcG5oNzQzTVpVcWh5STBRNUptbnpSb1ltc3hNZWRLTXZLeXZYblhCX1RuQWFQT3IydWJIZ09MMGdWdWhZZmhTQVZXME1VZWh3NjVXZG1BV2tWQk9mMTZPak11dEgwQkJSbTltbTJTRnNycGE2cWdnUDRidUxmVTJvV3lNLXhrZw?oc=5,"<a href=""https://news.google.com/rss/articles/CBMingFBVV95cUxQNmFXc1hrUm9tRGV0V3dGWUVzUmdhTURMcG5oNzQzTVpVcWh5STBRNUptbnpSb1ltc3hNZWRLTXZLeXZYblhCX1RuQWFQT3IydWJIZ09MMGdWdWhZZmhTQVZXME1VZWh3NjVXZG1BV2tWQk9mMTZPak11dEgwQkJSbTltbTJTRnNycGE2cWdnUDRidUxmVTJvV3lNLXhrZw?oc=5"" target=""_blank"">Emploi. L'ACAPARS propose 30 postes à pourvoir</a>&nbsp;&nbsp;<font color=""#6f6f6f"">actu.fr</font>","recrute ""responsable de bar"" OR ""chef de rang"" ouverture Côte d’Azur",À qualifier,False
3a7ece5bac69e48e05c0,2026-08-31T11:46:15Z,2010-06-30,06-83-MC,Région,Recrutement,Bernard Sauge quitte l’auberge du Bristol à Colmar (68) - Les Nouvelles Gastronomiques,Les Nouvelles Gastronomiques,https://news.google.com/rss/articles/CBMikwFBVV95cUxPWjcwYmpoQUtqSWhRZnhpR2lqMlQwMjgyZFk1Rm0zVTFyOFI4UzVYM3FUVS1VZ2FzbGVLQ0dXZ3lwMGRjZ3BVQnpFMjVMek9OdTVKTGNDVldjS2dBMlFodWJwT2ttZ1NFMHlwdjlkZ3gwLTBINU9vQWxPanl5R2dBWTlWZDVBaFNVWURtai01eldZejQ?oc=5,"<a href=""https://news.google.com/rss/articles/CBMikwFBVV95cUxPWjcwYmpoQUtqSWhRZnhpR2lqMlQwMjgyZFk1Rm0zVTFyOFI4UzVYM3FUVS1VZ2FzbGVLQ0dXZ3lwMGRjZ3BVQnpFMjVMek9OdTVKTGNDVldjS2dBMlFodWJwT2ttZ1NFMHlwdjlkZ3gwLTBINU9vQWxPanl5R2dBWTlWZDVBaFNVWURtai01eldZejQ?oc=5"" target=""_blank"">Bernard Sauge quitte l’auberge du Bristol à Colmar (68)</a>&nbsp;&nbsp;<font color=""#6f6f6f"">Les Nouvelles Gastronomiques</font>","recrute ""responsable de bar"" OR ""chef de rang"" ouverture Côte d’Azur",À qualifier,False
